time,ecg
0.0,0.0658079702994804
0.002777777777777778,0.06767501748865776
0.005555555555555556,0.012771711370435757
0.008333333333333333,-0.08919254131541383
0.011111111111111112,-0.046676853558985154
0.013888888888888888,-0.06056376231240411
0.016666666666666666,0.0941589553019852
0.019444444444444445,0.12040046096618352
0.022222222222222223,0.11168909727313873
0.025,0.16567576911535986
0.027777777777777776,0.16245187141969042
0.030555555555555555,0.16630345328038945
0.03333333333333333,-0.021930889506480318
0.03611111111111111,0.06669098071682757
0.03888888888888889,-0.016053384490834932
0.041666666666666664,0.18050871482725936
0.044444444444444446,0.11082589925969605
0.04722222222222222,0.0982039044313821
0.05,0.05701441783242546
0.05277777777777778,0.1075789720085002
0.05555555555555555,0.09785218249760572
0.058333333333333334,0.07729557695508384
0.06111111111111111,0.08027536823284828
0.06388888888888888,0.06313676133511464
0.06666666666666667,0.04273542661604467
0.06944444444444445,0.1731539324884605
0.07222222222222222,0.1277827789974298
0.075,0.014935399135234225
0.07777777777777778,0.11481788837472283
0.08055555555555556,0.1856819570441093
0.08333333333333333,0.13017383542696243
0.08611111111111111,0.17896031270431245
0.08888888888888889,0.15158703272885438
0.09166666666666666,-0.0007307671626489362
0.09444444444444444,-0.06406913363246186
0.09722222222222222,0.00466021843431709
0.1,0.050346742858279246
0.10277777777777777,0.18294718637520146
0.10555555555555556,0.06387378623142395
0.10833333333333334,0.11219215232388036
0.1111111111111111,0.0993809207370433
0.11388888888888889,0.0832626719060011
0.11666666666666667,0.04231884631345353
0.11944444444444445,0.02348849803880628
0.12222222222222222,0.15287724545350143
0.125,0.1508075254730649
0.12777777777777777,0.1467896880448742
0.13055555555555556,0.002443584078138397
0.13333333333333333,0.028312553502013216
0.1361111111111111,0.09991692862472237
0.1388888888888889,0.1035036828309257
0.14166666666666666,0.047180647404977794
0.14444444444444443,0.00228826888086342
0.14722222222222223,0.0396002627155171
0.15,0.04747083319409595
0.1527777777777778,-0.005820632461278369
0.15555555555555556,0.15250060583296002
0.15833333333333333,4.855777985354748e-05
0.16111111111111112,0.18810056938693154
0.1638888888888889,0.057091585260623245
0.16666666666666666,0.09125234250554123
0.16944444444444445,0.22834581678797056
0.17222222222222222,0.17332884086976186
0.175,0.07648611891569332
0.17777777777777778,0.021984242043067898
0.18055555555555555,0.12023421894355832
0.18333333333333332,0.09325661256457121
0.18611111111111112,0.15188675880992503
0.18888888888888888,0.15207858008893513
0.19166666666666668,0.10629764942553598
0.19444444444444445,0.050631980807896194
0.19722222222222222,-0.037803976421166716
0.2,0.1636220040040585
0.20277777777777778,0.10179979639740218
0.20555555555555555,0.1728526838351952
0.20833333333333334,0.0994860641980174
0.2111111111111111,0.12649986922158507
0.21388888888888888,0.12050452319625804
0.21666666666666667,0.08384235607176836
0.21944444444444444,0.10079389374799834
0.2222222222222222,0.1750918345308192
0.225,0.1453987496093152
0.22777777777777777,0.16894701319502098
0.23055555555555557,0.15005970637489072
0.23333333333333334,-0.00022798850179331365
0.2361111111111111,0.2075093465362514
0.2388888888888889,0.06011035815809645
0.24166666666666667,0.03550048674505972
0.24444444444444444,0.14870453620833832
0.24722222222222223,0.18732412702189774
0.25,0.15038022940140988
0.25277777777777777,0.06310595093197545
0.25555555555555554,0.12126110302328293
0.25833333333333336,0.05068546847144384
0.2611111111111111,0.13806776832611198
0.2638888888888889,0.20639462864334182
0.26666666666666666,0.11199437349442543
0.26944444444444443,0.15466272151204968
0.2722222222222222,0.10895346117822105
0.275,0.013028686152325317
0.2777777777777778,0.07623618052632569
0.28055555555555556,0.09135674911629602
0.2833333333333333,0.11143414641993571
0.2861111111111111,0.15952249879504474
0.28888888888888886,0.14492843967510352
0.2916666666666667,0.11441300850795241
0.29444444444444445,0.13202288803116236
0.2972222222222222,-0.018966453425503654
0.3,0.0946028336366287
0.30277777777777776,0.24156007234551774
0.3055555555555556,0.08169139350889297
0.30833333333333335,0.12309731128434263
0.3111111111111111,0.12828246160884377
0.3138888888888889,0.05415136693637135
0.31666666666666665,0.21867901478001894
0.3194444444444444,0.15185486646577315
0.32222222222222224,0.07793370213367437
0.325,0.02666834108519925
0.3277777777777778,0.17767795552904153
0.33055555555555555,0.026487644945648967
0.3333333333333333,0.06865994437791494
0.33611111111111114,0.11745189528988677
0.3388888888888889,0.11630061549799424
0.3416666666666667,0.15679548652803432
0.34444444444444444,0.2648572578424793
0.3472222222222222,0.11412119351579036
0.35,0.12888005202394404
0.3527777777777778,0.19331609962331847
0.35555555555555557,0.1479751758089353
0.35833333333333334,0.23063357567298048
0.3611111111111111,0.11667898148569908
0.3638888888888889,0.12682807431809867
0.36666666666666664,0.19407830424900163
0.36944444444444446,0.20333282166907854
0.37222222222222223,0.1329304930865034
0.375,-0.020984414154021636
0.37777777777777777,0.011702371692346225
0.38055555555555554,0.05529833140975547
0.38333333333333336,0.252403281609552
0.3861111111111111,0.07694758699892672
0.3888888888888889,0.10002123621850259
0.39166666666666666,0.04882871247339407
0.39444444444444443,0.12890262232254585
0.3972222222222222,0.13684519582920845
0.4,0.09944374773683266
0.4027777777777778,0.1827045134906519
0.40555555555555556,0.2275881768176952
0.4083333333333333,0.24931747145645622
0.4111111111111111,0.13019425406221677
0.41388888888888886,0.08208960955747824
0.4166666666666667,0.05356402606017665
0.41944444444444445,0.08995172598446297
0.4222222222222222,0.12334362521410072
0.425,0.15235676598436237
0.42777777777777776,0.16893247999965802
0.4305555555555556,0.03876880178373117
0.43333333333333335,0.1769900329764637
0.4361111111111111,0.09004047259090879
0.4388888888888889,0.13815622058149274
0.44166666666666665,0.21688537597788218
0.4444444444444444,0.15957271890652638
0.44722222222222224,0.2680271406757075
0.45,0.04062586515427352
0.4527777777777778,0.17263055815824122
0.45555555555555555,0.14314978533200226
0.4583333333333333,0.16557686086435106
0.46111111111111114,0.20279151344699342
0.4638888888888889,0.12737500929724357
0.4666666666666667,0.11937752939638782
0.46944444444444444,0.17764694794711722
0.4722222222222222,0.2079872315204374
0.475,0.05909840182123979
0.4777777777777778,0.03722048316397317
0.48055555555555557,0.17047935661218855
0.48333333333333334,0.19350013038527128
0.4861111111111111,0.2375606165693737
0.4888888888888889,0.24078342763680188
0.49166666666666664,0.16577356142187039
0.49444444444444446,0.0862417297931638
0.49722222222222223,0.15188597306770696
0.5,0.06344112839912322
0.5027777777777778,0.16464596513682633
0.5055555555555555,0.14285773651064193
0.5083333333333333,0.097132931677042
0.5111111111111111,0.17209601311769196
0.5138888888888888,0.12069976904978533
0.5166666666666667,0.1493792808907201
0.5194444444444445,0.22094418554371587
0.5222222222222223,0.23403760289703812
0.525,0.11516556187905111
0.5277777777777778,0.11738646867016035
0.5305555555555556,0.10914238737641743
0.5333333333333333,0.20471158845725693
0.5361111111111111,0.2240681987532774
0.5388888888888889,0.09882115149797313
0.5416666666666666,0.12845659500371787
0.5444444444444444,0.18699813475329968
0.5472222222222223,0.11823786091002295
0.55,0.18587649164580222
0.5527777777777778,0.18537614065178853
0.5555555555555556,0.13198287124406866
0.5583333333333333,0.27585150295856015
0.5611111111111111,0.13014323631322544
0.5638888888888889,0.2501760684173876
0.5666666666666667,0.10988525952318022
0.5694444444444444,0.23465956568815116
0.5722222222222222,0.18248173636091966
0.575,0.06979458753890125
0.5777777777777777,0.09250265255938524
0.5805555555555556,0.1513386712723206
0.5833333333333334,0.09555687006844958
0.5861111111111111,0.26366808270331415
0.5888888888888889,0.19962693040149318
0.5916666666666667,0.26166856165102054
0.5944444444444444,0.1507163825408097
0.5972222222222222,0.2335377172751058
0.6,0.2525809155578163
0.6027777777777777,0.20801605813615057
0.6055555555555555,0.2692935378737602
0.6083333333333333,0.17832096341492445
0.6111111111111112,0.15237681179798485
0.6138888888888889,0.1863132617562781
0.6166666666666667,0.0787686841415422
0.6194444444444445,0.2824374105099611
0.6222222222222222,0.19018432515279535
0.625,0.2144169248917438
0.6277777777777778,0.3148360531140993
0.6305555555555555,0.15411019958975136
0.6333333333333333,0.06645466818569083
0.6361111111111111,0.21179424887453174
0.6388888888888888,0.18310121785331235
0.6416666666666667,0.18590943205355237
0.6444444444444445,0.33551253401521797
0.6472222222222223,0.1482879586380359
0.65,0.17362617425775673
0.6527777777777778,0.03772508921011984
0.6555555555555556,0.04418743888160996
0.6583333333333333,0.05194626457145633
0.6611111111111111,0.17980496201067955
0.6638888888888889,0.2340551162342225
0.6666666666666666,0.17519644068865417
0.6694444444444444,0.2583828651231073
0.6722222222222223,0.14507169796190478
0.675,0.20010518264365093
0.6777777777777778,0.13752186961885005
0.6805555555555556,0.18096579677570676
0.6833333333333333,0.34571807281341466
0.6861111111111111,0.2560248804949654
0.6888888888888889,0.1843623883404054
0.6916666666666667,0.17899741273205427
0.6944444444444444,0.04856443115559286
0.6972222222222222,0.22645363973137816
0.7,0.19482267374155657
0.7027777777777777,0.22355748087425625
0.7055555555555556,0.2356044613832609
0.7083333333333334,0.20118849413544962
0.7111111111111111,0.15895879634563256
0.7138888888888889,0.09921681900717916
0.7166666666666667,0.18015088890221898
0.7194444444444444,0.2202931338934429
0.7222222222222222,0.3207745157735736
0.725,0.257749006876483
0.7277777777777777,0.13730415004005508
0.7305555555555555,0.2118462066468209
0.7333333333333333,0.20593694236140014
0.7361111111111112,0.2417706174022592
0.7388888888888889,0.2460656229820463
0.7416666666666667,0.07030825189575188
0.7444444444444445,0.17986864501745242
0.7472222222222222,0.34566483491353484
0.75,0.13825650611745305
0.7527777777777778,0.20150876838485446
0.7555555555555555,0.04489701884852289
0.7583333333333333,0.17116289336611953
0.7611111111111111,0.21008314416072332
0.7638888888888888,0.2892622932260709
0.7666666666666667,0.25202958796133657
0.7694444444444445,0.20188413314800402
0.7722222222222223,0.036366559163264256
0.775,0.0900638154398903
0.7777777777777778,0.15441493221634767
0.7805555555555556,0.19600952940422645
0.7833333333333333,0.21613787027895023
0.7861111111111111,0.2373043895137187
0.7888888888888889,0.2157237687121258
0.7916666666666666,0.1648254319591595
0.7944444444444444,0.25240515439017436
0.7972222222222223,0.15333404429267503
0.8,0.11727843632741328
0.8027777777777778,0.2887246858276385
0.8055555555555556,0.26220763878229403
0.8083333333333333,0.2576365993127379
0.8111111111111111,0.2252832022473671
0.8138888888888889,0.2583229712173857
0.8166666666666667,0.2661815400800327
0.8194444444444444,0.26184075576370736
0.8222222222222222,0.360120396983815
0.825,0.4254618748437472
0.8277777777777777,0.35950779078987954
0.8305555555555556,0.2970941966117143
0.8333333333333334,0.4124711112045931
0.8361111111111111,0.40288836024157854
0.8388888888888889,0.428773227428296
0.8416666666666667,0.4742160790888597
0.8444444444444444,0.47879937805701667
0.8472222222222222,0.4519321636017367
0.85,0.46696538509629454
0.8527777777777777,0.5194157069487095
0.8555555555555555,0.6023235606578985
0.8583333333333333,0.6160136709210423
0.8611111111111112,0.6664224240641099
0.8638888888888889,0.769664366910958
0.8666666666666667,0.7957334779525265
0.8694444444444445,0.7795578260742203
0.8722222222222222,0.7737723526608732
0.875,0.7227072338631705
0.8777777777777778,0.7103412550027061
0.8805555555555555,0.7664520761914304
0.8833333333333333,0.6738476521734569
0.8861111111111111,0.7862926334649921
0.8888888888888888,0.7951191496264451
0.8916666666666667,0.7540319362468075
0.8944444444444445,0.7473547387441507
0.8972222222222223,0.6304524344534777
0.9,0.637963380196708
0.9027777777777778,0.6736431052253097
0.9055555555555556,0.6613475620093849
0.9083333333333333,0.5215096192747507
0.9111111111111111,0.5115593387033464
0.9138888888888889,0.342799818344373
0.9166666666666666,0.31416605588041185
0.9194444444444444,0.3112037670915527
0.9222222222222223,0.24629404645199765
0.925,0.16948119030885755
0.9277777777777778,0.11429871735102247
0.9305555555555556,0.13338548340468093
0.9333333333333333,0.01374333468674516
0.9361111111111111,-0.01384849437781029
0.9388888888888889,-0.18172619837881582
0.9416666666666667,-0.08481565434052461
0.9444444444444444,-0.16937364447583447
0.9472222222222222,-0.132172714659945
0.95,-0.36151375582915846
0.9527777777777777,-0.3409988011119764
0.9555555555555556,-0.32803194124684465
0.9583333333333334,-0.44025660090168717
0.9611111111111111,-0.36793270574342424
0.9638888888888889,-0.28833633792089336
0.9666666666666667,-0.3029988024544238
0.9694444444444444,-0.4250802033957406
0.9722222222222222,-0.2588115743740557
0.975,-0.4299112451022691
0.9777777777777777,-0.4408153415752197
0.9805555555555555,-0.17339987399026763
0.9833333333333333,-0.30194640477082446
0.9861111111111112,-0.2792775694282421
0.9888888888888889,-0.30149753566300175
0.9916666666666667,-0.24805536022815033
0.9944444444444445,-0.385144199011433
0.9972222222222222,-0.2868602680613034
1.0,-0.060296214832920775
1.0027777777777778,-0.0937751650282101
1.0055555555555555,-0.017003525099540243
1.0083333333333333,-0.14210305978453913
1.011111111111111,-0.05761001330702801
1.0138888888888888,-0.1737020329249823
1.0166666666666666,-0.14983350314051705
1.0194444444444444,0.010047825717866603
1.0222222222222221,-0.001298847317276892
1.025,0.03741553620615219
1.0277777777777777,-0.029200971817313306
1.0305555555555554,-0.02892102431573615
1.0333333333333334,0.025994470665445336
1.0361111111111112,0.04523277695112556
1.038888888888889,-0.0030795867580167557
1.0416666666666667,0.050349701198709074
1.0444444444444445,0.17216857312913011
1.0472222222222223,0.05641291657834875
1.05,0.04035262539814264
1.0527777777777778,0.001500476544927215
1.0555555555555556,0.11346366196557386
1.0583333333333333,0.07184881799028243
1.0611111111111111,0.0616741217653579
1.0638888888888889,0.17722910124080887
1.0666666666666667,0.1517180817281264
1.0694444444444444,0.16749014947066526
1.0722222222222222,0.19397097929854185
1.075,0.0818130086416569
1.0777777777777777,0.09471399246961372
1.0805555555555555,0.04822468891632854
1.0833333333333333,-0.05894367630234926
1.086111111111111,0.12691862981950117
1.0888888888888888,-0.03435147808054095
1.0916666666666666,-0.003989360368932729
1.0944444444444446,0.11814466456806079
1.0972222222222223,-0.0034038646133003735
1.1,0.028119843449793517
1.1027777777777779,-0.0294620092015198
1.1055555555555556,0.0735419495191183
1.1083333333333334,-0.07803084841895348
1.1111111111111112,-0.006869708868613052
1.113888888888889,-0.15338397507342283
1.1166666666666667,-0.1503661517854623
1.1194444444444445,-0.08770731442138874
1.1222222222222222,-0.11171329976666854
1.125,-0.049552569067355945
1.1277777777777778,-0.0724154273772799
1.1305555555555555,-0.07628421124013454
1.1333333333333333,-0.16934040048085536
1.136111111111111,-0.2257154485290655
1.1388888888888888,-0.22855756072492472
1.1416666666666666,-0.09889874938537516
1.1444444444444444,-0.16017526284352834
1.1472222222222221,-0.16541859799512176
1.15,-0.29148482874695314
1.1527777777777777,-0.29927303535056143
1.1555555555555554,-0.08592756763354109
1.1583333333333334,-0.27375267217055427
1.1611111111111112,-0.10899750751984424
1.163888888888889,-0.09599997378965021
1.1666666666666667,-0.1443682617628322
1.1694444444444445,-0.22016127710849362
1.1722222222222223,-0.21838257045406825
1.175,-0.22366976479313333
1.1777777777777778,-0.23609429974571533
1.1805555555555556,-0.21172808251998518
1.1833333333333333,-0.13797385649961585
1.1861111111111111,-0.2342885673754614
1.1888888888888889,-0.31325718743316955
1.1916666666666667,-0.07261618772097575
1.1944444444444444,-0.24111864843127256
1.1972222222222222,-0.15079973281373782
1.2,-0.15380872285944264
1.2027777777777777,-0.13719531556334508
1.2055555555555555,-0.10585396859359747
1.2083333333333333,-0.11017950292362381
1.211111111111111,-0.11190279421440508
1.2138888888888888,-0.16784081839572532
1.2166666666666666,-0.19499146583303376
1.2194444444444446,-0.07455413092376038
1.2222222222222223,-0.003271010457671142
1.225,-0.15551459202874096
1.2277777777777779,0.015592905398173505
1.2305555555555556,-0.12153472939654597
1.2333333333333334,-0.1740286994016103
1.2361111111111112,-0.20176734274399086
1.238888888888889,-0.10690714319083847
1.2416666666666667,-0.06053984286147379
1.2444444444444445,0.18366219020348
1.2472222222222222,0.09603315608855756
1.25,-0.0029777237728166282
1.2527777777777778,-0.03736214372844923
1.2555555555555555,0.079970705490753
1.2583333333333333,-0.12852574325414354
1.261111111111111,0.022168607792828192
1.2638888888888888,0.12398230458968876
1.2666666666666666,0.23215499724777505
1.2694444444444444,-0.006209545916879569
1.2722222222222221,0.007241206755358651
1.275,0.048990839556558606
1.2777777777777777,0.22110865396185503
1.2805555555555554,0.20360009648255994
1.2833333333333334,0.132547359309265
1.2861111111111112,0.16665593696507006
1.288888888888889,0.15175508557401216
1.2916666666666667,0.025260886957278753
1.2944444444444445,0.1828856322632449
1.2972222222222223,0.09889601992387066
1.3,0.2187639241193203
1.3027777777777778,0.13391358358362188
1.3055555555555556,0.120989611569052
1.3083333333333333,0.1990969451903469
1.3111111111111111,0.11519062517661494
1.3138888888888889,0.13752885261478756
1.3166666666666667,0.23518852947411867
1.3194444444444444,0.19419246522687272
1.3222222222222222,0.32685666310351014
1.325,0.1911086109068565
1.3277777777777777,0.2014435595554801
1.3305555555555555,0.11406233580064545
1.3333333333333333,0.2706115124554117
1.336111111111111,0.11955507569586904
1.3388888888888888,0.2520213208532576
1.3416666666666666,0.17533991029941676
1.3444444444444446,0.18190443828425906
1.3472222222222223,0.20031293850820128
1.35,0.2507214930538349
1.3527777777777779,0.0840891349797224
1.3555555555555556,0.20466304422394865
1.3583333333333334,0.22893182692088868
1.3611111111111112,0.08068750383114962
1.363888888888889,0.16396490089935833
1.3666666666666667,0.22999302998598894
1.3694444444444445,0.2659788991179694
1.3722222222222222,0.05716604728957378
1.375,0.23253899921923327
1.3777777777777778,0.13928982991571717
1.3805555555555555,0.23074702444706635
1.3833333333333333,0.25106943127334636
1.386111111111111,0.15615671113684354
1.3888888888888888,0.18190083938685786
1.3916666666666666,0.31827600463330996
1.3944444444444444,0.1633693810552038
1.3972222222222221,0.17634434814112532
1.4,0.13201689704744768
1.4027777777777777,0.17172564485565445
1.4055555555555554,0.15356683055393133
1.4083333333333334,0.17370324570022816
1.4111111111111112,0.13124836616097554
1.413888888888889,0.13749233828228247
1.4166666666666667,0.13356052446586864
1.4194444444444445,0.09310796521783408
1.4222222222222223,0.24661041552287125
1.425,0.15065230649776923
1.4277777777777778,0.1816661369476307
1.4305555555555556,0.1993612098523821
1.4333333333333333,0.1469084556426749
1.4361111111111111,0.10791189990653227
1.4388888888888889,0.29989731555987886
1.4416666666666667,0.14140248883640358
1.4444444444444444,0.31154317363282663
1.4472222222222222,0.2534931269328798
1.45,0.22686262157996076
1.4527777777777777,0.1943250442758791
1.4555555555555555,0.09277881215952158
1.4583333333333333,0.22151777692711908
1.461111111111111,0.281544296731316
1.4638888888888888,0.20930177878856865
1.4666666666666666,0.24906851738319724
1.4694444444444446,0.1247689569804637
1.4722222222222223,0.2152193867013919
1.475,0.11288174085335209
1.4777777777777779,0.08608422761521212
1.4805555555555556,0.15235119680483256
1.4833333333333334,0.12233104300170781
1.4861111111111112,0.11834157485271316
1.488888888888889,0.2958154158036919
1.4916666666666667,0.08784355463588832
1.4944444444444445,0.2731544309164932
1.4972222222222222,-0.006840164854127084
1.5,0.21869928189879756
1.5027777777777778,0.13669800107937347
1.5055555555555555,0.27315430456141654
1.5083333333333333,0.1346720188677926
1.511111111111111,0.0010499626345535085
1.5138888888888888,0.09802960380864317
1.5166666666666666,0.1637541904940903
1.5194444444444444,0.08310273405650605
1.5222222222222221,0.12817354513506432
1.525,0.21292859009220017
1.5277777777777777,0.17665095567773917
1.5305555555555554,0.1888953805046899
1.5333333333333334,0.1906992094276207
1.5361111111111112,0.11401299843834602
1.538888888888889,0.12645003072323588
1.5416666666666667,0.28834947068166783
1.5444444444444445,0.12338017411318966
1.5472222222222223,0.13203631328594478
1.55,0.18027138523536657
1.5527777777777778,0.15150738529756644
1.5555555555555556,0.10628876435475029
1.5583333333333333,0.11498074882378893
1.5611111111111111,0.21683380635519228
1.5638888888888889,0.2663697816769726
1.5666666666666667,0.1569255534525362
1.5694444444444444,0.10894623617299304
1.5722222222222222,0.2701608349825252
1.575,0.051235032476003944
1.5777777777777777,0.09192770571470768
1.5805555555555555,0.023067914327894345
1.5833333333333333,0.27011555437649576
1.586111111111111,0.12758342830502553
1.5888888888888888,0.18695456316947348
1.5916666666666666,0.1432784905303808
1.5944444444444446,0.1411743892210027
1.5972222222222223,0.11682563630677344
1.6,0.13700014995597298
1.6027777777777779,0.22512471966075423
1.6055555555555556,0.24232282019436172
1.6083333333333334,0.17865890041007043
1.6111111111111112,0.1093253708236391
1.613888888888889,0.12264447972060043
1.6166666666666667,0.10016975382617196
1.6194444444444445,0.1599198595212136
1.6222222222222222,0.1082842794385962
1.625,0.12823103463908736
1.6277777777777778,0.21923794449577594
1.6305555555555555,0.18051977258420399
1.6333333333333333,0.09709847036442595
1.636111111111111,0.08372003655337906
1.6388888888888888,0.09636418958347631
1.6416666666666666,0.18920563864144008
1.6444444444444444,0.1619291219056595
1.6472222222222221,0.10704084757393578
1.65,0.009783519127539747
1.6527777777777777,0.17596023643295233
1.6555555555555554,0.0978672167792159
1.6583333333333334,0.15341233113125358
1.6611111111111112,0.14870632920787905
1.663888888888889,0.10316717044795415
1.6666666666666667,0.19172750067571445
1.6694444444444445,0.17677740337837636
1.6722222222222223,0.1858643198957708
1.675,0.09800850943589015
1.6777777777777778,0.06849653957761359
1.6805555555555556,0.03673832399326375
1.6833333333333333,0.10799698482851838
1.6861111111111111,0.16278330510817282
1.6888888888888889,0.21099709150550733
1.6916666666666667,0.18818275768952233
1.6944444444444444,0.02312695433603025
1.6972222222222222,0.16169756742148556
1.7,0.009466475800393781
1.7027777777777777,0.2896288569666502
1.7055555555555555,0.264753164649569
1.7083333333333333,0.22691710448448207
1.711111111111111,0.17088063407983942
1.7138888888888888,0.02360418325599005
1.7166666666666666,0.17664276367523957
1.7194444444444446,0.1394934275297873
1.7222222222222223,0.15761963467011264
1.725,0.11725227129871378
1.7277777777777779,0.0670304655883939
1.7305555555555556,0.10031335494052629
1.7333333333333334,0.23570546287754013
1.7361111111111112,0.14523028486065484
1.738888888888889,0.051861533649295355
1.7416666666666667,0.13498130171944756
1.7444444444444445,0.18752623947724545
1.7472222222222222,0.2506493314079322
1.75,0.22362966185169134
1.7527777777777778,0.1405547998135501
1.7555555555555555,0.15118024879124747
1.7583333333333333,0.09234730622486001
1.761111111111111,0.1101959905041021
1.7638888888888888,0.12829556069162637
1.7666666666666666,0.1744405645811576
1.7694444444444444,0.1941583005647265
1.7722222222222221,0.082334350037475
1.775,0.14448827857136542
1.7777777777777777,0.03614672974176561
1.7805555555555554,0.1474437661716785
1.7833333333333334,0.14804101725184896
1.7861111111111112,0.12091266375852969
1.788888888888889,0.15079578998843843
1.7916666666666667,0.05958324073700365
1.7944444444444445,0.11785328948470744
1.7972222222222223,0.11667903213848875
1.8,0.1374468413918386
1.8027777777777778,0.08617830140580875
1.8055555555555556,0.129807488265555
1.8083333333333333,0.2168264664183144
1.8111111111111111,0.1117070042810455
1.8138888888888889,0.23978485732501215
1.8166666666666667,0.14518633767268194
1.8194444444444444,0.35344594422454734
1.8222222222222222,0.1202111989681806
1.825,0.19392043906645762
1.8277777777777777,0.25739116848844457
1.8305555555555555,0.19869056067421567
1.8333333333333333,0.22027171094581266
1.836111111111111,0.2337379686258676
1.8388888888888888,0.2635396584902965
1.8416666666666666,0.28451746326622496
1.8444444444444446,0.2681227942915257
1.8472222222222223,0.3270221851233789
1.85,0.19463429017086578
1.8527777777777779,0.12429211064545061
1.8555555555555556,0.1673906666699857
1.8583333333333334,0.0893545676383813
1.8611111111111112,0.2297271563460347
1.863888888888889,0.15096017453281307
1.8666666666666667,0.06304000801841941
1.8694444444444445,0.12065728413779438
1.8722222222222222,0.04710759436349929
1.875,0.10536403022352761
1.8777777777777778,0.14621802894984176
1.8805555555555555,0.12387086243265502
1.8833333333333333,0.15542001223986016
1.886111111111111,0.1818783046616707
1.8888888888888888,0.034186365860836065
1.8916666666666666,0.1499802626937791
1.8944444444444444,-0.022122984356951217
1.8972222222222221,0.0008315432014971702
1.9,0.19275207612815057
1.9027777777777777,0.04940165930954589
1.9055555555555554,0.17666637278289424
1.9083333333333334,0.09631969456483494
1.9111111111111112,0.14300976155688427
1.913888888888889,-0.04202965271417877
1.9166666666666667,0.08334884679546065
1.9194444444444445,0.07438225779213296
1.9222222222222223,0.0334240793702659
1.925,0.0988303322778801
1.9277777777777778,0.2524157056628349
1.9305555555555556,0.24707312980264573
1.9333333333333333,-0.005613617543661825
1.9361111111111111,0.0055643206028327535
1.9388888888888889,0.16841596101405293
1.9416666666666667,-0.027768194748047953
1.9444444444444444,0.08505672873504068
1.9472222222222222,0.1342249391377481
1.95,0.026029469772462066
1.9527777777777777,0.04281523721817865
1.9555555555555555,0.08362889885998358
1.9583333333333333,-0.010251988466102951
1.961111111111111,0.16921084408478185
1.9638888888888888,0.17082470761253693
1.9666666666666666,0.14238106178028992
1.9694444444444446,0.03184519658278606
1.9722222222222223,0.04631352532046577
1.975,0.049798618020668144
1.9777777777777779,0.0846517909760754
1.9805555555555556,0.1650460427917813
1.9833333333333334,0.11210587955904724
1.9861111111111112,0.20601720787008534
1.988888888888889,0.21499836995163427
1.9916666666666667,0.2951962445013028
1.9944444444444445,0.29463925267781627
1.9972222222222222,0.3586083228189318
2.0,0.45782026703448864
2.0027777777777778,0.6682908663356335
2.0055555555555555,0.796828441545834
2.0083333333333333,1.0685411275505703
2.011111111111111,1.0799474374079434
2.013888888888889,1.1861815076371622
2.0166666666666666,1.1260969528175997
2.0194444444444444,1.157394879204301
2.022222222222222,1.150203429969712
2.025,1.0016525593537644
2.0277777777777777,0.8116882289553865
2.0305555555555554,0.5312636854902977
2.033333333333333,0.4833652362159653
2.036111111111111,0.33656527777124345
2.0388888888888888,0.3428511637309019
2.0416666666666665,0.24147556534748024
2.0444444444444443,0.1345783694097866
2.047222222222222,0.1687703418141126
2.05,0.015633422119295987
2.0527777777777776,-0.09925488149002806
2.0555555555555554,-0.21684261077525785
2.058333333333333,-0.16533559133788803
2.061111111111111,-0.09149690850736072
2.063888888888889,-0.16295683623898474
2.066666666666667,-0.13089670397022307
2.0694444444444446,-0.12083180939502805
2.0722222222222224,-0.18005189952036124
2.075,-0.28403587252353674
2.077777777777778,-0.09672651175765584
2.0805555555555557,-0.06364736745314688
2.0833333333333335,-0.0256709674572142
2.0861111111111112,0.016606776987997743
2.088888888888889,0.08484029495670889
2.091666666666667,-0.06121399195677897
2.0944444444444446,0.013204043331641411
2.0972222222222223,0.06977923521567682
2.1,0.10399529363156106
2.102777777777778,0.09033624771455732
2.1055555555555556,0.1604060032148885
2.1083333333333334,-0.07476904984317417
2.111111111111111,0.04889158993390023
2.113888888888889,0.08478234082669091
2.1166666666666667,0.034744319676394256
2.1194444444444445,0.09014716148800064
2.1222222222222222,0.07737393284103085
2.125,0.10097651749124786
2.1277777777777778,0.1517804840342802
2.1305555555555555,0.0935828638841002
2.1333333333333333,0.08858218032084744
2.136111111111111,0.029696881016947837
2.138888888888889,0.15316222117782763
2.1416666666666666,0.08462935635848096
2.1444444444444444,0.08050363005998391
2.147222222222222,0.1868102288941384
2.15,0.06389553807890475
2.1527777777777777,0.034160293641233505
2.1555555555555554,-0.13326504946377066
2.158333333333333,0.11572050748422155
2.161111111111111,0.16695264441011665
2.1638888888888888,0.13670992866054135
2.1666666666666665,0.21025410453996426
2.1694444444444443,0.11323352526269345
2.172222222222222,0.20683688004846223
2.175,0.02520152681631986
2.1777777777777776,0.0468274765414313
2.1805555555555554,0.08235449608863255
2.183333333333333,0.14004652304349713
2.186111111111111,0.11581473411832606
2.188888888888889,0.15945613196150965
2.191666666666667,0.11017407278253474
2.1944444444444446,-0.0009715638554153999
2.1972222222222224,0.047950161947502096
2.2,0.05125827422724486
2.202777777777778,0.1805208979611003
2.2055555555555557,0.11885205210687624
2.2083333333333335,0.2019514365900324
2.2111111111111112,0.06993131707555716
2.213888888888889,0.0395154396745189
2.216666666666667,0.09390282893101992
2.2194444444444446,-0.010698314384340712
2.2222222222222223,0.2491154901062127
2.225,0.18038138291202435
2.227777777777778,0.21301007995575894
2.2305555555555556,0.1333264626027807
2.2333333333333334,0.06695046461202706
2.236111111111111,0.07407181193849724
2.238888888888889,0.17097152601290078
2.2416666666666667,0.23877740639893985
2.2444444444444445,0.3301783623770115
2.2472222222222222,0.2792921840078687
2.25,0.3111776051113877
2.2527777777777778,0.295284328403153
2.2555555555555555,0.23500385140818192
2.2583333333333333,0.1650729189507912
2.261111111111111,0.1887194293158814
2.263888888888889,0.2275564954369208
2.2666666666666666,0.31621167304342856
2.2694444444444444,0.30681735204686944
2.272222222222222,0.3570196962056476
2.275,0.19039944570269068
2.2777777777777777,0.20762537278567897
2.2805555555555554,0.3297611783500013
2.283333333333333,0.3326182696710187
2.286111111111111,0.27086758326160015
2.2888888888888888,0.4116766691391741
2.2916666666666665,0.3058784261125078
2.2944444444444443,0.36353564747547984
2.297222222222222,0.28876459872223026
2.3,0.2989088657889535
2.3027777777777776,0.2757530534331866
2.3055555555555554,0.4195065100447816
2.308333333333333,0.35645008674559897
2.311111111111111,0.2518065683338237
2.313888888888889,0.2357066458892236
2.316666666666667,0.29429824387069137
2.3194444444444446,0.35598428480295735
2.3222222222222224,0.34076755711718254
2.325,0.22808555718
2.327777777777778,0.22623624105800508
2.3305555555555557,0.24766504461289773
2.3333333333333335,0.24420347969391396
2.3361111111111112,0.16797955405846682
2.338888888888889,0.2773854272944387
2.341666666666667,0.19641652358722617
2.3444444444444446,0.18527173587534046
2.3472222222222223,0.1897348687642515
2.35,0.20039689181660128
2.352777777777778,0.01939346721451264
2.3555555555555556,0.2091935193699185
2.3583333333333334,0.16968709626999962
2.361111111111111,0.11557462407862423
2.363888888888889,0.13017324127359944
2.3666666666666667,0.1737299880842586
2.3694444444444445,0.13918640442076058
2.3722222222222222,0.0711733112548276
2.375,0.09707051707555694
2.3777777777777778,0.12575454628856
2.3805555555555555,0.04219847127072568
2.3833333333333333,0.05795525629219541
2.386111111111111,0.19857119287714933
2.388888888888889,0.1196417547173689
2.3916666666666666,0.06669180030433841
2.3944444444444444,0.17882161687638853
2.397222222222222,-0.04351976109254399
2.4,0.13535922796053068
2.4027777777777777,0.0885542938571428
2.4055555555555554,0.12136979391935057
2.408333333333333,0.13187137576741723
2.411111111111111,0.09906106154107078
2.4138888888888888,0.06713013703042489
2.4166666666666665,-0.01867150379746979
2.4194444444444443,0.036864528551533354
2.422222222222222,-0.01220359677563053
2.425,0.0771838458552771
2.4277777777777776,-0.004327565241083603
2.4305555555555554,0.11293368941715994
2.433333333333333,0.03213562230656701
2.436111111111111,0.07985425879539781
2.438888888888889,0.04653345617703895
2.441666666666667,-0.008706409432386264
2.4444444444444446,0.06015107182156857
2.4472222222222224,0.09907600719617832
2.45,0.11844002410239857
2.452777777777778,-0.0073178413556135875
2.4555555555555557,-0.0596425977033061
2.4583333333333335,-0.06507466643609558
2.4611111111111112,-0.0005406605276800126
2.463888888888889,-0.037483892404929116
2.466666666666667,0.03992500889446661
2.4694444444444446,0.11094527342581764
2.4722222222222223,-0.08317567019583566
2.475,0.006394115411065923
2.477777777777778,0.03088551956011868
2.4805555555555556,-0.06865586199060782
2.4833333333333334,-0.004769598933320761
2.486111111111111,0.030541903084948144
2.488888888888889,0.047417180224604324
2.4916666666666667,-0.09200902810380614
2.4944444444444445,0.06082852213351534
2.4972222222222222,0.06846681100561892
2.5,-0.034251105357786346
2.5027777777777778,0.11640026115739655
2.5055555555555555,0.17434894783120058
2.5083333333333333,0.07692090945441672
2.511111111111111,0.13786921096691174
2.513888888888889,-0.0025594971726787246
2.5166666666666666,-0.038346824413078184
2.5194444444444444,0.03291752780553251
2.522222222222222,0.05367367124416218
2.525,-0.1361624052826992
2.5277777777777777,0.07092554751658074
2.5305555555555554,0.061368722654877396
2.533333333333333,0.08793550591369695
2.536111111111111,0.05957062685050357
2.5388888888888888,0.07057950071429663
2.5416666666666665,0.1637221105422641
2.5444444444444443,0.10415026840829106
2.547222222222222,-0.09581488060596788
2.55,-0.015583778007286208
2.5527777777777776,0.13757010696082198
2.5555555555555554,0.0005134725169675114
2.558333333333333,0.0014977795799151325
2.561111111111111,-0.0054984572565300455
2.563888888888889,0.11995605936826334
2.566666666666667,0.026285362735679996
2.5694444444444446,-0.0052267127894492435
2.5722222222222224,-0.01842611416919025
2.575,0.03588670631895914
2.577777777777778,0.0010100731563429145
2.5805555555555557,0.016246481179536032
2.5833333333333335,0.12104234550881746
2.5861111111111112,0.16782273285517116
2.588888888888889,0.17955938399321447
2.591666666666667,-0.016127703159630774
2.5944444444444446,0.2198877654356208
2.5972222222222223,0.19914073975449165
2.6,0.476632255579286
2.602777777777778,0.5120787597404192
2.6055555555555556,0.667743562517051
2.6083333333333334,0.8036655607693319
2.611111111111111,0.9817430456679553
2.613888888888889,0.9311076806564894
2.6166666666666667,1.0941900068563097
2.6194444444444445,0.9201279936257453
2.6222222222222222,0.8290652922872457
2.625,0.875779512250406
2.6277777777777778,0.6045308282584134
2.6305555555555555,0.4909515835382965
2.6333333333333333,0.3948184577214072
2.636111111111111,0.28553181624627394
2.638888888888889,0.1878841452313955
2.6416666666666666,0.10364025663543677
2.6444444444444444,0.07020539061762224
2.647222222222222,0.10585457117200998
2.65,-0.10087528967263168
2.6527777777777777,-0.12376720280253362
2.6555555555555554,-0.18379201739012707
2.658333333333333,-0.18815782217354338
2.661111111111111,-0.11904067162325524
2.6638888888888888,-0.15887417478733143
2.6666666666666665,-0.26820361081346306
2.6694444444444443,-0.17746796227928707
2.672222222222222,-0.21666803345122285
2.675,-0.2852777764728659
2.6777777777777776,-0.26360033629354107
2.6805555555555554,-0.0702823352413322
2.683333333333333,-0.08753400199280692
2.686111111111111,-0.0808378663566112
2.688888888888889,0.03961501039786446
2.691666666666667,-0.04849345057068674
2.6944444444444446,0.01899851482665623
2.6972222222222224,0.04288038649299358
2.7,-0.02616708476781465
2.702777777777778,0.03391070890605083
2.7055555555555557,0.03605756122548704
2.7083333333333335,0.02612085830727809
2.7111111111111112,-0.07570944814940342
2.713888888888889,-0.1168522048136713
2.716666666666667,-0.07107731305524348
2.7194444444444446,0.03924615315481822
2.7222222222222223,-0.011789975101808015
2.725,0.031170749660648846
2.727777777777778,0.06637812321028988
2.7305555555555556,-0.027705568880752613
2.7333333333333334,-0.05012079502101044
2.736111111111111,0.07205158612365167
2.738888888888889,0.02405082649149895
2.7416666666666667,0.020275291263086626
2.7444444444444445,-0.026787582494002954
2.7472222222222222,-0.06874051222686359
2.75,0.15437054507621095
2.7527777777777778,-0.04486096457108771
2.7555555555555555,-0.06857599868247993
2.7583333333333333,-0.012483069977005844
2.761111111111111,0.05979545192073711
2.763888888888889,0.15317146212129076
2.7666666666666666,0.052058740735137304
2.7694444444444444,0.16577539906343114
2.772222222222222,0.019559224048535766
2.775,-0.051868623908846986
2.7777777777777777,0.09165233519400934
2.7805555555555554,0.0518463070285444
2.783333333333333,0.029137775844226554
2.786111111111111,0.04176606450390541
2.7888888888888888,0.004710446680296361
2.7916666666666665,0.07208639267744887
2.7944444444444443,0.029902072626613506
2.797222222222222,0.0645095709077475
2.8,0.002192602227002141
2.8027777777777776,0.052639781343667105
2.8055555555555554,0.04718894585298844
2.808333333333333,0.11636544297683962
2.811111111111111,0.062351113214426074
2.813888888888889,-0.13321580608693856
2.816666666666667,-0.011095768852907122
2.8194444444444446,0.07303173882254657
2.8222222222222224,0.14852333387397676
2.825,0.13311304036275176
2.827777777777778,0.14861967162454595
2.8305555555555557,0.08046074060131041
2.8333333333333335,0.04701367650124331
2.8361111111111112,-0.03794394365598186
2.838888888888889,0.020301101799970037
2.841666666666667,0.12804313753456542
2.8444444444444446,0.1281767284604633
2.8472222222222223,0.13474014804208423
2.85,0.12980538033250533
2.852777777777778,0.11234657686780188
2.8555555555555556,0.17452628902304584
2.8583333333333334,0.09743721872950871
2.861111111111111,0.19036909301033325
2.863888888888889,0.18748945300564784
2.8666666666666667,0.332149193077945
2.8694444444444445,0.23422977959398392
2.8722222222222222,0.2769381035394767
2.875,0.17959256563247994
2.8777777777777778,0.17985081232364153
2.8805555555555555,0.29704520077084806
2.8833333333333333,0.2587790843834709
2.886111111111111,0.25964871283435814
2.888888888888889,0.33335114807853766
2.8916666666666666,0.2523338897794986
2.8944444444444444,0.20129449735033966
2.897222222222222,0.2147689676757585
2.9,0.24082777702789496
2.9027777777777777,0.24194233299471046
2.9055555555555554,0.18588742635187974
2.908333333333333,0.39127481292074423
2.911111111111111,0.22098529402105827
2.9138888888888888,0.21550198542579535
2.9166666666666665,0.13157744903127905
2.9194444444444443,0.29747544868728154
2.922222222222222,0.13313472950025024
2.925,0.17019127684094854
2.9277777777777776,0.1967107276434052
2.9305555555555554,0.2408911275680679
2.933333333333333,0.15634241789389394
2.936111111111111,0.15822566337944935
2.938888888888889,0.13706254923863964
2.941666666666667,0.2346167643402075
2.9444444444444446,0.2293958559395634
2.9472222222222224,0.11313067912394337
2.95,0.043634041478823576
2.952777777777778,0.0751037027242392
2.9555555555555557,0.11537093897507898
2.9583333333333335,0.056421898059670614
2.9611111111111112,0.20679924031176553
2.963888888888889,0.07439459271646624
2.966666666666667,0.16419436450331748
2.9694444444444446,0.06761139702658532
2.9722222222222223,0.05800116056292905
2.975,0.09721771677257637
2.977777777777778,0.0900951355252727
2.9805555555555556,0.034854835490998104
2.9833333333333334,0.22244105119060092
2.986111111111111,0.01177756474515701
2.988888888888889,0.11985392152033245
2.9916666666666667,-0.0725386371435923
2.9944444444444445,-0.0558860551801283
2.9972222222222222,-0.11349046599202997
3.0,-0.002253195734732455
3.0027777777777778,0.125412309619303
3.0055555555555555,0.04606281827467336
3.0083333333333333,0.07862337938890793
3.011111111111111,0.02173135996496409
3.013888888888889,0.005108810595915857
3.0166666666666666,-0.02314431995957787
3.0194444444444444,0.07780349401441314
3.022222222222222,0.04177195594834278
3.025,0.10481855886559863
3.0277777777777777,-0.05103131905184963
3.0305555555555554,0.03772657793622802
3.033333333333333,-0.054545744391403986
3.036111111111111,0.0002868829563912479
3.0388888888888888,0.073403973520908
3.0416666666666665,0.07908311621697428
3.0444444444444443,0.14637342876401913
3.047222222222222,0.08500731464840287
3.05,0.07935592272904882
3.0527777777777776,-0.012929451939560346
3.0555555555555554,-0.05936141570342148
3.058333333333333,0.07507796567354472
3.061111111111111,0.042924944399824874
3.063888888888889,0.19640261808662185
3.066666666666667,0.17736176889942468
3.0694444444444446,0.0747242787587522
3.0722222222222224,0.04644691065713151
3.075,-0.10950550724042096
3.077777777777778,-0.04999378849637215
3.0805555555555557,-0.01795815248165395
3.0833333333333335,0.18277677151343535
3.0861111111111112,0.14187597390098086
3.088888888888889,-0.006515958460925307
3.091666666666667,0.03814559728725835
3.0944444444444446,0.010342454878816486
3.0972222222222223,-0.07331596968777411
3.1,0.062413808118901244
3.102777777777778,0.06192044422412503
3.1055555555555556,0.07011810894339983
3.1083333333333334,-0.05721896997896214
3.111111111111111,-0.009751687043280942
3.113888888888889,0.008073035721041448
3.1166666666666667,0.0027061845672006167
3.1194444444444445,0.056299602985949555
3.1222222222222222,0.016025404016238455
3.125,0.050806454991464724
3.1277777777777778,0.05952573118587295
3.1305555555555555,0.09129024056404372
3.1333333333333333,-0.017859052320483182
3.136111111111111,-0.08048602902670449
3.138888888888889,-0.04155695243325012
3.1416666666666666,-0.021941537026844732
3.1444444444444444,0.05106493679283034
3.147222222222222,0.17209957754512786
3.15,0.019263063775725387
3.1527777777777777,0.06510898171842053
3.1555555555555554,-0.025637116810626012
3.158333333333333,-0.03576180942131768
3.161111111111111,-0.030556226955291095
3.1638888888888888,-0.07166030193226242
3.1666666666666665,-0.05392173564107314
3.1694444444444443,-0.013463583733854156
3.172222222222222,0.015698450301344424
3.175,0.09520163952876515
3.1777777777777776,0.022748942771075847
3.1805555555555554,0.014688240584684382
3.183333333333333,0.0026941695319275955
3.186111111111111,0.04582583452106842
3.188888888888889,-0.04190099639311812
3.191666666666667,-0.046983257265698304
3.1944444444444446,0.03589022046966967
3.1972222222222224,-0.007270375765160868
3.2,0.008131656304460968
3.202777777777778,0.02114279969797202
3.2055555555555557,0.08203593687573323
3.2083333333333335,0.020882257513532294
3.2111111111111112,0.025715889051849385
3.213888888888889,0.02708798618961374
3.216666666666667,-0.07828518873181162
3.2194444444444446,-0.029674340911440777
3.2222222222222223,0.10004039294357917
3.225,0.07725904661051372
3.227777777777778,0.07620110237548906
3.2305555555555556,0.07135344068463761
3.2333333333333334,0.03888620603629689
3.236111111111111,-0.0796003683376431
3.238888888888889,-0.018354797449491297
3.2416666666666667,0.1395500580035416
3.2444444444444445,0.0813616781290769
3.2472222222222222,0.04337766179345226
3.25,-0.005838516737625463
3.2527777777777778,-0.11232284700203927
3.2555555555555555,0.035556812456591855
3.2583333333333333,-0.020216204058597788
3.261111111111111,0.05360150153823029
3.263888888888889,0.041604867146191826
3.2666666666666666,0.08384147850621158
3.2694444444444444,0.0012415359425749818
3.272222222222222,0.04521001264429732
3.275,0.021221787439152116
3.2777777777777777,0.046896871420409755
3.2805555555555554,0.09280266466205347
3.283333333333333,0.09541563690241839
3.286111111111111,0.010856835633692344
3.2888888888888888,0.12613231644282968
3.2916666666666665,-0.000750889008806422
3.2944444444444443,0.08307176256791324
3.297222222222222,0.0390445774000473
3.3,0.15085106279822255
3.3027777777777776,-0.009829742588992163
3.3055555555555554,0.04342877753393125
3.308333333333333,0.15543591384346614
3.311111111111111,-0.03517396194670884
3.313888888888889,-0.049329710698817766
3.316666666666667,-0.013570163975180119
3.3194444444444446,0.037012208978251415
3.3222222222222224,0.04102477264269148
3.325,0.1091583413086325
3.327777777777778,0.15946986013094006
3.3305555555555557,0.01847556160665574
3.3333333333333335,-0.07772211602389122
3.3361111111111112,-0.0021792544258110954
3.338888888888889,-0.02399110695115016
3.341666666666667,0.23992793262293557
3.3444444444444446,0.0693683439352451
3.3472222222222223,0.12398283132788844
3.35,0.035499574958730344
3.352777777777778,0.091662952981693
3.3555555555555556,-0.02798285111060962
3.3583333333333334,-0.10968632120364617
3.361111111111111,0.15559452275198835
3.363888888888889,0.1848819752062125
3.3666666666666667,-0.0076983328307941995
3.3694444444444445,0.14676325547835944
3.3722222222222222,-0.020526341248422467
3.375,0.04314399442364231
3.3777777777777778,0.0628322466713821
3.3805555555555555,0.10692940025789521
3.3833333333333333,0.21548376026137805
3.386111111111111,0.14696376700083685
3.388888888888889,0.19511926515199696
3.3916666666666666,0.13907326248424556
3.3944444444444444,0.21336584061484343
3.397222222222222,0.0963148497092863
3.4,0.12691856709587693
3.4027777777777777,0.1880248309914781
3.4055555555555554,0.03889866945284322
3.408333333333333,0.24656511449140855
3.411111111111111,0.1668778641366021
3.4138888888888888,-0.02690154179630129
3.4166666666666665,0.08508665276692196
3.4194444444444443,0.0437997647252767
3.422222222222222,0.15694377834113638
3.425,0.1428444145055214
3.4277777777777776,0.173201657541959
3.4305555555555554,0.007914124514187937
3.433333333333333,-0.025993051713196044
3.436111111111111,-0.024354686738444525
3.438888888888889,0.04579028377195227
3.441666666666667,0.04357539620874801
3.4444444444444446,-0.030101980141674145
3.4472222222222224,0.04656201471976658
3.45,-0.015098602004792419
3.452777777777778,0.0008665828971770421
3.4555555555555557,-0.03596379403802325
3.4583333333333335,0.05823474218982144
3.4611111111111112,-0.06107465875220083
3.463888888888889,0.09578223838385994
3.466666666666667,0.15260259169366452
3.4694444444444446,0.020284666268143084
3.4722222222222223,0.08199920185342069
3.475,0.0420796205805387
3.477777777777778,-0.037555519398992585
3.4805555555555556,0.12941405313932605
3.4833333333333334,0.209403200102922
3.486111111111111,-0.0380458967201394
3.488888888888889,-0.01977801916700793
3.4916666666666667,0.011607112566607422
3.4944444444444445,0.08568616799502216
3.4972222222222222,-0.07078442033928109
3.5,-0.012280354562261397
3.5027777777777778,0.06963282085788064
3.5055555555555555,0.012004882496733177
3.5083333333333333,0.1004210328584864
3.511111111111111,0.0022706251534101544
3.513888888888889,-0.04932787081742082
3.5166666666666666,-0.15550679565956016
3.5194444444444444,0.06117489362095804
3.522222222222222,0.007122664097380507
3.525,0.055063586938677626
3.5277777777777777,0.052437166167390414
3.5305555555555554,-0.038087629137831584
3.533333333333333,0.03343101248275113
3.536111111111111,-0.036113148934150935
3.5388888888888888,0.1166894626113727
3.5416666666666665,0.2093801915666289
3.5444444444444443,0.09199881018951955
3.547222222222222,0.18228498103888824
3.55,0.1525501982228035
3.5527777777777776,0.17227062415158176
3.5555555555555554,0.2865198144761812
3.558333333333333,0.4855705655869484
3.561111111111111,0.6460074051017775
3.563888888888889,0.7215662869554711
3.566666666666667,0.9039957427517115
3.5694444444444446,1.0889623916454056
3.5722222222222224,1.143920716116472
3.575,1.0546742020511746
3.577777777777778,1.1246966145305854
3.5805555555555557,1.067778852443568
3.5833333333333335,0.8560731764667993
3.5861111111111112,0.7121611637832278
3.588888888888889,0.6650979328713831
3.591666666666667,0.44872989904172755
3.5944444444444446,0.25506197980466966
3.5972222222222223,0.2878062613857112
3.6,0.09074671594841055
3.602777777777778,0.05349945427814244
3.6055555555555556,0.07591457657246284
3.6083333333333334,0.027285317864705165
3.611111111111111,-0.18459770575783324
3.613888888888889,-0.2101791634918433
3.6166666666666667,-0.06791192518271166
3.6194444444444445,-0.3496845546325299
3.6222222222222222,-0.24632333264365652
3.625,-0.19943075562813833
3.6277777777777778,-0.19014462562557966
3.6305555555555555,-0.1909467489682406
3.6333333333333333,-0.2896047166478027
3.636111111111111,-0.12524774402849537
3.638888888888889,-0.17950952421010932
3.6416666666666666,0.001685044092651286
3.6444444444444444,-0.019571982326539533
3.647222222222222,-0.009277604505430994
3.65,-0.0037914131434161674
3.6527777777777777,-0.044694048263985195
3.6555555555555554,-0.0402794199880599
3.658333333333333,0.04312199339610448
3.661111111111111,-0.08175643325210956
3.6638888888888888,0.06994830279515157
3.6666666666666665,0.03158703946097746
3.6694444444444443,-0.003507648064570275
3.672222222222222,-0.008109149671112838
3.675,-0.03652373709539751
3.6777777777777776,-0.0654477002067919
3.6805555555555554,-0.10370509451828092
3.683333333333333,0.05939872482412883
3.686111111111111,0.048758851081751556
3.688888888888889,0.037481699904696714
3.691666666666667,0.028395425100719827
3.6944444444444446,0.07483276425930657
3.6972222222222224,0.06056121832683551
3.7,-0.012529183597177872
3.702777777777778,0.00038603837307734507
3.7055555555555557,0.02329049579012602
3.7083333333333335,0.005906761319669898
3.7111111111111112,-0.012102879492660153
3.713888888888889,0.05227826928087901
3.716666666666667,0.0233893292406082
3.7194444444444446,-0.06302786102364552
3.7222222222222223,0.10108520751795788
3.725,0.10969688227080082
3.727777777777778,0.08745748647016763
3.7305555555555556,0.06302657418657885
3.7333333333333334,-0.03312958549407917
3.736111111111111,0.1260011483135401
3.738888888888889,-0.019525926909702524
3.7416666666666667,0.09035302370839537
3.7444444444444445,0.08559634709448172
3.7472222222222222,0.12237358319124417
3.75,0.07753474265560491
3.7527777777777778,0.0004917562981240249
3.7555555555555555,0.05684551287593005
3.7583333333333333,0.05892395123370092
3.761111111111111,0.06873006211309544
3.763888888888889,0.015489291669916805
3.7666666666666666,-0.0011485320062950138
3.7694444444444444,-0.03346883321821702
3.772222222222222,0.031310500820919865
3.775,0.012672183212746935
3.7777777777777777,0.030533105529376048
3.7805555555555554,-0.010417803297056313
3.783333333333333,0.034005764024958834
3.786111111111111,0.0006738960455814069
3.7888888888888888,0.09242408376480964
3.7916666666666665,0.17347585058475384
3.7944444444444443,0.062130636559755426
3.797222222222222,0.06295919147514764
3.8,0.09714276366131658
3.8027777777777776,0.20168223829246026
3.8055555555555554,0.17819580102492388
3.808333333333333,0.16552773568507564
3.811111111111111,0.2901034606904992
3.813888888888889,0.18078359131285077
3.816666666666667,0.19192395714232377
3.8194444444444446,0.11817805097012894
3.8222222222222224,0.2745021206908135
3.825,0.3559596173050633
3.827777777777778,0.2769768635592966
3.8305555555555557,0.1440504231605032
3.8333333333333335,0.18595658188629405
3.8361111111111112,0.24505754727985182
3.838888888888889,0.2842407956853075
3.841666666666667,0.2704648400884348
3.8444444444444446,0.2919146916427483
3.8472222222222223,0.3235793711380397
3.85,0.32073242678248515
3.852777777777778,0.2739357950862114
3.8555555555555556,0.25392155920294757
3.8583333333333334,0.27704723592870795
3.861111111111111,0.34542764728500264
3.863888888888889,0.39474417205324225
3.8666666666666667,0.3256512807147961
3.8694444444444445,0.3245630235018131
3.8722222222222222,0.23223745349324695
3.875,0.11581007114981022
3.8777777777777778,0.20061531022748758
3.8805555555555555,0.21285020276576333
3.8833333333333333,0.2587948139227394
3.886111111111111,0.24332709597406077
3.888888888888889,0.18915915388644997
3.8916666666666666,0.1758442980892749
3.8944444444444444,0.18940763767244384
3.897222222222222,0.2575215366137924
3.9,0.1384256429248102
3.9027777777777777,0.30598483591698855
3.9055555555555554,0.17841898879531734
3.908333333333333,0.09944071302512106
3.911111111111111,0.08104035656461625
3.9138888888888888,0.10038758785681037
3.9166666666666665,0.05834773835665326
3.9194444444444443,0.09825075805288927
3.922222222222222,0.15275119450134073
3.925,0.0671668970180893
3.9277777777777776,0.12088949806982643
3.9305555555555554,0.08416662106814041
3.933333333333333,-0.011363885586895592
3.936111111111111,0.05349445987010896
3.938888888888889,0.020711132922745647
3.941666666666667,0.059490852289738536
3.9444444444444446,0.09264179201991332
3.9472222222222224,0.03861325371004532
3.95,0.1430787817430504
3.952777777777778,0.02898407429037496
3.9555555555555557,0.013904881733666656
3.9583333333333335,0.011985827022257084
3.9611111111111112,0.04162942122977634
3.963888888888889,0.026272291385907323
3.966666666666667,0.0941022406406481
3.9694444444444446,-0.024702763427894722
3.9722222222222223,0.01596026296176077
3.975,0.010411105433234834
3.977777777777778,-0.011948603066050403
3.9805555555555556,0.07879260442046848
3.9833333333333334,0.16382827687114696
3.986111111111111,0.10713862534016376
3.988888888888889,0.049460922196604154
3.9916666666666667,0.008655358424611154
3.9944444444444445,0.0061238143311872495
3.9972222222222222,-0.007400696099392189
4.0,-0.0010933373981343274
4.002777777777778,0.04082637149662005
4.0055555555555555,0.12871773281514665
4.008333333333334,0.10616180272976086
4.011111111111111,-0.07881356660080456
4.013888888888889,-0.06444838006894932
4.016666666666667,-0.04603663019617335
4.019444444444445,0.08834596236838935
4.022222222222222,-0.05607055581154395
4.025,0.04725542722532438
4.027777777777778,0.15006605357104102
4.030555555555556,0.034995780850925605
4.033333333333333,-0.05738145548999278
4.036111111111111,-0.12074369094555702
4.038888888888889,0.12529866879655893
4.041666666666667,0.05573127589361556
4.044444444444444,0.05459832120525361
4.0472222222222225,0.12286139723597511
4.05,0.06230716697011489
4.052777777777778,-0.04779679731924475
4.055555555555555,0.06138542549836525
4.058333333333334,0.13077858937973671
4.061111111111111,0.12438359629361928
4.063888888888889,0.01776414897149585
4.066666666666666,0.027166723499815887
4.069444444444445,0.08397572085560734
4.072222222222222,0.1333007844267583
4.075,0.016480816906057204
4.0777777777777775,-0.0017152561867407531
4.080555555555556,0.017785292646423763
4.083333333333333,0.046388522335028486
4.086111111111111,0.08063002051846774
4.088888888888889,0.0969965867104525
4.091666666666667,0.13118792874615434
4.094444444444444,0.09743001015664454
4.097222222222222,0.1118515664810859
4.1,0.06403037705577837
4.102777777777778,0.02591634411998238
4.105555555555555,0.002292450147691527
4.108333333333333,0.03544524118246728
4.111111111111111,-0.09199234945690071
4.113888888888889,-0.0029728098686466822
4.116666666666666,-0.034771959459033275
4.1194444444444445,0.011912028786928697
4.122222222222222,-0.0026951197560430157
4.125,0.08017011895398693
4.127777777777778,-0.029939397137748833
4.1305555555555555,0.013489449228046546
4.133333333333334,-0.03501531571648943
4.136111111111111,-0.030174687735485803
4.138888888888889,0.04208706264981632
4.141666666666667,0.12164754027179037
4.144444444444445,0.09134734148707026
4.147222222222222,0.06525041149757803
4.15,-0.08476464461757403
4.152777777777778,-0.023184941711454778
4.155555555555556,-0.021368414734155357
4.158333333333333,-0.03608365862043679
4.161111111111111,0.10092975842745312
4.163888888888889,0.047797626198010035
4.166666666666667,0.009727973238843224
4.169444444444444,0.16268794344708382
4.1722222222222225,-0.0031106769917087947
4.175,-0.08286392592577757
4.177777777777778,0.027699666698993153
4.180555555555555,0.032878767575773224
4.183333333333334,0.041481173995469786
4.186111111111111,0.11283266474640831
4.188888888888889,0.27142984517487667
4.191666666666666,0.13288013945997024
4.194444444444445,0.08068465969119626
4.197222222222222,0.27972422212456155
4.2,0.19565791757377538
4.2027777777777775,0.2711612863622353
4.205555555555556,0.23259923449231695
4.208333333333333,0.48864010236123295
4.211111111111111,0.3492325391733404
4.213888888888889,0.2848816792562308
4.216666666666667,0.5452449595043831
4.219444444444444,0.41292443045873073
4.222222222222222,0.737013691384568
4.225,0.7041082505614047
4.227777777777778,0.7391836437369846
4.230555555555555,0.7351184766714401
4.233333333333333,0.6409973775230972
4.236111111111111,0.827609585829705
4.238888888888889,0.8580718050506614
4.241666666666666,0.8211575600408351
4.2444444444444445,0.8314795376370578
4.247222222222222,0.7715831951566702
4.25,0.7532107872158263
4.252777777777778,0.7507205180602603
4.2555555555555555,0.6433429464551905
4.258333333333334,0.5666849609062992
4.261111111111111,0.6043065428034865
4.263888888888889,0.5483607701781634
4.266666666666667,0.24194651730638342
4.269444444444445,0.32403101572981513
4.272222222222222,0.22704848996814825
4.275,-0.057262400595965296
4.277777777777778,-0.08597813365934652
4.280555555555556,-0.03603856668208314
4.283333333333333,-0.10561372547586652
4.286111111111111,-0.20661655663534417
4.288888888888889,-0.2761144080553699
4.291666666666667,-0.26470219437620246
4.294444444444444,-0.30146252825555925
4.2972222222222225,-0.3566149741942922
4.3,-0.47192041099079435
4.302777777777778,-0.367540518407357
4.305555555555555,-0.3849870981959947
4.308333333333334,-0.4063948136932639
4.311111111111111,-0.48201321450017054
4.313888888888889,-0.4060200286407555
4.316666666666666,-0.4038221382282174
4.319444444444445,-0.27375147175432174
4.322222222222222,-0.1979470955155707
4.325,-0.2022328688068939
4.3277777777777775,-0.2175138152669328
4.330555555555556,-0.21026252504813348
4.333333333333333,-0.1842414214526033
4.336111111111111,-0.21819692909068655
4.338888888888889,-0.11433267468657587
4.341666666666667,-0.14014912472376115
4.344444444444444,-0.03156392984803209
4.347222222222222,-0.15019185847212924
4.35,-0.04659550755322685
4.352777777777778,-0.10060666383613473
4.355555555555555,-0.12764311286234364
4.358333333333333,-0.04576899347337108
4.361111111111111,-0.05383013678868283
4.363888888888889,-0.05693813456793371
4.366666666666666,0.06739596128626123
4.3694444444444445,-0.045016231413338895
4.372222222222222,-0.09581113107326666
4.375,0.003563660508716475
4.377777777777778,0.017765202933157087
4.3805555555555555,0.10793551821840444
4.383333333333334,0.012600670027743175
4.386111111111111,-0.09008971256335374
4.388888888888889,-0.03648176648580729
4.391666666666667,-0.013884155697877373
4.394444444444445,-0.1413135713955716
4.397222222222222,0.07018023722292749
4.4,-0.017576536212951535
4.402777777777778,0.006033247732556627
4.405555555555556,-0.03049971380752237
4.408333333333333,0.05966297938367571
4.411111111111111,-0.044015282544747666
4.413888888888889,-0.09329455329116676
4.416666666666667,-0.03383448375712038
4.419444444444444,-0.05216227555964273
4.4222222222222225,-0.06032355492742163
4.425,0.036251646887713505
4.427777777777778,0.07813040455155335
4.430555555555555,0.05368715652676774
4.433333333333334,-0.09851970753112281
4.436111111111111,-0.0805177749109198
4.438888888888889,-0.07977888078146253
4.441666666666666,-0.025769094340068334
4.444444444444445,0.0019356481268159274
4.447222222222222,0.11020996680559793
4.45,-0.13215749827438789
4.4527777777777775,-0.13514253256613756
4.455555555555556,-0.16239005339980617
4.458333333333333,-0.06233914220876459
4.461111111111111,-0.10614021947569079
4.463888888888889,0.055232210571725844
4.466666666666667,-0.06360574686063558
4.469444444444444,-0.09432772214133463
4.472222222222222,-0.0204484104480398
4.475,-0.11022757750544045
4.477777777777778,-0.17431459045803435
4.480555555555555,-0.10422517964556338
4.483333333333333,-0.1104706908107404
4.486111111111111,-0.05255726454922882
4.488888888888889,-0.13168260922139036
4.491666666666666,-0.0465505573165398
4.4944444444444445,-0.13106937197348348
4.497222222222222,-0.05095889904301702
4.5,-0.057869577169705914
4.502777777777778,-0.14261638273519436
4.5055555555555555,-0.023168066223248088
4.508333333333334,-0.14386878065171876
4.511111111111111,-0.13592126686319908
4.513888888888889,-0.24727598353751193
4.516666666666667,-0.3179581625052021
4.519444444444445,-0.16580800891063685
4.522222222222222,-0.010953798589412866
4.525,-0.16344280103783818
4.527777777777778,-0.099514504062556
4.530555555555556,-0.16653291677309004
4.533333333333333,-0.14437641376950933
4.536111111111111,-0.1228748827276064
4.538888888888889,-0.08274737581461132
4.541666666666667,-0.2075521492192075
4.544444444444444,-0.05449321190006449
4.5472222222222225,-0.044613178136937694
4.55,-0.05486636941003542
4.552777777777778,-0.059907738557035475
4.555555555555555,-0.07791137763958901
4.558333333333334,-0.15026149741940031
4.561111111111111,-0.05623630558913539
4.563888888888889,-0.18844665224472867
4.566666666666666,-0.042321728689121416
4.569444444444445,-0.1949514412740943
4.572222222222222,-0.1727825255704864
4.575,-0.05696619508349193
4.5777777777777775,-0.06302104994177926
4.580555555555556,0.07460729806027362
4.583333333333333,0.016466541410191327
4.586111111111111,-0.004759776478529064
4.588888888888889,-0.03314299275252296
4.591666666666667,-0.20375231310294883
4.594444444444444,-0.23145509655412344
4.597222222222222,-0.04863283779040148
4.6,-0.11771085687912947
4.602777777777778,-0.10499076967802458
4.605555555555555,-0.14004074255698645
4.608333333333333,0.07327016014521734
4.611111111111111,0.006116453224047275
4.613888888888889,-0.2598441604420221
4.616666666666666,-0.07867425733630791
4.6194444444444445,-0.04483405170587909
4.622222222222222,0.05155915535935049
4.625,-0.0012844859202813634
4.627777777777778,0.0028582166677166773
4.6305555555555555,0.03740224224515133
4.633333333333334,-0.07354304930424256
4.636111111111111,-0.02014651077568598
4.638888888888889,-0.11730451669619892
4.641666666666667,-0.008610676815924822
4.644444444444445,-0.055154412848405845
4.647222222222222,-0.02924158055190571
4.65,-0.07686737152685712
4.652777777777778,-0.18440394878968014
4.655555555555556,0.009150889148625524
4.658333333333333,-0.020956309121576373
4.661111111111111,-0.012380905584204942
4.663888888888889,0.004633910122247301
4.666666666666667,-0.0250435098569643
4.669444444444444,0.023414073097293202
4.6722222222222225,0.034407396412462946
4.675,-0.051623000046557774
4.677777777777778,-0.041222901213384976
4.680555555555555,-0.012846325701838836
4.683333333333334,-0.0029934853324073973
4.686111111111111,-0.004119369439628647
4.688888888888889,-0.03857824797910941
4.691666666666666,-0.1059902265766264
4.694444444444445,-0.06829791486846268
4.697222222222222,-0.03813821948912414
4.7,-0.14262079403359837
4.7027777777777775,-0.017569203592123692
4.705555555555556,0.012953099891860623
4.708333333333333,-0.04689752336149168
4.711111111111111,-0.1068948050082088
4.713888888888889,-0.04614111381376061
4.716666666666667,-0.02979867148471539
4.719444444444444,-0.02948076065792901
4.722222222222222,-0.07484632718042215
4.725,-0.024113309977704105
4.727777777777778,-0.09093708359719485
4.730555555555555,-0.1595502864874146
4.733333333333333,-0.0016325915412117586
4.736111111111111,-0.060750106871251645
4.738888888888889,-0.0017798817145026485
4.741666666666666,-0.052917139433155715
4.7444444444444445,0.03468815301943192
4.747222222222222,-0.0009140461413615006
4.75,-0.12127919453894011
4.752777777777778,-0.13796786992405125
4.7555555555555555,-0.24638266983764212
4.758333333333334,-0.13614537134825766
4.761111111111111,-0.07290471243271811
4.763888888888889,0.0690248005526426
4.766666666666667,0.02288327420248623
4.769444444444445,-0.12674682243654115
4.772222222222222,-0.06112493328391388
4.775,-0.14183185772071386
4.777777777777778,-0.04555491092268916
4.780555555555556,-0.0416654150925366
4.783333333333333,-0.07855449513354815
4.786111111111111,0.026399322270565344
4.788888888888889,-0.0807586581210239
4.791666666666667,-0.16635215845268453
4.794444444444444,-0.18111772686506672
4.7972222222222225,-0.11682907613093037
4.8,-0.10679052536387056
4.802777777777778,-0.024751621424006255
4.805555555555555,-0.06730735260924604
4.808333333333334,-0.07216198439474786
4.811111111111111,-0.1780368388505992
4.813888888888889,-0.12777070099790766
4.816666666666666,-0.08411827420135586
4.819444444444445,-0.014641221950665945
4.822222222222222,-0.14800200359338536
4.825,0.08311004723867851
4.8277777777777775,-0.05246276370828059
4.830555555555556,-0.0711678826338222
4.833333333333333,-0.13735528324458435
4.836111111111111,-0.035064736314572145
4.838888888888889,-0.15918640044078924
4.841666666666667,-0.1520659978601358
4.844444444444444,-0.050695265872718304
4.847222222222222,-0.0782669918696295
4.85,-0.0413750083679574
4.852777777777778,-0.05971956179836811
4.855555555555555,-0.12141110961258264
4.858333333333333,-0.14516034925893664
4.861111111111111,-0.07714336899818869
4.863888888888889,-0.006605670912825275
4.866666666666666,0.017119992682816457
4.8694444444444445,-0.08410513330377561
4.872222222222222,-0.15045550151765047
4.875,-0.1629206013163097
4.877777777777778,-0.22241636343522814
4.8805555555555555,-0.08258127564237559
4.883333333333334,-0.1174446903597551
4.886111111111111,-0.04717931949260405
4.888888888888889,-0.07787622455133937
4.891666666666667,-0.207693048506704
4.894444444444445,-0.13295231714031347
4.897222222222222,-0.10583609408619826
4.9,-0.13280243571472086
4.902777777777778,-0.13749036640270312
4.905555555555556,0.0399424046616989
4.908333333333333,-0.16037736960814436
4.911111111111111,-0.06291137802515462
4.913888888888889,-0.06860232796692786
4.916666666666667,-0.320810336480066
4.919444444444444,-0.21285818764162823
4.9222222222222225,-0.04390800432506857
4.925,-0.06310019271774633
4.927777777777778,-0.15251273371335775
4.930555555555555,-0.225711842595192
4.933333333333334,-0.1264403103642153
4.936111111111111,-0.1078944366802424
4.938888888888889,-0.2069032594669386
4.941666666666666,-0.15999192519699285
4.944444444444445,-0.14735359060108016
4.947222222222222,-0.05461988049769799
4.95,-0.15856056726737242
4.9527777777777775,-0.11285271526326551
4.955555555555556,-0.08254412331769882
4.958333333333333,0.004737161560103828
4.961111111111111,-0.029546402381256137
4.963888888888889,-0.07166281451205964
4.966666666666667,-0.0450716710189736
4.969444444444444,0.05513192097238845
4.972222222222222,-0.061178768913393744
4.975,-0.12625311523220265
4.977777777777778,-0.17586243072493615
4.980555555555555,-0.05532938697068653
4.983333333333333,-0.07565257647969584
4.986111111111111,-0.06293930819828353
4.988888888888889,-0.029037654843061263
4.991666666666666,-0.057031193538412676
4.9944444444444445,-0.0648819411747156
4.997222222222222,-0.08592697126477443
5.0,-0.08990026073440703
5.002777777777778,-0.03048311926725374
5.0055555555555555,-0.01192059117196766
5.008333333333334,-0.16337267308100845
5.011111111111111,-0.05512847846312346
5.013888888888889,-0.08217390578663661
5.016666666666667,-0.15946450579885382
5.019444444444445,0.06846036840355313
5.022222222222222,0.0013802883748787673
5.025,-0.023148557172570923
5.027777777777778,0.13042448014954994
5.030555555555556,-0.019021471513943185
5.033333333333333,0.05948238230687368
5.036111111111111,-0.07620794832526405
5.038888888888889,-0.1328347716632077
5.041666666666667,-0.12337263411915696
5.044444444444444,-0.07069599994800302
5.0472222222222225,-0.13729282441479762
5.05,-0.019121188922583285
5.052777777777778,-0.09591081343048066
5.055555555555555,-0.21668800172154856
5.058333333333334,0.010919166815918632
5.061111111111111,-0.11007885961896369
5.063888888888889,-0.01990678621508958
5.066666666666666,-0.06461169358350632
5.069444444444445,-0.1753121687910713
5.072222222222222,-0.20459428240781014
5.075,-0.14454512511333645
5.0777777777777775,-0.09085115541089943
5.080555555555556,-0.08242525683603036
5.083333333333333,-0.06269372737505902
5.086111111111111,-0.13828974812222855
5.088888888888889,-0.16149074003040845
5.091666666666667,-0.163209818702663
5.094444444444444,-0.14310383580920358
5.097222222222222,-0.1413933441793584
5.1,-0.03035752077956627
5.102777777777778,-0.02565405379578581
5.105555555555555,-0.07317030049786949
5.108333333333333,-0.12488877653671433
5.111111111111111,-0.22262415162283042
5.113888888888889,-0.07609139586113857
5.116666666666666,-0.1295357110840841
5.1194444444444445,-0.10235717406991754
5.122222222222222,-0.10426789684275212
5.125,-0.07374851278229426
5.127777777777778,-0.17047791485741765
5.1305555555555555,-0.220872244620689
5.133333333333334,-0.26876646149932804
5.136111111111111,-0.2976824322503976
5.138888888888889,-0.18432556485637808
5.141666666666667,-0.007484557123942262
5.144444444444445,-0.15052923144717556
5.147222222222222,-0.06405225743194949
5.15,-0.14448090772418629
5.152777777777778,-0.2839215573805069
5.155555555555556,-0.13577157627667172
5.158333333333333,-0.23507170147417475
5.161111111111111,-0.12170982720192913
5.163888888888889,-0.03711224180485657
5.166666666666667,-0.09631161388547022
5.169444444444444,-0.14638770080284164
5.1722222222222225,-0.07724621766564492
5.175,-0.046068576636741444
5.177777777777778,0.048167067535960645
5.180555555555555,0.2888744714988063
5.183333333333334,0.30487200619785393
5.186111111111111,0.5257134693025828
5.188888888888889,0.6016033623758106
5.191666666666666,0.6399654375802843
5.194444444444445,0.8004594360387703
5.197222222222222,0.9442824626576387
5.2,0.9712378836630684
5.2027777777777775,0.9627282418775034
5.205555555555556,0.8796684661874432
5.208333333333333,0.7860701726916509
5.211111111111111,0.5148806867727652
5.213888888888889,0.44229031995297985
5.216666666666667,0.2677430296010913
5.219444444444444,0.1805689594936572
5.222222222222222,0.10152843821891541
5.225,0.015751430537614488
5.227777777777778,-0.03736479741566224
5.230555555555555,-0.13201092737896536
5.233333333333333,-0.2888208019819178
5.236111111111111,-0.36669735685954324
5.238888888888889,-0.3513795305325299
5.241666666666666,-0.43263949255911144
5.2444444444444445,-0.43792883914730374
5.247222222222222,-0.39384721040684406
5.25,-0.399349781510402
5.252777777777778,-0.4654202368259227
5.2555555555555555,-0.4329179452099204
5.258333333333334,-0.3652717552895648
5.261111111111111,-0.3028708091249949
5.263888888888889,-0.3150779204021795
5.266666666666667,-0.24542901067004064
5.269444444444445,-0.22783936775969849
5.272222222222222,-0.20729038173531675
5.275,-0.2346849800694499
5.277777777777778,-0.2617038983450759
5.280555555555556,-0.20676408296233248
5.283333333333333,-0.010232599144792062
5.286111111111111,-0.11241362184601031
5.288888888888889,-0.10468475489269805
5.291666666666667,-0.13374274742321043
5.294444444444444,-0.1295050883468047
5.2972222222222225,-0.09367547644392374
5.3,-0.1205098485016851
5.302777777777778,-0.06691794854524814
5.305555555555555,-0.14515433648413156
5.308333333333334,-0.0831596193993831
5.311111111111111,-0.2340852218060042
5.313888888888889,-0.1380289077094447
5.316666666666666,-0.2389855479031877
5.319444444444445,-0.11047055500739864
5.322222222222222,-0.06919848783442942
5.325,-0.14374641395763904
5.3277777777777775,-0.0037594742753311317
5.330555555555556,0.005538311026828224
5.333333333333333,-0.11860377865445773
5.336111111111111,-0.15392289205092818
5.338888888888889,-0.10796319181871275
5.341666666666667,0.025942485436499574
5.344444444444444,-0.11658772429659024
5.347222222222222,-0.057590572159696665
5.35,-0.1358264233381848
5.352777777777778,-0.2431070778033138
5.355555555555555,-0.3029966798631782
5.358333333333333,-0.24620155768645602
5.361111111111111,-0.20198037433444996
5.363888888888889,-0.10822554216277609
5.366666666666666,-0.14518504967026266
5.3694444444444445,-0.2002083531242861
5.372222222222222,-0.18514263638909326
5.375,-0.02520023158657969
5.377777777777778,-0.13910892557090893
5.3805555555555555,-0.08441746453363948
5.383333333333334,-0.14102433929890693
5.386111111111111,-0.15465901201362875
5.388888888888889,-0.20442857727135053
5.391666666666667,-0.11041409927666519
5.394444444444445,-0.09644104879417277
5.397222222222222,-0.16965862390904538
5.4,-0.11080036289496117
5.402777777777778,-0.004760146060151613
5.405555555555556,-0.0161110801982475
5.408333333333333,-0.025120607414726867
5.411111111111111,-0.018945031423235073
5.413888888888889,-0.12874797733071747
5.416666666666667,-0.22946529686148404
5.419444444444444,0.09344811314018886
5.4222222222222225,-0.029411929391954132
5.425,0.0007981352729104045
5.427777777777778,0.04129903238526979
5.430555555555555,-0.09096001421167886
5.433333333333334,-0.07634180192024713
5.436111111111111,-0.04911715363187716
5.438888888888889,-0.001726620941763464
5.441666666666666,0.009650496428575291
5.444444444444445,0.08752994309614519
5.447222222222222,0.21928717970566428
5.45,-0.018456438248891857
5.4527777777777775,0.09798985433174098
5.455555555555556,0.041526459350545455
5.458333333333333,0.05081645238902376
5.461111111111111,0.011711623508828942
5.463888888888889,0.06553090431472972
5.466666666666667,0.09970979450090064
5.469444444444444,0.07632975677995334
5.472222222222222,0.12556668499591278
5.475,0.11970958780820908
5.477777777777778,0.024662699493134113
5.480555555555555,-0.010492122661022146
5.483333333333333,0.155150885491043
5.486111111111111,0.17620764907914996
5.488888888888889,0.1736795542106929
5.491666666666666,0.014609017052267192
5.4944444444444445,0.07652303193230169
5.497222222222222,0.0656307607057741
5.5,0.008281463568317507
5.502777777777778,0.10615715410320983
5.5055555555555555,0.1511482413800683
5.508333333333334,0.07438601643309545
5.511111111111111,0.0881264072063089
5.513888888888889,-0.10366067507859138
5.516666666666667,-0.019225635433260665
5.519444444444445,-0.0066650708269851006
5.522222222222222,0.009911550772335846
5.525,0.024131379839930238
5.527777777777778,-0.03237781290520402
5.530555555555556,-0.06991858925807692
5.533333333333333,-0.09322196571636666
5.536111111111111,-0.1869377946010992
5.538888888888889,-0.06948622024348672
5.541666666666667,-0.021352537517851856
5.544444444444444,-0.04694993976404556
5.5472222222222225,-0.086870827865755
5.55,-0.2132742198463068
5.552777777777778,-0.15476250070379374
5.555555555555555,-0.12756086746290937
5.558333333333334,-0.1942155188921521
5.561111111111111,-0.12124893781186373
5.563888888888889,-0.014379465880372214
5.566666666666666,-0.11694267774316129
5.569444444444445,-0.1609443482695115
5.572222222222222,-0.10061305750962661
5.575,-0.13794632121282793
5.5777777777777775,-0.07317517807251897
5.580555555555556,-0.05472978266429676
5.583333333333333,-0.20608796319912065
5.586111111111111,-0.24584032497547395
5.588888888888889,-0.11046149645346652
5.591666666666667,-0.09538008817406395
5.594444444444444,-0.05830697704700133
5.597222222222222,-0.2514011162235159
5.6,-0.1960277982681645
5.602777777777778,-0.13619945477312054
5.605555555555555,-0.1561847646505937
5.608333333333333,-0.1093255122203895
5.611111111111111,-0.21633695764339556
5.613888888888889,-0.1020417976620217
5.616666666666666,-0.15561172119369618
5.6194444444444445,-0.2502756851039493
5.622222222222222,-0.14900434433148427
5.625,-0.15819329716921116
5.627777777777778,-0.17164737513892975
5.6305555555555555,-0.16568519640310062
5.633333333333334,-0.1721191583176967
5.636111111111111,-0.2850456788704694
5.638888888888889,-0.17838688975383063
5.641666666666667,-0.09411817338509187
5.644444444444445,-0.20516827407472243
5.647222222222222,-0.10509439230383551
5.65,-0.10001713091274843
5.652777777777778,-0.18932595208243141
5.655555555555556,-0.27691852274600526
5.658333333333333,-0.1659922684071083
5.661111111111111,-0.11559373657831531
5.663888888888889,-0.043446327633982554
5.666666666666667,-0.20203638548788627
5.669444444444444,-0.1269396543560985
5.6722222222222225,-0.23807074454191723
5.675,-0.21161749738612262
5.677777777777778,-0.24167783643811638
5.680555555555555,-0.22283330974995333
5.683333333333334,-0.10977911572795461
5.686111111111111,-0.15248917460454392
5.688888888888889,-0.16641233307622502
5.691666666666666,-0.24927165219639474
5.694444444444445,-0.26527835160782254
5.697222222222222,-0.3004294704247551
5.7,-0.23114810056035934
5.7027777777777775,-0.11748349074535602
5.705555555555556,-0.20616643661867823
5.708333333333333,-0.17414391553174188
5.711111111111111,-0.16092583607936556
5.713888888888889,-0.22376792577939808
5.716666666666667,-0.1190612969379943
5.719444444444444,-0.13042865234177298
5.722222222222222,-0.15750528430866242
5.725,-0.09375464842266802
5.727777777777778,-0.22285998377898553
5.730555555555555,-0.16994718118096414
5.733333333333333,-0.2646772328647718
5.736111111111111,-0.30534555483513837
5.738888888888889,-0.18548215894417502
5.741666666666666,-0.1656569353987818
5.7444444444444445,-0.05869951140561906
5.747222222222222,-0.12200361026585721
5.75,-0.1513499223052781
5.752777777777778,-0.204411158620379
5.7555555555555555,-0.17869076520514246
5.758333333333334,-0.12016116988934994
5.761111111111111,-0.06390490015635221
5.763888888888889,-0.15592440642407565
5.766666666666667,-0.15926381604442963
5.769444444444445,-0.07492493097204005
5.772222222222222,-0.1856552260144472
5.775,-0.10709086399120558
5.777777777777778,-0.1882085165066634
5.780555555555556,-0.10345505133808547
5.783333333333333,-0.0649673885529036
5.786111111111111,-0.1356902614981614
5.788888888888889,-0.14655122002214774
5.791666666666667,-0.22187569219678707
5.794444444444444,-0.16349042866285973
5.7972222222222225,-0.24139762078644156
5.8,-0.14785372946681896
5.802777777777778,-0.15076366512998035
5.805555555555555,-0.03353035208095469
5.808333333333334,-0.1826102512348521
5.811111111111111,-0.15841094048498972
5.813888888888889,-0.3305458937563801
5.816666666666666,-0.1862794584902425
5.819444444444445,-0.24856556345314762
5.822222222222222,-0.07607437213157134
5.825,0.0029324466351227235
5.8277777777777775,-0.17775711415470247
5.830555555555556,-0.11336636106352449
5.833333333333333,-0.197749280769148
5.836111111111111,-0.22754325597194486
5.838888888888889,-0.08905667225394756
5.841666666666667,-0.08406353443905425
5.844444444444444,-0.09800318154006395
5.847222222222222,-0.08159982451178072
5.85,-0.020615696359442513
5.852777777777778,-0.06630396812288564
5.855555555555555,-0.09348226775210022
5.858333333333333,0.012492763487801761
5.861111111111111,-0.03304012791731883
5.863888888888889,-0.03739684762237537
5.866666666666666,0.011463523046166487
5.8694444444444445,-0.05230761170177292
5.872222222222222,-0.188314259277251
5.875,-0.06999595529636386
5.877777777777778,-0.05939524626209629
5.8805555555555555,-0.010778026570770885
5.883333333333334,-0.09546085761242992
5.886111111111111,-0.00431817592577264
5.888888888888889,-0.07800197214615638
5.891666666666667,-0.15735628193757265
5.894444444444445,-0.2036245291383338
5.897222222222222,-0.1424856136080047
5.9,-0.15406632126665465
5.902777777777778,-0.14253219822194285
5.905555555555556,-0.01743452854178827
5.908333333333333,-0.03960175647633603
5.911111111111111,-0.21949547582956772
5.913888888888889,-0.23078252992698667
5.916666666666667,-0.055450769030515434
5.919444444444444,-0.16178204171035862
5.9222222222222225,-0.17919509744457046
5.925,-0.14823024616201214
5.927777777777778,-0.10672861981654498
5.930555555555555,-0.21892986789676502
5.933333333333334,-0.16134477112903
5.936111111111111,-0.21115516555111954
5.938888888888889,-0.1273443576383112
5.941666666666666,-0.08978659051492335
5.944444444444445,-0.17239754454087827
5.947222222222222,-0.1298242618130338
5.95,-0.08833877754449636
5.9527777777777775,-0.11502990833971136
5.955555555555556,-0.12537896910764848
5.958333333333333,-0.19083907157628818
5.961111111111111,-0.20776754660772012
5.963888888888889,-0.26330758535817983
5.966666666666667,-0.08633428092566432
5.969444444444444,-0.23318875618089496
5.972222222222222,-0.14384179860609422
5.975,-0.18779993955620441
5.977777777777778,-0.2801671585794344
5.980555555555555,-0.15454460839082218
5.983333333333333,-0.16635691681141196
5.986111111111111,-0.17686463921532877
5.988888888888889,-0.1262661062843861
5.991666666666666,-0.019713655591276164
5.9944444444444445,-0.05951756613713921
5.997222222222222,-0.10073413915990666
6.0,-0.15805064724976473
6.002777777777778,-0.09551829302117124
6.0055555555555555,-0.033029963983554095
6.008333333333334,-0.04388394536191842
6.011111111111111,-0.18641204100979084
6.013888888888889,-0.20198476471883542
6.016666666666667,-0.09346627801218985
6.019444444444445,-0.02135797343158298
6.022222222222222,0.041257277381709354
6.025,0.16251659639948873
6.027777777777778,0.23286008981928347
6.030555555555556,0.28120611189196365
6.033333333333333,0.4762091027121902
6.036111111111111,0.6280277802356761
6.038888888888889,0.6925391459310365
6.041666666666667,0.8291609988365886
6.044444444444444,0.9950123889977146
6.0472222222222225,0.9810612125577297
6.05,0.7732007691160929
6.052777777777778,0.734628804740208
6.055555555555555,0.6253463544931385
6.058333333333334,0.4440222691880418
6.061111111111111,0.4117650498738626
6.063888888888889,0.172883630269257
6.066666666666666,0.11165994292901606
6.069444444444445,0.0032920915928166157
6.072222222222222,-0.046528934921275335
6.075,-0.09270056800622056
6.0777777777777775,-0.18395839108626746
6.080555555555556,-0.20522974676749736
6.083333333333333,-0.24621073747551864
6.086111111111111,-0.3483697360458164
6.088888888888889,-0.2632491634019607
6.091666666666667,-0.39498725956921815
6.094444444444444,-0.3795908727268278
6.097222222222222,-0.5077080261805536
6.1,-0.39971097944695694
6.102777777777778,-0.4272919809076868
6.105555555555555,-0.3375589065346178
6.108333333333333,-0.2707278539202759
6.111111111111111,-0.2728123760421192
6.113888888888889,-0.22260889086722216
6.116666666666666,-0.3186104433731153
6.1194444444444445,-0.12430089122236378
6.122222222222222,-0.21965405434638596
6.125,-0.14710586868412154
6.127777777777778,-0.16374757392450295
6.1305555555555555,-0.19379705595687807
6.133333333333334,-0.17737855144113052
6.136111111111111,-0.05538823197891493
6.138888888888889,-0.20503956493188852
6.141666666666667,-0.09814359227598399
6.144444444444445,-0.15404513810449827
6.147222222222222,-0.10336338632736407
6.15,-0.08420774732980411
6.152777777777778,-0.23738831415201897
6.155555555555556,-0.08870035293622114
6.158333333333333,-0.07967042226343395
6.161111111111111,-0.13284016835562545
6.163888888888889,-0.16980584583010921
6.166666666666667,-0.10197223958568438
6.169444444444444,-0.17125628108855767
6.1722222222222225,-0.13148903260607664
6.175,-0.1392115347891523
6.177777777777778,-0.14879305276121152
6.180555555555555,-0.2560404934051583
6.183333333333334,-0.05855160586334883
6.186111111111111,-0.07305557400815178
6.188888888888889,-0.03398826558244575
6.191666666666666,-0.20617021730006452
6.194444444444445,-0.1694776155399952
6.197222222222222,-0.16112731185897122
6.2,-0.16310181958780676
6.2027777777777775,-0.22232220591529311
6.205555555555556,-0.11231781190981141
6.208333333333333,-0.1426489992136712
6.211111111111111,-0.20778940475593222
6.213888888888889,-0.11144044138987927
6.216666666666667,-0.14378782484440214
6.219444444444444,-0.14914988499395698
6.222222222222222,-0.1323962821437749
6.225,-0.06529486324065926
6.227777777777778,-0.1975472082012037
6.230555555555555,-0.03905756484884909
6.233333333333333,-0.11465019465193003
6.236111111111111,-0.10603607996460651
6.238888888888889,-0.09785605026233155
6.241666666666666,-0.028586867939080163
6.2444444444444445,-0.09485207936967137
6.247222222222222,0.009065623697187587
6.25,-0.12860086765976406
6.252777777777778,-0.08873630156583552
6.2555555555555555,-0.08505958092109837
6.258333333333334,-0.07724818113070957
6.261111111111111,0.09796000377040526
6.263888888888889,-0.026235101282747676
6.266666666666667,-0.0074894563494743525
6.269444444444445,-0.009581376341210656
6.272222222222222,0.0011320400364508779
6.275,-0.08596875234953308
6.277777777777778,9.651326014510804e-05
6.280555555555556,0.09338816857792295
6.283333333333333,0.14749409886997644
6.286111111111111,0.06480455006736184
6.288888888888889,0.0774818253048086
6.291666666666667,0.014266209462310143
6.294444444444444,0.08334687238566951
6.2972222222222225,0.047470414617221804
6.3,0.13572586603748793
6.302777777777778,0.12690257458289256
6.305555555555555,0.12610061536925207
6.308333333333334,0.13884440154047273
6.311111111111111,0.1923490645418109
6.313888888888889,0.10563311636021754
6.316666666666666,0.09311132029348179
6.319444444444445,0.2042180795414212
6.322222222222222,0.054151787447244304
6.325,0.21387762934894375
6.3277777777777775,0.1401805026554016
6.330555555555556,0.2740508347097457
6.333333333333333,0.14392747828846528
6.336111111111111,0.13167800396207768
6.338888888888889,0.30841546011154913
6.341666666666667,0.11195789720136838
6.344444444444444,0.20509787821081044
6.347222222222222,0.21789970573202708
6.35,0.29352704112851513
6.352777777777778,0.1475257836522418
6.355555555555555,-0.006105931986758045
6.358333333333333,0.07917021715088066
6.361111111111111,0.09434314617617055
6.363888888888889,0.21989623714347933
6.366666666666666,0.14425336060068766
6.3694444444444445,0.08482618413504586
6.372222222222222,0.10226201713731425
6.375,-0.07238350934918247
6.377777777777778,0.04818354316401918
6.3805555555555555,0.0008667896607459404
6.383333333333334,0.01650895606156834
6.386111111111111,0.17972813868879364
6.388888888888889,-0.0393175866738995
6.391666666666667,-0.045383980878677024
6.394444444444445,-0.01651891920633896
6.397222222222222,0.012661082004820898
6.4,0.012697435859670508
6.402777777777778,-0.1197187250510272
6.405555555555556,-0.04288506228992245
6.408333333333333,0.03462331989927371
6.411111111111111,-0.01664825015904952
6.413888888888889,-0.12685811027013258
6.416666666666667,-0.15985033148600494
6.419444444444444,-0.06522331400257816
6.4222222222222225,-0.07911656712404197
6.425,-0.046116684315768104
6.427777777777778,-0.04904051091122291
6.430555555555555,-0.16248967757703764
6.433333333333334,-0.17648137407377312
6.436111111111111,-0.030992052455073305
6.438888888888889,-0.13896628219318619
6.441666666666666,-0.140881235528575
6.444444444444445,-0.08041763825763969
6.447222222222222,-0.10671070378749112
6.45,-0.08213968787503298
6.4527777777777775,-0.0004170842797967117
6.455555555555556,-0.16597477480049716
6.458333333333333,-0.1547528470602746
6.461111111111111,0.012001889112201514
6.463888888888889,-0.019126052390799356
6.466666666666667,-0.06956740783155334
6.469444444444444,-0.04068568570009073
6.472222222222222,-0.1315768840713368
6.475,-0.03306159465397292
6.477777777777778,-0.02976220155409045
6.480555555555555,0.025871908610734448
6.483333333333333,-0.126965608619301
6.486111111111111,-0.14923689549583907
6.488888888888889,-0.016488104325133583
6.491666666666666,-0.050851572507548126
6.4944444444444445,-0.09214326320251641
6.497222222222222,-0.039751571711925726
6.5,-0.039035947486880745
6.502777777777778,0.011953223963393232
6.5055555555555555,-0.001036723628212114
6.508333333333334,-0.07527183867983359
6.511111111111111,-0.12878193766160206
6.513888888888889,-0.04594929788876125
6.516666666666667,-0.09279777065546727
6.519444444444445,-0.09368890909188254
6.522222222222222,-0.013039292403003184
6.525,0.08044384414108842
6.527777777777778,-0.10596845944377284
6.530555555555556,-0.20586420081819112
6.533333333333333,-0.032270505298077345
6.536111111111111,-0.10651498383952816
6.538888888888889,-0.14238577461716784
6.541666666666667,-0.03778126863919978
6.544444444444444,-0.03339005788869395
6.5472222222222225,0.05567297156225913
6.55,-0.08769285269905454
6.552777777777778,-0.0949040944999127
6.555555555555555,-0.10899316021072523
6.558333333333334,-0.063634934421116
6.561111111111111,-0.00420259309626099
6.563888888888889,-0.04196197618177419
6.566666666666666,0.03724177572913977
6.569444444444445,-0.048703668458078636
6.572222222222222,-0.020819529858082948
6.575,-0.04080833985018974
6.5777777777777775,-0.11339341288642182
6.580555555555556,-0.03382953278085354
6.583333333333333,-0.010330172499833493
6.586111111111111,-0.0400377059425204
6.588888888888889,0.024844167637421033
6.591666666666667,-0.05942547070045331
6.594444444444444,-0.00531138801501263
6.597222222222222,-0.12615517356378125
6.6,0.027491343461251434
6.602777777777778,-0.04575639270597019
6.605555555555555,-0.012306775941496007
6.608333333333333,0.09465810341630398
6.611111111111111,-0.19068032668142876
6.613888888888889,-0.14475678796604952
6.616666666666666,-0.029048850233370428
6.6194444444444445,-0.07837576359358137
6.622222222222222,0.0012573436928017372
6.625,0.007989563517729566
6.627777777777778,-0.014519874276308702
6.6305555555555555,-0.08196234670537851
6.633333333333334,-0.15584960031690526
6.636111111111111,-0.048845800960362944
6.638888888888889,0.03114058792985544
6.641666666666667,-0.02071224384265057
6.644444444444445,0.034920779074119515
6.647222222222222,0.04629927686283093
6.65,-0.10129737087283483
6.652777777777778,-0.011717595872913582
6.655555555555556,-0.0034562639180575607
6.658333333333333,-0.052556187389326076
6.661111111111111,0.01389531310037307
6.663888888888889,0.13484911594788607
6.666666666666667,0.1407598252313509
6.669444444444444,0.16694178857938982
6.6722222222222225,0.018592796244525214
6.675,0.12638621847900083
6.677777777777778,0.11366563165553964
6.680555555555555,0.04922965331737203
6.683333333333334,0.16150177399659002
6.686111111111111,0.16828617124745876
6.688888888888889,0.10363195580004927
6.691666666666666,-0.037225631180960825
6.694444444444445,-0.1176082861235911
6.697222222222222,0.09864755249974672
6.7,-0.03378548334043931
6.7027777777777775,-0.027894307803406584
6.705555555555556,-0.002019724718424813
6.708333333333333,0.028214898738741997
6.711111111111111,0.05833332806524384
6.713888888888889,-0.08034524041024693
6.716666666666667,0.013853026045072589
6.719444444444444,-0.016637056853294384
6.722222222222222,0.05718108597736414
6.725,0.10796289770628581
6.727777777777778,-0.08324491971339927
6.730555555555555,-0.06330134395193698
6.733333333333333,-0.009644847780924427
6.736111111111111,0.05293924779163976
6.738888888888889,0.01835056084864206
6.741666666666666,0.009157087101170485
6.7444444444444445,-0.04813479744211366
6.747222222222222,-0.12589885545650395
6.75,0.03731098161171219
6.752777777777778,-0.04979763375699183
6.7555555555555555,-0.07136408791288104
6.758333333333334,0.006612042401381732
6.761111111111111,0.10874686923030645
6.763888888888889,0.06086108361759443
6.766666666666667,0.01455767111121311
6.769444444444445,0.07126163516008949
6.772222222222222,-0.009120534691554341
6.775,-0.07215498163591591
6.777777777777778,0.06532842538889641
6.780555555555556,-0.07737696272601381
6.783333333333333,-0.04117602197466236
6.786111111111111,-0.04232152937429406
6.788888888888889,-0.09952169380484685
6.791666666666667,-0.09111438926715426
6.794444444444444,-0.06573554427449423
6.7972222222222225,-0.10030539484011831
6.8,-0.1467783158708349
6.802777777777778,0.09137250399109477
6.805555555555555,0.0554390236999938
6.808333333333334,0.14695380140918507
6.811111111111111,-0.08815888278997526
6.813888888888889,-0.09657685118695898
6.816666666666666,-0.16933977397853037
6.819444444444445,0.012263316148306138
6.822222222222222,-0.0216145575690082
6.825,0.08245440530732709
6.8277777777777775,0.08870046491390185
6.830555555555556,0.07599719002680098
6.833333333333333,0.14349195177110968
6.836111111111111,0.2656820344452398
6.838888888888889,0.37417653187650074
6.841666666666667,0.45322227289687944
6.844444444444444,0.6002198332748881
6.847222222222222,0.8769085851170992
6.85,0.8777829923361045
6.852777777777778,0.896709205299379
6.855555555555555,0.9703300700134594
6.858333333333333,1.1015999759270239
6.861111111111111,1.1180319283540034
6.863888888888889,1.000276766049046
6.866666666666666,0.8706311215358357
6.8694444444444445,0.7331739146561317
6.872222222222222,0.628180880269647
6.875,0.3969149160235588
6.877777777777778,0.28677435024146847
6.8805555555555555,0.18253334510482105
6.883333333333334,0.2520721873127176
6.886111111111111,-0.013559779805520339
6.888888888888889,-0.022128961759585744
6.891666666666667,0.017683136198491226
6.894444444444445,-0.07605856531700182
6.897222222222222,-0.16093796175789354
6.9,-0.19716200219346502
6.902777777777778,-0.11735166477751847
6.905555555555556,-0.20433311858403488
6.908333333333333,-0.24337315006106408
6.911111111111111,-0.20046128880048614
6.913888888888889,-0.24291931428854627
6.916666666666667,-0.30068764341319854
6.919444444444444,-0.11558700501823735
6.9222222222222225,-0.026670973256490198
6.925,-0.038379340037589235
6.927777777777778,0.0633336685677933
6.930555555555555,-0.057116080879015985
6.933333333333334,-0.00636967828110022
6.936111111111111,0.09973322404567847
6.938888888888889,0.05187446647460009
6.941666666666666,0.10434300662893972
6.944444444444445,-0.12401237456143449
6.947222222222222,0.06429517384438539
6.95,0.05576443813088872
6.9527777777777775,0.10333044020348038
6.955555555555556,-0.010494109633896312
6.958333333333333,0.005858389304457052
6.961111111111111,0.03802533331639434
6.963888888888889,0.042341074801323125
6.966666666666667,0.09854742169883973
6.969444444444444,0.011283546942007734
6.972222222222222,0.14083930791884944
6.975,-0.028604616299273647
6.977777777777778,0.062276046312486455
6.980555555555555,0.0973752853115765
6.983333333333333,0.13105566920640804
6.986111111111111,0.11227501382198152
6.988888888888889,-0.021323748149730898
6.991666666666666,0.03000623950124902
6.9944444444444445,0.09928955546426319
6.997222222222222,-0.013138918322464575
7.0,0.00995929748546246
7.002777777777778,0.007151358697659288
7.0055555555555555,0.022511070231500514
7.008333333333334,0.1516840267426226
7.011111111111111,-0.02459813016416538
7.013888888888889,-0.18588235396395664
7.016666666666667,0.004070806231542689
7.019444444444445,0.0025525624952037126
7.022222222222222,0.07354790206446474
7.025,0.09773076954107598
7.027777777777778,0.12023581970457259
7.030555555555556,0.06561990088053182
7.033333333333333,0.04384800606033345
7.036111111111111,-0.004086878739491342
7.038888888888889,0.019072154219018648
7.041666666666667,0.0628431528754622
7.044444444444444,0.18201396527281058
7.0472222222222225,0.09743855300928717
7.05,0.08975185913490638
7.052777777777778,-0.002075460513447737
7.055555555555555,0.0346175180336498
7.058333333333334,-0.05298134951684651
7.061111111111111,0.13418010488894583
7.063888888888889,0.22985280685534337
7.066666666666666,0.05966797088348867
7.069444444444445,0.23676475384387044
7.072222222222222,0.16019278400537057
7.075,0.05181665806447234
7.0777777777777775,0.1635699614796206
7.080555555555556,0.17573086006288471
7.083333333333333,0.1874800972024038
7.086111111111111,0.16504649187264697
7.088888888888889,0.22677079638473227
7.091666666666667,0.26946620799133764
7.094444444444444,0.11655113295633168
7.097222222222222,0.16904023723607856
7.1,0.21871984988590865
7.102777777777778,0.2634481665620361
7.105555555555555,0.32787486100780566
7.108333333333333,0.15805973881173913
7.111111111111111,0.33089598591952873
7.113888888888889,0.3272578858138675
7.116666666666666,0.33477301168992174
7.1194444444444445,0.2804252075787802
7.122222222222222,0.2685998476510172
7.125,0.3608217060495243
7.127777777777778,0.4002608390328159
7.1305555555555555,0.38014322324315275
7.133333333333334,0.18343357485292427
7.136111111111111,0.30789934803466945
7.138888888888889,0.42779315186090655
7.141666666666667,0.4113135327114228
7.144444444444445,0.377618990622106
7.147222222222222,0.3169110787769948
7.15,0.32140042034675875
7.152777777777778,0.25556764541563237
7.155555555555556,0.29354900927434124
7.158333333333333,0.290971791318597
7.161111111111111,0.385258257352816
7.163888888888889,0.31355636253713
7.166666666666667,0.2990697737533478
7.169444444444444,0.3120196255760621
7.1722222222222225,0.21237318977512648
7.175,0.3037619912459325
7.177777777777778,0.3037916874252444
7.180555555555555,0.28657550723744357
7.183333333333334,0.23239064267539336
7.186111111111111,0.20266446589246112
7.188888888888889,0.17249929407501427
7.191666666666666,0.2616945115272169
7.194444444444445,0.1069327835239065
7.197222222222222,0.10117292498037206
7.2,0.15128292324739187
7.2027777777777775,0.21433658545010223
7.205555555555556,0.17134678623836602
7.208333333333333,0.22801841413411797
7.211111111111111,0.11785999409631165
7.213888888888889,0.1694790071012512
7.216666666666667,0.036257597196901664
7.219444444444444,0.0878186612063936
7.222222222222222,0.16956884159022756
7.225,0.117617877235709
7.227777777777778,0.1221185783676404
7.230555555555555,0.15691389722673849
7.233333333333333,0.02984871029668206
7.236111111111111,0.10265550638279036
7.238888888888889,0.14155403623709356
7.241666666666666,0.08036277082587003
7.2444444444444445,0.12817371605341601
7.247222222222222,0.07885180733755903
7.25,0.04291320173908547
7.252777777777778,0.01939545847884127
7.2555555555555555,0.1426248560970581
7.258333333333334,0.06303027612430187
7.261111111111111,0.10413204003271975
7.263888888888889,0.09564951219113897
7.266666666666667,0.08307568885892341
7.269444444444445,0.059431737216415786
7.272222222222222,0.1685114916133085
7.275,0.017220558562285673
7.277777777777778,0.07205383773904821
7.280555555555556,0.02100203765598746
7.283333333333333,0.07340747287307542
7.286111111111111,-0.04528500299500883
7.288888888888889,0.16577664719308144
7.291666666666667,-0.029221240126240902
7.294444444444444,0.0709569256966434
7.2972222222222225,0.09590046044559586
7.3,0.15716373126709873
7.302777777777778,0.1705461010127456
7.305555555555555,0.122028641013427
7.308333333333334,0.1601747248325051
7.311111111111111,-2.737400141029911e-05
7.313888888888889,0.0774356513307798
7.316666666666666,0.11370000349419446
7.319444444444445,0.11391932587476314
7.322222222222222,0.14402342364415596
7.325,0.019459571890321478
7.3277777777777775,0.09958466031802855
7.330555555555556,0.13919346863954835
7.333333333333333,0.1312934176400815
7.336111111111111,-0.0051542599823354435
7.338888888888889,0.11501219918861119
7.341666666666667,0.11123245750925705
7.344444444444444,0.17913681186891695
7.347222222222222,0.08372738677099299
7.35,0.1637007096862186
7.352777777777778,0.00621959250030138
7.355555555555555,0.10051807052311487
7.358333333333333,0.10732524781167106
7.361111111111111,0.049178806752748855
7.363888888888889,0.2080129144253144
7.366666666666666,0.09596324678157904
7.3694444444444445,0.2629496513096383
7.372222222222222,0.10831812684139537
7.375,0.18536753558565827
7.377777777777778,0.16436322015435034
7.3805555555555555,0.09081045373110877
7.383333333333334,0.22695265219190783
7.386111111111111,0.1854849522167536
7.388888888888889,0.07651496521525905
7.391666666666667,-0.038967474038835825
7.394444444444445,0.1448225705862558
7.397222222222222,0.07048340589657863
7.4,0.09017282180158341
7.402777777777778,0.16349630921462482
7.405555555555556,0.12065609642232844
7.408333333333333,0.1483950821112889
7.411111111111111,-0.009899100478846068
7.413888888888889,0.050553993352172866
7.416666666666667,0.13078109779879982
7.419444444444444,0.13444875581219787
7.4222222222222225,0.24027156445316955
7.425,0.06724731141462167
7.427777777777778,0.06360441162157526
7.430555555555555,0.008708630835888881
7.433333333333334,0.09642344246326015
7.436111111111111,0.11163679635355593
7.438888888888889,0.03370119604888627
7.441666666666666,0.16865234242701999
7.444444444444445,0.01926798500897768
7.447222222222222,0.10647982721291938
7.45,-0.025547698839721356
7.4527777777777775,0.04208641826683162
7.455555555555556,0.1149052977624998
7.458333333333333,0.02602964158743265
7.461111111111111,0.15931678098120855
7.463888888888889,0.1477691994756091
7.466666666666667,0.11098896909606076
7.469444444444444,0.056592786861990436
7.472222222222222,0.1244124208650503
7.475,-0.047735442937193825
7.477777777777778,0.06753274138976462
7.480555555555555,0.0901727653528244
7.483333333333333,0.17983076349244867
7.486111111111111,0.15178792361326585
7.488888888888889,0.11650393168343694
7.491666666666666,0.16633168088300612
7.4944444444444445,0.0012927520113147073
7.497222222222222,0.07936377002354095
7.5,0.18844376064805507
7.502777777777778,0.23280708374934428
7.5055555555555555,0.1803581577062876
7.508333333333334,0.24162275192327143
7.511111111111111,0.0915827907716308
7.513888888888889,0.0743550013136098
7.516666666666667,0.13519963886463582
7.519444444444445,0.2190280040288309
7.522222222222222,0.24695584398227222
7.525,0.2603264878524811
7.527777777777778,0.3025431476260513
7.530555555555556,0.17499216923686028
7.533333333333333,0.22722833060301473
7.536111111111111,0.22201427743204477
7.538888888888889,0.1874724592938926
7.541666666666667,0.19355830027475027
7.544444444444444,0.2892392339597518
7.5472222222222225,0.2775729206288096
7.55,0.14626272253026532
7.552777777777778,0.11164660865345047
7.555555555555555,0.2020420514775099
7.558333333333334,-0.07289710040606907
7.561111111111111,0.14137075931812101
7.563888888888889,0.20735569262095696
7.566666666666666,0.15937807356502526
7.569444444444445,0.11620695713030278
7.572222222222222,0.09376944887997879
7.575,0.05327082829341338
7.5777777777777775,0.18819299902520548
7.580555555555556,0.1129927445140099
7.583333333333333,0.11540709629005647
7.586111111111111,0.16708168346871669
7.588888888888889,0.1544357701286962
7.591666666666667,-0.02769809464928441
7.594444444444444,-0.0009008408206108709
7.597222222222222,0.15129221655002323
7.6,0.09500767703270674
7.602777777777778,0.19155306882080553
7.605555555555555,0.09561887123939128
7.608333333333333,0.10312451538685369
7.611111111111111,-0.0030033407745470447
7.613888888888889,0.07191552820889852
7.616666666666666,0.05517872869889434
7.6194444444444445,0.11575194723007953
7.622222222222222,0.21071554672203102
7.625,0.2355540481763823
7.627777777777778,0.07549130561471105
7.6305555555555555,-0.017863396043720198
7.633333333333334,-0.055247220078495224
7.636111111111111,-0.07752696827251762
7.638888888888889,0.03234799717355656
7.641666666666667,0.04441546989261971
7.644444444444445,0.12172011622912576
7.647222222222222,0.08053327799025906
7.65,0.15148547062330914
7.652777777777778,0.1543030791895997
7.655555555555556,0.11334868504242267
7.658333333333333,0.18435396013260005
7.661111111111111,0.11177301202643922
7.663888888888889,0.190493790637725
7.666666666666667,0.12286636050786126
7.669444444444444,0.11617288505862657
7.6722222222222225,0.08168738464544033
7.675,0.14350830667411205
7.677777777777778,0.17693866830832428
7.680555555555555,0.19303506092722528
7.683333333333334,0.31796309971948084
7.686111111111111,0.5381350646952456
7.688888888888889,0.4853448575903899
7.691666666666666,0.6719262060642931
7.694444444444445,0.7973112812406232
7.697222222222222,0.9433029743794711
7.7,1.1757983707602127
7.7027777777777775,1.178933699522127
7.705555555555556,1.2098837639251518
7.708333333333333,1.2637904191338682
7.711111111111111,1.102773742895598
7.713888888888889,1.0535830241105735
7.716666666666667,0.8335025646773695
7.719444444444444,0.7249633044974189
7.722222222222222,0.6167521606292546
7.725,0.35270922778293945
7.727777777777778,0.32484227138765515
7.730555555555555,0.31293697697032336
7.733333333333333,0.12095556507933766
7.736111111111111,0.1216483304750165
7.738888888888889,0.11019057347941447
7.741666666666666,-0.0776295194345734
7.7444444444444445,0.008031525364415537
7.747222222222222,0.04744175149374005
7.75,-0.10446600761044215
7.752777777777778,-0.23951638745888526
7.7555555555555555,-0.23110512237789257
7.758333333333334,-0.23161092377637332
7.761111111111111,-0.05914144174392784
7.763888888888889,-0.11850189908206403
7.766666666666667,-0.04711883032487537
7.769444444444445,-0.05673650500705382
7.772222222222222,0.05257014038591389
7.775,0.058766901550392436
7.777777777777778,-0.019333632028667933
7.780555555555556,0.13048375204726415
7.783333333333333,0.14852740233428147
7.786111111111111,0.13093647071525577
7.788888888888889,0.15603375897161698
7.791666666666667,-0.013772241230441143
7.794444444444444,0.03457154564373112
7.7972222222222225,0.14734335234332094
7.8,0.16478293148659373
7.802777777777778,0.08992924644975368
7.805555555555555,0.14799739478605614
7.808333333333334,0.14814943137806016
7.811111111111111,0.13763838470197004
7.813888888888889,0.08006152785750646
7.816666666666666,0.13529463636412822
7.819444444444445,0.12322564595622928
7.822222222222222,0.13816380575281953
7.825,0.1430369807604982
7.8277777777777775,0.1980047226406209
7.830555555555556,0.16910814093098192
7.833333333333333,0.17759833487310256
7.836111111111111,0.11072546027204114
7.838888888888889,0.11528548094635094
7.841666666666667,0.1396430464684355
7.844444444444444,0.2530861246884898
7.847222222222222,0.16953655357700223
7.85,0.1260193715072695
7.852777777777778,0.037714427232106766
7.855555555555555,0.10697237237727826
7.858333333333333,0.09564023878184051
7.861111111111111,0.08151046596731716
7.863888888888889,0.15310076152103644
7.866666666666666,0.1854317581142478
7.8694444444444445,0.17178163552041137
7.872222222222222,0.08602074636979722
7.875,0.06383589133605296
7.877777777777778,0.08985648525698467
7.8805555555555555,0.1343245699837538
7.883333333333334,0.17812039244437852
7.886111111111111,0.06433954261894059
7.888888888888889,0.10348390304453688
7.891666666666667,0.02532913827573746
7.894444444444445,0.14283951162683556
7.897222222222222,0.04912781622321247
7.9,0.11741708472976677
7.902777777777778,0.18120409742949123
7.905555555555556,0.22958072736488452
7.908333333333333,0.04445020920347478
7.911111111111111,-0.01934444943061403
7.913888888888889,-0.009477833075820591
7.916666666666667,0.10731399181768744
7.919444444444444,0.14877604332957972
7.9222222222222225,0.18395511018552943
7.925,0.03333175867153529
7.927777777777778,0.26097778389482246
7.930555555555555,0.1973857459733675
7.933333333333334,0.1932984301354668
7.936111111111111,0.14420081887317876
7.938888888888889,0.16298844812311497
7.941666666666666,0.264078884253466
7.944444444444445,0.33141959583595526
7.947222222222222,0.24995661619533877
7.95,0.22074076501796583
7.9527777777777775,0.22891932174125224
7.955555555555556,0.2580305491610206
7.958333333333333,0.2993800067605828
7.961111111111111,0.33958606963163007
7.963888888888889,0.3213003061596672
7.966666666666667,0.26445630130753
7.969444444444444,0.36393714690876866
7.972222222222222,0.40141796530505164
7.975,0.230394844357911
7.977777777777778,0.35640922490029264
7.980555555555555,0.3474217918201699
7.983333333333333,0.3943595472467589
7.986111111111111,0.37721695230590757
7.988888888888889,0.4466001883991285
7.991666666666666,0.33921629171111956
7.9944444444444445,0.37639141525785186
7.997222222222222,0.4290436747828599
8.0,0.3966789061212949
8.002777777777778,0.303779034194289
8.005555555555556,0.2891951635079498
8.008333333333333,0.38066962469581556
8.011111111111111,0.28255327415469683
8.01388888888889,0.23494739026899752
8.016666666666667,0.2011338747404015
8.019444444444444,0.37085165061268655
8.022222222222222,0.24625427694839416
8.025,0.20109922123470275
8.027777777777779,0.24434721071659263
8.030555555555555,0.19008866779925435
8.033333333333333,0.1640229025256701
8.036111111111111,0.12476070331234597
8.03888888888889,0.15498713132140918
8.041666666666666,0.23092452300634345
8.044444444444444,0.28280380953352724
8.047222222222222,0.23112305833343388
8.05,0.18193164051111735
8.052777777777777,0.23420589952238363
8.055555555555555,0.13576650050927944
8.058333333333334,0.06075215152488786
8.061111111111112,0.06265242098071389
8.063888888888888,0.22251886700487636
8.066666666666666,0.13946570568431094
8.069444444444445,0.14284304482532859
8.072222222222223,0.07623318083580136
8.075,0.11349207506462769
8.077777777777778,0.04289707662818056
8.080555555555556,0.18877691470179744
8.083333333333334,0.146470317463532
8.08611111111111,0.1308930425544739
8.088888888888889,0.14113177790831583
8.091666666666667,0.15205805675064368
8.094444444444445,-0.010972921233770985
8.097222222222221,0.0929532655284811
8.1,0.1088595895867608
8.102777777777778,0.21054234439885644
8.105555555555556,0.10540846807976896
8.108333333333333,0.07755735802266875
8.11111111111111,0.04070272712673358
8.113888888888889,0.16927495930716524
8.116666666666667,0.10213646156594545
8.119444444444444,0.1492014021232509
8.122222222222222,0.09766078424691724
8.125,0.06124201041208106
8.127777777777778,0.12657440400632433
8.130555555555556,0.14175796074311187
8.133333333333333,0.07697611098868862
8.136111111111111,0.0647720019489954
8.13888888888889,0.060691888020574555
8.141666666666667,0.14282271177088665
8.144444444444444,0.1776613822896161
8.147222222222222,0.1374988908695003
8.15,0.1005844847248801
8.152777777777779,0.0902671981132446
8.155555555555555,-0.00716257941647247
8.158333333333333,0.04214273227083198
8.161111111111111,0.07392522159046691
8.16388888888889,0.10345137661345914
8.166666666666666,0.16264254680438728
8.169444444444444,0.18459950523770868
8.172222222222222,0.12502650355410455
8.175,0.04338580001291195
8.177777777777777,0.07300878609894779
8.180555555555555,0.11942083485606633
8.183333333333334,0.05608870108131862
8.186111111111112,0.13265019442251252
8.188888888888888,0.09452772639728939
8.191666666666666,0.04541366174929799
8.194444444444445,9.916355966922696e-05
8.197222222222223,-0.0021526657379181066
8.2,0.0744334613730055
8.202777777777778,-0.0007214129609459524
8.205555555555556,0.05997112296585134
8.208333333333334,0.19595243198340412
8.21111111111111,0.13000017169325834
8.213888888888889,0.058792262214558945
8.216666666666667,0.03584283609191091
8.219444444444445,0.032856129011397894
8.222222222222221,0.042291818343614666
8.225,0.06452850098931576
8.227777777777778,0.14984314359759932
8.230555555555556,0.05552115650056491
8.233333333333333,0.08736412222247225
8.23611111111111,0.028908640202007244
8.238888888888889,0.027936089114096146
8.241666666666667,0.09794929827044525
8.244444444444444,0.24137997670686787
8.247222222222222,-0.04201394655817439
8.25,0.09244364548044437
8.252777777777778,0.11097882649018224
8.255555555555556,0.04334586721628731
8.258333333333333,0.06950574372552558
8.261111111111111,0.03321881386903464
8.26388888888889,0.1760919002415176
8.266666666666667,0.15067923612517903
8.269444444444444,0.05115837425637314
8.272222222222222,0.014614488224700371
8.275,0.05966901383874503
8.277777777777779,-0.030543554109595153
8.280555555555555,0.12646422773657068
8.283333333333333,0.15438838890087062
8.286111111111111,0.1583949349723993
8.28888888888889,0.043360056624810794
8.291666666666666,0.08292321207639168
8.294444444444444,0.03519619874289345
8.297222222222222,0.010077529501836251
8.3,0.03374726859090014
8.302777777777777,0.07241567056609907
8.305555555555555,0.08112412838061259
8.308333333333334,0.04550289439159852
8.311111111111112,0.10327453586856102
8.313888888888888,-0.08506711239441608
8.316666666666666,0.015047301075174851
8.319444444444445,0.05341895203258704
8.322222222222223,0.16089681849656634
8.325,-0.02212760553862317
8.327777777777778,0.1362459931779895
8.330555555555556,0.05538849489264546
8.333333333333334,0.05452306577474277
8.33611111111111,0.06211920926140231
8.338888888888889,0.13298781955423034
8.341666666666667,0.08134297664134418
8.344444444444445,0.1809293912254084
8.347222222222221,0.18389007473783664
8.35,0.051587294731438915
8.352777777777778,0.04320327648852417
8.355555555555556,0.16738628334558725
8.358333333333333,0.15684671030686217
8.36111111111111,0.13656024714057266
8.363888888888889,0.2881276457374237
8.366666666666667,0.22121223500934986
8.369444444444444,0.14484821322858207
8.372222222222222,0.1575573061670267
8.375,0.05852934753466675
8.377777777777778,0.1651627382243323
8.380555555555556,0.18777831505737774
8.383333333333333,0.18839913962869023
8.386111111111111,0.19953747652985482
8.38888888888889,0.21228511255042165
8.391666666666667,0.03453069834387042
8.394444444444444,0.020408925022254505
8.397222222222222,0.12866422506583652
8.4,0.0902729170178441
8.402777777777779,0.11118815500040126
8.405555555555555,0.09687525655556671
8.408333333333333,0.12234938506780607
8.411111111111111,-0.0033310557916828853
8.41388888888889,-0.0014629420515296018
8.416666666666666,-0.05711939333542692
8.419444444444444,0.056417501603191644
8.422222222222222,0.14682774131406678
8.425,0.08671020919979591
8.427777777777777,0.08113617507311194
8.430555555555555,0.12009181003904729
8.433333333333334,0.018766542497071867
8.436111111111112,0.05256206866812678
8.438888888888888,-0.02824073337449863
8.441666666666666,0.11599458028260146
8.444444444444445,0.09580861012787585
8.447222222222223,0.04203202537996134
8.45,0.05149397026418889
8.452777777777778,-0.015370684545045237
8.455555555555556,-0.07376056204438018
8.458333333333334,0.03692768638633853
8.46111111111111,0.07761930506929912
8.463888888888889,0.07628128161062897
8.466666666666667,0.11150043063058437
8.469444444444445,0.007526598157690544
8.472222222222221,-0.0053694186304834215
8.475,-0.095741413094209
8.477777777777778,-0.051482964271529985
8.480555555555556,-0.04040693848147809
8.483333333333333,0.06499290349809322
8.48611111111111,0.05985793084669226
8.488888888888889,0.0738040904477646
8.491666666666667,-0.07999575148452152
8.494444444444444,0.044833143423428326
8.497222222222222,-0.07365951075695537
8.5,0.048953597667034617
8.502777777777778,0.017265390660914724
8.505555555555556,0.004362857294085018
8.508333333333333,0.12843925209394583
8.511111111111111,0.02851723153099283
8.51388888888889,0.03420683767461827
8.516666666666667,-0.018231073327137248
8.519444444444444,0.08403887391015666
8.522222222222222,0.10970680820927814
8.525,0.0868137393460946
8.527777777777779,0.23169900117040537
8.530555555555555,0.09558898952153551
8.533333333333333,0.2653527688339451
8.536111111111111,0.38054734834559995
8.53888888888889,0.576911953796756
8.541666666666666,0.7718784140346088
8.544444444444444,0.854664163576317
8.547222222222222,0.9814444053567711
8.55,1.042390986625053
8.552777777777777,1.1488116081080506
8.555555555555555,1.0757615410323738
8.558333333333334,0.9306115006359688
8.561111111111112,0.9394805508101183
8.563888888888888,0.7390461680621151
8.566666666666666,0.685908926344204
8.569444444444445,0.43983258103242984
8.572222222222223,0.19972032167951698
8.575,0.18343949774908638
8.577777777777778,0.05634605393869152
8.580555555555556,0.08343294659987589
8.583333333333334,0.007245970428010399
8.58611111111111,0.07164340274433628
8.588888888888889,-0.16673304731028624
8.591666666666667,-0.2647524581675248
8.594444444444445,-0.24790741936930058
8.597222222222221,-0.2928298372026462
8.6,-0.2723542091112007
8.602777777777778,-0.26830712906489845
8.605555555555556,-0.2696640372634107
8.608333333333333,-0.2577744228609615
8.61111111111111,-0.17128529207369442
8.613888888888889,-0.10512188451640499
8.616666666666667,-0.2389834036554589
8.619444444444444,-0.08672542374220672
8.622222222222222,-0.0935729042652732
8.625,0.11900436035149609
8.627777777777778,-0.06447933866036713
8.630555555555556,0.05226161259162879
8.633333333333333,0.06255266703653367
8.636111111111111,-0.007248835906099892
8.63888888888889,-0.014158764156490845
8.641666666666667,0.00931641908615512
8.644444444444444,0.01730447808626539
8.647222222222222,-0.05041137591237285
8.65,0.01685481389882822
8.652777777777779,-0.04363710835231195
8.655555555555555,0.0576958741827791
8.658333333333333,0.0005073552264499015
8.661111111111111,0.005553910918117046
8.66388888888889,0.02787410078619573
8.666666666666666,0.09772903849072229
8.669444444444444,-0.01935273228545821
8.672222222222222,-0.0078079623718014645
8.675,-0.05905469272940696
8.677777777777777,0.0607019125673698
8.680555555555555,0.011684073667297627
8.683333333333334,0.03170859213952343
8.686111111111112,0.06636897661605576
8.688888888888888,-0.03236298970668357
8.691666666666666,-0.030766534925039897
8.694444444444445,-0.034398709482022304
8.697222222222223,0.00443875016033661
8.7,0.038678410031254745
8.702777777777778,0.0261341829417948
8.705555555555556,0.1293982333859181
8.708333333333334,-0.10762787172474
8.71111111111111,-0.025971802867593406
8.713888888888889,-0.11649176428725577
8.716666666666667,-0.07282760763937156
8.719444444444445,0.048190000515863175
8.722222222222221,-0.009701855077432521
8.725,0.06206586153628757
8.727777777777778,-0.047630016518120696
8.730555555555556,-0.00047595734101855145
8.733333333333333,0.06478084629825087
8.73611111111111,0.10346085485593826
8.738888888888889,0.024184226434147763
8.741666666666667,0.01293973218349578
8.744444444444444,-0.00969367004911259
8.747222222222222,-0.028655100310587184
8.75,0.0481423881800159
8.752777777777778,-0.026505003308260864
8.755555555555556,0.013223866024171861
8.758333333333333,-0.03625085158646861
8.761111111111111,0.023761300278449936
8.76388888888889,0.08727377716191125
8.766666666666667,-0.042124308243961225
8.769444444444444,0.059400063364379196
8.772222222222222,0.05403870660417956
8.775,0.04177449719544021
8.777777777777779,0.12427375130484339
8.780555555555555,0.08802099777813127
8.783333333333333,0.14311241516287607
8.786111111111111,0.17931500183769328
8.78888888888889,0.20437560480493472
8.791666666666666,0.12131763122119776
8.794444444444444,0.18516839832450263
8.797222222222222,0.20211758557650294
8.8,0.14612082101923818
8.802777777777777,0.22857110733264702
8.805555555555555,0.23946528516909102
8.808333333333334,0.23066079559212568
8.811111111111112,0.1302505645582338
8.813888888888888,0.12093791166333374
8.816666666666666,0.16184905054900559
8.819444444444445,0.0889786975312177
8.822222222222223,0.29909858503410275
8.825,0.29421054613500214
8.827777777777778,0.31307584465483806
8.830555555555556,0.21479338511351126
8.833333333333334,0.19080445541360552
8.83611111111111,0.2661754864168785
8.838888888888889,0.266395100258896
8.841666666666667,0.24312872416474898
8.844444444444445,0.23917331805318315
8.847222222222221,0.2652774454300163
8.85,0.15262785471450882
8.852777777777778,0.22415892020449957
8.855555555555556,0.17906957918279884
8.858333333333333,0.21263705079426484
8.86111111111111,0.1771136216280717
8.863888888888889,0.17970693176922037
8.866666666666667,0.19639304433930135
8.869444444444444,0.13203709974370242
8.872222222222222,0.09334952303728813
8.875,0.2170048365645618
8.877777777777778,0.04753136289092118
8.880555555555556,0.13767008996205335
8.883333333333333,0.17693151552649294
8.886111111111111,0.10824370207210461
8.88888888888889,0.030024898692443805
8.891666666666667,0.13756127802009438
8.894444444444444,-0.04219571138205786
8.897222222222222,-0.056947911762424745
8.9,0.08451891113575395
8.902777777777779,0.02139238584424468
8.905555555555555,0.0004344255366642777
8.908333333333333,0.07867744439416258
8.911111111111111,0.029445448441812155
8.91388888888889,-0.0446892752185761
8.916666666666666,-0.09411354785609163
8.919444444444444,-0.015211169501597026
8.922222222222222,0.024290309480830306
8.925,0.1764661190537186
8.927777777777777,0.07644499915832442
8.930555555555555,-0.10985312881826605
8.933333333333334,-0.0751552497915024
8.936111111111112,-0.07107898715815458
8.938888888888888,-0.016166797284706075
8.941666666666666,-0.017695715110625523
8.944444444444445,-0.06842023262447375
8.947222222222223,-0.0723876382264515
8.95,0.019357510449518035
8.952777777777778,-0.026669416932510803
8.955555555555556,0.005153633718812792
8.958333333333334,-0.1530643291431476
8.96111111111111,0.015470638200009743
8.963888888888889,0.10570509998391533
8.966666666666667,0.0313683903707193
8.969444444444445,-0.04519719026655521
8.972222222222221,-0.11289807827633731
8.975,-0.08979793135752004
8.977777777777778,-0.01081328370917052
8.980555555555556,0.062363210440561485
8.983333333333333,-0.11727827854574938
8.98611111111111,-0.08226309569715715
8.988888888888889,-0.04918246661540352
8.991666666666667,-0.028565795665825802
8.994444444444444,-0.12897154997945853
8.997222222222222,-0.03142147387521863
9.0,-0.13638586063833597
9.002777777777778,-0.03710360755669277
9.005555555555556,-0.17805652195957544
9.008333333333333,-0.1405092056316134
9.011111111111111,0.029505261634459767
9.01388888888889,-0.05768483998344136
9.016666666666667,-0.14294576877189472
9.019444444444444,0.002711780411596809
9.022222222222222,-0.04669847727680808
9.025,-0.06613725978131785
9.027777777777779,-0.0898483178183983
9.030555555555555,-0.10847932603127079
9.033333333333333,0.020006434564098063
9.036111111111111,-0.08965896518147094
9.03888888888889,-0.07969879416174075
9.041666666666666,0.07342566170712697
9.044444444444444,-0.0392852845538648
9.047222222222222,-0.12857575767852777
9.05,-0.005156182536823657
9.052777777777777,-0.05768885406585143
9.055555555555555,0.0012881637104410204
9.058333333333334,-0.07868019310820827
9.061111111111112,0.0370190622655411
9.063888888888888,0.07263978827985823
9.066666666666666,-0.038461005809385704
9.069444444444445,-0.06483833617682563
9.072222222222223,-0.040946443947726834
9.075,-0.10138267023856275
9.077777777777778,-0.10855096537772314
9.080555555555556,-0.058337639849170224
9.083333333333334,-0.010480112344485343
9.08611111111111,0.028854221573960948
9.088888888888889,-0.08959468262064745
9.091666666666667,-0.0727430602412246
9.094444444444445,-0.11432139561038152
9.097222222222221,-0.09539940753730551
9.1,0.05544505635287327
9.102777777777778,-0.010996575555311864
9.105555555555556,-0.019570908815055903
9.108333333333333,-0.05840197234497413
9.11111111111111,-0.07204820334032183
9.113888888888889,-0.06186887903606002
9.116666666666667,-0.11677473763660931
9.119444444444444,-0.013284055738230476
9.122222222222222,0.055383017801721016
9.125,-0.019450686212547405
9.127777777777778,0.047330240102144046
9.130555555555556,0.06414139595724565
9.133333333333333,0.18901530518980297
9.136111111111111,0.36095204352618254
9.13888888888889,0.5155532468038062
9.141666666666667,0.5106696094799293
9.144444444444444,0.6615269008135571
9.147222222222222,0.9122456929370036
9.15,0.862109221090742
9.152777777777779,0.857773615851217
9.155555555555555,0.8511328194982286
9.158333333333333,0.8493398314794004
9.161111111111111,0.7482942243380475
9.16388888888889,0.6119434790936156
9.166666666666666,0.45860537974722576
9.169444444444444,0.4029900048308336
9.172222222222222,0.19364004962349846
9.175,0.0820372009952065
9.177777777777777,0.0048138392629716205
9.180555555555555,-0.03608988612523756
9.183333333333334,0.005548177457304515
9.186111111111112,-0.026716114767641422
9.188888888888888,-0.10810120509688391
9.191666666666666,-0.10186430567370287
9.194444444444445,-0.23225600730333987
9.197222222222223,-0.43277688954933846
9.2,-0.3556446789781029
9.202777777777778,-0.15582166731634145
9.205555555555556,-0.24712754708909845
9.208333333333334,-0.32414251313509146
9.21111111111111,-0.23180431773037147
9.213888888888889,-0.17108675565188328
9.216666666666667,-0.17719976743424354
9.219444444444445,-0.06185924396997343
9.222222222222221,-0.1568774346138144
9.225,-0.07753752562111776
9.227777777777778,-0.10335091255336207
9.230555555555556,0.046646061107647685
9.233333333333333,-0.10237426276603881
9.23611111111111,-0.05284023287116194
9.238888888888889,-0.09279959848785072
9.241666666666667,-0.11062653112713061
9.244444444444444,-0.1853698322086828
9.247222222222222,0.025395945242088012
9.25,-0.14680054444554616
9.252777777777778,-0.02436185637880143
9.255555555555556,-0.06693668390832144
9.258333333333333,-0.08165913152549778
9.261111111111111,0.08821148869657924
9.26388888888889,-0.08829608259458809
9.266666666666667,0.010986249234874592
9.269444444444444,-0.08614431405320858
9.272222222222222,-0.05952066220003269
9.275,-0.1839861540473861
9.277777777777779,-0.04784358379454208
9.280555555555555,-0.05748666399877162
9.283333333333333,0.028021427037289586
9.286111111111111,-0.0826871687454876
9.28888888888889,0.07206694299010624
9.291666666666666,-0.04555812329497851
9.294444444444444,-0.07605923876936696
9.297222222222222,0.02219647490500412
9.3,-0.17809574593350977
9.302777777777777,0.07020950731575525
9.305555555555555,-0.1499279248010884
9.308333333333334,-0.01204439981932616
9.311111111111112,-0.07442105228325867
9.313888888888888,-0.032874880495061945
9.316666666666666,0.026914844893019874
9.319444444444445,-0.05311665170712187
9.322222222222223,-0.01985561596064986
9.325,0.024469685028273562
9.327777777777778,0.04468901192307184
9.330555555555556,-0.0951474583074849
9.333333333333334,-0.0023571877071268954
9.33611111111111,-0.12229314623472842
9.338888888888889,-0.01640761263654633
9.341666666666667,-0.08692356705296927
9.344444444444445,-0.06244049394477592
9.347222222222221,-0.04866585163892365
9.35,-0.12076122393775035
9.352777777777778,0.026221713763985702
9.355555555555556,-0.06420083413898907
9.358333333333333,-0.037439740112240744
9.36111111111111,0.04506178043128281
9.363888888888889,-0.005808298114243226
9.366666666666667,-0.0058756833427114075
9.369444444444444,-0.0372053073806565
9.372222222222222,0.07421739903025029
9.375,0.01278910200441134
9.377777777777778,0.025489931534463172
9.380555555555556,-0.007783577950793923
9.383333333333333,0.07753183681311765
9.386111111111111,0.11117647453517762
9.38888888888889,0.1427803050836489
9.391666666666667,0.07982106095607898
9.394444444444444,0.02742148821131847
9.397222222222222,0.11150354901197806
9.4,0.2649022543210024
9.402777777777779,0.2303205638447664
9.405555555555555,0.2467180572702497
9.408333333333333,0.17114225156881918
9.411111111111111,0.10090850517203147
9.41388888888889,0.2758043911610538
9.416666666666666,-0.021862406586398098
9.419444444444444,0.2541892110122963
9.422222222222222,0.20061115113594521
9.425,0.2518756269615477
9.427777777777777,0.226238968071508
9.430555555555555,0.3006344491335815
9.433333333333334,0.23853060483587363
9.436111111111112,0.1476065168659491
9.438888888888888,0.2241273936697749
9.441666666666666,0.15144852427883293
9.444444444444445,0.2732295410681833
9.447222222222223,0.17238244800334407
9.45,0.17755697249195562
9.452777777777778,0.146427414728784
9.455555555555556,0.14717528859416143
9.458333333333334,0.14245865669528332
9.46111111111111,0.20596878942050018
9.463888888888889,0.23001035081107862
9.466666666666667,0.1382865307433297
9.469444444444445,0.22827120365633116
9.472222222222221,0.10883308547500328
9.475,0.04730869120674216
9.477777777777778,0.09888479840225371
9.480555555555556,-0.011754756397018964
9.483333333333333,-0.04167349218407625
9.48611111111111,0.0005168693176892669
9.488888888888889,0.1859759420265898
9.491666666666667,-0.03150644476255942
9.494444444444444,-0.03075752274034157
9.497222222222222,0.005499894769362922
9.5,-0.025810873464515674
9.502777777777778,0.0277674058626545
9.505555555555556,-0.04301020584196025
9.508333333333333,0.007817560369937852
9.511111111111111,-0.1527512536560185
9.51388888888889,-0.03585258229000931
9.516666666666667,-0.11983774328917882
9.519444444444444,-0.010702528706044434
9.522222222222222,0.022714526970390343
9.525,-0.013085632179348923
9.527777777777779,0.06097135992058293
9.530555555555555,-0.12672041667688067
9.533333333333333,-0.004199946585795547
9.536111111111111,-0.11764007908059254
9.53888888888889,-0.11955433862922099
9.541666666666666,0.015016517933285047
9.544444444444444,-0.06641973727766905
9.547222222222222,-0.17508089554553274
9.55,-0.045690495443866656
9.552777777777777,-0.13004433525136905
9.555555555555555,0.0003569835586062775
9.558333333333334,-0.01892757532881245
9.561111111111112,-0.04053425696490621
9.563888888888888,0.09248756971821448
9.566666666666666,-0.020541296035056562
9.569444444444445,-0.005021436087996788
9.572222222222223,-0.11230890027657849
9.575,-0.044337550891572534
9.577777777777778,-0.025079193763469593
9.580555555555556,0.01559649248136711
9.583333333333334,-0.07206291045639407
9.58611111111111,0.07631191412668462
9.588888888888889,-0.012454148452991108
9.591666666666667,-0.12365056797071186
9.594444444444445,-0.09008909928008885
9.597222222222221,-0.08410518967080707
9.6,-0.14993637675295585
9.602777777777778,-0.02585187578877017
9.605555555555556,-0.04578043773529805
9.608333333333333,-0.07429922858305618
9.61111111111111,-0.16588643573427192
9.613888888888889,-0.05410137056493535
9.616666666666667,-0.07131931079438132
9.619444444444444,-0.09904320262078051
9.622222222222222,-0.06620005463831441
9.625,-0.019689427665019427
9.627777777777778,-0.10312322985102992
9.630555555555556,-0.03730790015873526
9.633333333333333,-0.11287336189004116
9.636111111111111,-0.19175654554044258
9.63888888888889,-0.08920165020655013
9.641666666666667,0.013962143566672795
9.644444444444444,0.06860389675344675
9.647222222222222,-0.0039414932759006815
9.65,0.0468081775873436
9.652777777777779,-0.022529221205482813
9.655555555555555,-0.09312302838005024
9.658333333333333,-0.07671385592082247
9.661111111111111,0.025439897198687098
9.66388888888889,-0.01433524515741523
9.666666666666666,0.01813277480820085
9.669444444444444,-0.07117323317845356
9.672222222222222,-0.12639921190857073
9.675,-0.09050846106651052
9.677777777777777,-0.11084190518853378
9.680555555555555,-0.06623867638003922
9.683333333333334,-0.1036855723723683
9.686111111111112,-0.032834369191837964
9.688888888888888,-0.0446751487141151
9.691666666666666,-0.008384357161412101
9.694444444444445,-0.13598391610764937
9.697222222222223,-0.07181402639646214
9.7,-0.09655789408891599
9.702777777777778,0.03915717815057773
9.705555555555556,0.003395153477815282
9.708333333333334,-0.02053194564376262
9.71111111111111,-0.1905525785207344
9.713888888888889,-0.0536571865597003
9.716666666666667,-0.07406670801298142
9.719444444444445,-0.07198534565488103
9.722222222222221,-0.024096900505675003
9.725,-0.04458106699575633
9.727777777777778,-0.0759813860608762
9.730555555555556,-0.10565876812610366
9.733333333333333,-0.0836550964809753
9.73611111111111,-0.13155207177443917
9.738888888888889,-0.010103325915227376
9.741666666666667,-0.04232106672352405
9.744444444444444,-0.00921953655454168
9.747222222222222,-0.07577393943450733
9.75,-0.07360381329096527
9.752777777777778,-0.06348830773434835
9.755555555555556,-0.03714098733420207
9.758333333333333,-0.043769293060567406
9.761111111111111,-0.05309744037338547
9.76388888888889,-0.09263085525560275
9.766666666666667,0.05947823873476686
9.769444444444444,-0.08489768167423964
9.772222222222222,-0.21013691244493224
9.775,-0.16030953874903445
9.777777777777779,-0.17340982113074205
9.780555555555555,-0.03938073515770479
9.783333333333333,-0.01934338512856562
9.786111111111111,-0.1007144725577434
9.78888888888889,-0.010971683191393793
9.791666666666666,-0.06602022288060404
9.794444444444444,-0.11644713909996667
9.797222222222222,-0.08597561601194713
9.8,-0.060954432131779965
9.802777777777777,-0.05572326698389003
9.805555555555555,-0.018734630725297578
9.808333333333334,-0.007696111951183748
9.811111111111112,-0.040530574769916894
9.813888888888888,-0.12388541120010979
9.816666666666666,-0.15231141412370525
9.819444444444445,-0.14038220659521833
9.822222222222223,-0.038595510193430514
9.825,-0.04578109531949248
9.827777777777778,0.08514113352446355
9.830555555555556,-0.11494852796809013
9.833333333333334,-0.12664764752565866
9.83611111111111,0.0045433493075679315
9.838888888888889,-0.11596188255945569
9.841666666666667,-0.13765496568720095
9.844444444444445,-0.06367352748406432
9.847222222222221,-0.05139556653678333
9.85,-0.06588402752588161
9.852777777777778,-0.06455881730688628
9.855555555555556,0.03773403264153047
9.858333333333333,-0.04295097361379947
9.86111111111111,-0.0416594476924219
9.863888888888889,-0.08836971258472355
9.866666666666667,-0.0258418790673112
9.869444444444444,-0.0421553581766175
9.872222222222222,-0.0054288703028038815
9.875,-0.009929987142262786
9.877777777777778,-0.16582792297552884
9.880555555555556,-0.03485903029113928
9.883333333333333,-0.11182839773223709
9.886111111111111,-0.010940532883067355
9.88888888888889,0.010720571770435054
9.891666666666667,-0.08331823380941521
9.894444444444444,-0.08062103679923455
9.897222222222222,-0.13191797553076248
9.9,0.04073799650942735
9.902777777777779,0.009141028301591525
9.905555555555555,-0.0014692719626422136
9.908333333333333,0.019034313403911998
9.911111111111111,0.06407303574723709
9.91388888888889,-0.08460072873407964
9.916666666666666,0.1222822847698591
9.919444444444444,0.07082880711137204
9.922222222222222,0.06323948197944203
9.925,0.12242794971891516
9.927777777777777,0.14101078842570386
9.930555555555555,0.023497670108292935
9.933333333333334,0.012435636259365081
9.936111111111112,0.07961309004380016
9.938888888888888,0.050525096448806525
9.941666666666666,0.04632096215280765
9.944444444444445,0.0492694305012385
9.947222222222223,0.04385790432044149
9.95,-0.047342664949364364
9.952777777777778,-0.06553530429472566
9.955555555555556,-0.017587952691242234
9.958333333333334,-0.1174068841699025
9.96111111111111,0.11111527554424883
9.963888888888889,0.021813735156897836
9.966666666666667,0.05919410736459395
9.969444444444445,-0.15786629639164962
9.972222222222221,-0.150797449691748
9.975,-0.10149377843057884
9.977777777777778,-0.009284628459797412
9.980555555555556,-0.1345149293582691
9.983333333333333,-0.03370640303018318
9.98611111111111,-0.04791171363740282
9.988888888888889,0.009386207871562476
9.991666666666667,-0.0348089118778448
9.994444444444444,-0.16016535602159215
9.997222222222222,-0.13434907063755516
10.0,-0.20107213579340552
10.002777777777778,-0.06744953158891873
10.005555555555556,0.026371711537142614
10.008333333333333,-0.03418268346774998
10.011111111111111,0.005407934188612587
10.01388888888889,-0.059991145931716325
10.016666666666667,-0.15426420052024603
10.019444444444444,0.08739099599293496
10.022222222222222,-0.15473404595755966
10.025,-0.08512172944807284
10.027777777777779,-0.0392468225780172
10.030555555555555,-0.18469464220669463
10.033333333333333,-0.10527260771149265
10.036111111111111,-0.19411128411485756
10.03888888888889,-0.16415209862538727
10.041666666666666,-0.05409378849100583
10.044444444444444,-0.0850752420006923
10.047222222222222,-0.10655904849221456
10.05,-0.07207886814595565
10.052777777777777,-0.09187570275492132
10.055555555555555,-0.11647575803026679
10.058333333333334,-0.11995514694591408
10.061111111111112,-0.12369718141974476
10.063888888888888,-0.007968567372335502
10.066666666666666,-0.1439333772854122
10.069444444444445,-0.07854690002605702
10.072222222222223,0.0038062489042535452
10.075,-0.1186872857768983
10.077777777777778,-0.04193023669154285
10.080555555555556,-0.14872774592775112
10.083333333333334,-0.004046008781867866
10.08611111111111,0.15664747804317858
10.088888888888889,0.07390160937314609
10.091666666666667,0.21680978662215786
10.094444444444445,0.26870867491878064
10.097222222222221,0.44741558068346304
10.1,0.6488299317627417
10.102777777777778,0.9153903588890264
10.105555555555556,1.0785803714632185
10.108333333333333,1.0272403225821791
10.11111111111111,1.032980402461901
10.113888888888889,0.9706019908012486
10.116666666666667,0.9715899403521123
10.119444444444444,0.812055893142969
10.122222222222222,0.7350129740880218
10.125,0.6149676535386439
10.127777777777778,0.40303125546691515
10.130555555555556,0.2798046224018022
10.133333333333333,-0.001448231516558346
10.136111111111111,0.12487492760438304
10.13888888888889,-0.1275874038061688
10.141666666666667,-0.10927782880027812
10.144444444444444,0.0027731663456996153
10.147222222222222,-0.1389658023675576
10.15,-0.17327941881885872
10.152777777777779,-0.15721056580444168
10.155555555555555,-0.36710849398723555
10.158333333333333,-0.35575201319879485
10.161111111111111,-0.26956619096822526
10.16388888888889,-0.2849594242351687
10.166666666666666,-0.20601543559374647
10.169444444444444,-0.20129631048133267
10.172222222222222,-0.2965562078863293
10.175,-0.2390975096126557
10.177777777777777,-0.17118731873857237
10.180555555555555,-0.1284190651160477
10.183333333333334,-0.049394838023601534
10.186111111111112,-0.027807096352872585
10.188888888888888,0.024607287106257175
10.191666666666666,-0.0018908743127492578
10.194444444444445,-0.0077232435485868195
10.197222222222223,-0.146734321881215
10.2,-0.03092883389086397
10.202777777777778,-0.03903172965840361
10.205555555555556,-0.009163410046010092
10.208333333333334,-0.04452226638319908
10.21111111111111,-0.01355737662572283
10.213888888888889,-0.05691643381791228
10.216666666666667,-0.06191035533304407
10.219444444444445,-0.13988467911975305
10.222222222222221,-0.01064561636955515
10.225,-0.032264429043327776
10.227777777777778,0.0248426203048419
10.230555555555556,-0.05725422416520884
10.233333333333333,-0.05213269228085061
10.23611111111111,-0.027703618288811474
10.238888888888889,0.022063115810484472
10.241666666666667,-0.06699634857063261
10.244444444444444,0.01071750147230088
10.247222222222222,-0.07151841926076113
10.25,-0.06897360536618485
10.252777777777778,-0.04095322387891942
10.255555555555556,-0.09494736090449975
10.258333333333333,-0.21073755624221158
10.261111111111111,-0.06862152296363608
10.26388888888889,0.08288357664199178
10.266666666666667,0.09479667437549462
10.269444444444444,-0.04802410638396563
10.272222222222222,-0.1369372553003286
10.275,-0.10527464628967316
10.277777777777779,-0.14585178671640614
10.280555555555555,-0.08798732386866245
10.283333333333333,-0.06596496515459885
10.286111111111111,-0.02285831725850341
10.28888888888889,-0.07471254171512168
10.291666666666666,-0.024137846930438033
10.294444444444444,-0.02007708259091248
10.297222222222222,-0.10118466695277384
10.3,0.006547207286507303
10.302777777777777,-0.04004694950243616
10.305555555555555,0.008546934792490538
10.308333333333334,-0.008553386851254598
10.311111111111112,-0.04484623927501752
10.313888888888888,0.035365107852720463
10.316666666666666,-0.03506691076346973
10.319444444444445,0.09342622889998618
10.322222222222223,0.07312501949397068
10.325,0.060787389016330455
10.327777777777778,0.08186038439448694
10.330555555555556,0.08598670461105695
10.333333333333334,-0.04008894592315017
10.33611111111111,-0.057050933768356286
10.338888888888889,0.14453241268949224
10.341666666666667,0.1309147759991069
10.344444444444445,0.15687651088533555
10.347222222222221,0.26488878178583347
10.35,0.008162794042904
10.352777777777778,0.045233856166192785
10.355555555555556,0.04614291214998392
10.358333333333333,0.11170992648380099
10.36111111111111,0.07678280907318687
10.363888888888889,0.23864181084081523
10.366666666666667,0.2163385651416364
10.369444444444444,0.2202937905327956
10.372222222222222,0.12350865438341656
10.375,0.20081597345261484
10.377777777777778,0.21990939428496298
10.380555555555556,0.21466455532637357
10.383333333333333,0.22687062180310008
10.386111111111111,0.2981484031785529
10.38888888888889,0.23772577733481928
10.391666666666667,0.37917974745977945
10.394444444444444,0.07684015199394385
10.397222222222222,0.22889194546512542
10.4,0.29450396597955564
10.402777777777779,0.2671640179376065
10.405555555555555,0.323940975092584
10.408333333333333,0.2030099709497677
10.411111111111111,0.13117152839628585
10.41388888888889,0.12250183595381527
10.416666666666666,0.1834245596503628
10.419444444444444,0.15213174414812136
10.422222222222222,0.19179496604115362
10.425,0.28651972351599053
10.427777777777777,0.16890628956662876
10.430555555555555,0.08956898959262835
10.433333333333334,0.08998244337902904
10.436111111111112,0.045186441880376155
10.438888888888888,0.03730368050054087
10.441666666666666,0.14122787085270155
10.444444444444445,0.136504535100164
10.447222222222223,0.030538628424684883
10.45,0.06742886359652374
10.452777777777778,0.06691327764338983
10.455555555555556,0.03436933627024021
10.458333333333334,-0.10073862441776904
10.46111111111111,-0.028637705595472393
10.463888888888889,-0.060243578243751414
10.466666666666667,-0.002023615353639416
10.469444444444445,-0.03799900474326314
10.472222222222221,-0.10174034174085857
10.475,-0.18262362968618406
10.477777777777778,0.001576352307012592
10.480555555555556,-0.09782908573219896
10.483333333333333,-0.029796276450911523
10.48611111111111,-0.014701128695990422
10.488888888888889,0.09635449074283114
10.491666666666667,-0.09128358931857597
10.494444444444444,-0.09162831785492467
10.497222222222222,-0.010982894832523661
10.5,-0.159662274377094
10.502777777777778,0.02722951252542916
10.505555555555556,0.021921344328269098
10.508333333333333,-0.07184804129138907
10.511111111111111,-0.12176703534132555
10.51388888888889,-0.07839395572239115
10.516666666666667,-0.06606180196902413
10.519444444444444,0.013790125341631675
10.522222222222222,0.006173130880484001
10.525,-0.012146538193560113
10.527777777777779,0.04388961323417391
10.530555555555555,0.05024470303721254
10.533333333333333,0.01747434524890905
10.536111111111111,-0.06370266983421247
10.53888888888889,-0.15933042011701576
10.541666666666666,-0.08482209215452013
10.544444444444444,0.05342918301246893
10.547222222222222,-0.020245361974182596
10.55,-0.14644678894146113
10.552777777777777,-0.10547252515771352
10.555555555555555,-0.036212191951870164
10.558333333333334,-0.11791068977889069
10.561111111111112,0.01806156435132905
10.563888888888888,-0.133315395165215
10.566666666666666,-0.0690752974117767
10.569444444444445,-0.10852103661784528
10.572222222222223,-0.03533542382994859
10.575,-0.05556978490309564
10.577777777777778,-0.05306890628068899
10.580555555555556,-0.07659202748257411
10.583333333333334,0.017828542194048932
10.58611111111111,0.007265435867387395
10.588888888888889,-0.05242167275280764
10.591666666666667,-0.1104288764286708
10.594444444444445,-0.18762303083019088
10.597222222222221,-0.11271191268044851
10.6,-0.040851820129591356
10.602777777777778,0.05530521916045493
10.605555555555556,-0.031833267837527476
10.608333333333333,0.0023978110550918023
10.61111111111111,-0.028193399263331243
10.613888888888889,-0.19591510184318883
10.616666666666667,-0.014720330740586929
10.619444444444444,-0.05878722503181858
10.622222222222222,-0.07220196936741077
10.625,-0.09898128691659247
10.627777777777778,0.023822642756160747
10.630555555555556,-0.04634639603519667
10.633333333333333,-0.11067510461301885
10.636111111111111,-0.14757235729203577
10.63888888888889,0.043488347595098814
10.641666666666667,-0.01642486165738894
10.644444444444444,-0.06854217343983285
10.647222222222222,-0.021064177371838647
10.65,-0.023384852438120312
10.652777777777779,-0.04626387428271486
10.655555555555555,-0.03306871628095574
10.658333333333333,-0.07611654303064179
10.661111111111111,-0.11793760696901988
10.66388888888889,0.013057542920646148
10.666666666666666,-0.018929126271806387
10.669444444444444,-0.13252609266770332
10.672222222222222,-0.059918841791658496
10.675,-0.11745095451958733
10.677777777777777,-0.02468721585676733
10.680555555555555,-0.0060230433978797696
10.683333333333334,-0.032066446446691294
10.686111111111112,-0.0815957521794839
10.688888888888888,0.016004489891909973
10.691666666666666,-0.10593162215772556
10.694444444444445,-0.1070165565951535
10.697222222222223,-0.03157209964109036
10.7,0.016037904993453568
10.702777777777778,0.033401457839098085
10.705555555555556,-0.041660127755152966
10.708333333333334,-0.016361976760557378
10.71111111111111,-0.03725679323086363
10.713888888888889,-0.005023620224603689
10.716666666666667,-0.009871080899915674
10.719444444444445,-0.1570220009414964
10.722222222222221,0.04122968489409337
10.725,-0.07627010813666958
10.727777777777778,-0.08026273560422702
10.730555555555556,-0.10125531078041111
10.733333333333333,-0.06375575335827274
10.73611111111111,-0.0013149820883944646
10.738888888888889,-0.12271440756326245
10.741666666666667,-0.06514605353267469
10.744444444444444,0.03743785165005849
10.747222222222222,0.027320426030390758
10.75,0.040593618252071084
10.752777777777778,0.05304672008966395
10.755555555555556,0.08953180974719421
10.758333333333333,-0.00944528884378797
10.761111111111111,0.05618515624818158
10.76388888888889,-0.0005465757889152323
10.766666666666667,0.031069189008786982
10.769444444444444,0.13989697188316785
10.772222222222222,0.08679587764245333
10.775,0.054663163447351795
10.777777777777779,0.09729991190111377
10.780555555555555,0.0885119084951804
10.783333333333333,0.09933535931748261
10.786111111111111,0.08455509869963258
10.78888888888889,0.0014427191019785249
10.791666666666666,-0.035569747692628315
10.794444444444444,-0.08396539733601446
10.797222222222222,0.05121704468327229
10.8,0.04738926576609381
10.802777777777777,-0.023912242107721405
10.805555555555555,0.02416008833610635
10.808333333333334,-0.04346813519080954
10.811111111111112,-0.08554952047237756
10.813888888888888,-0.16401010888711914
10.816666666666666,-0.07714079813770311
10.819444444444445,-0.09054474080366896
10.822222222222223,-0.0704490577086655
10.825,0.013886702841339651
10.827777777777778,0.034835953718546114
10.830555555555556,0.04383993967003708
10.833333333333334,-0.05344031303546659
10.83611111111111,-0.1488198219720836
10.838888888888889,-0.14352814251667395
10.841666666666667,0.022318023404480504
10.844444444444445,0.026181321855761684
10.847222222222221,-0.11704513653207167
10.85,0.019681408265677915
10.852777777777778,-0.06024671825797753
10.855555555555556,-0.11794680062496685
10.858333333333333,-0.08638118431904437
10.86111111111111,0.07878418139785785
10.863888888888889,-0.03748688667022722
10.866666666666667,-0.047457712043251075
10.869444444444444,-0.17010818155385168
10.872222222222222,-0.17701005279564452
10.875,-0.13639649650421107
10.877777777777778,-0.07577302535128433
10.880555555555556,-0.21452680837230204
10.883333333333333,-0.11841491176763391
10.886111111111111,-0.07864599781122356
10.88888888888889,-0.05515560661635782
10.891666666666667,-0.1225172099507386
10.894444444444444,-0.12195364748793566
10.897222222222222,-0.18164471697936796
10.9,0.10603064342577491
10.902777777777779,-0.11144058414528585
10.905555555555555,-0.14778235143516918
10.908333333333333,0.026163176210937722
10.911111111111111,-0.07007724929099536
10.91388888888889,-0.020067959160697278
10.916666666666666,0.0029406155664805506
10.919444444444444,0.00821413510758022
10.922222222222222,0.0389353327811005
10.925,0.0158964578641516
10.927777777777777,0.22492584541158023
10.930555555555555,0.2929226730652272
10.933333333333334,0.2986796950295552
10.936111111111112,0.42937840305972685
10.938888888888888,0.6633707592365767
10.941666666666666,0.8651966613521777
10.944444444444445,0.9601614154465731
10.947222222222223,1.1150393245648138
10.95,1.0531271051516693
10.952777777777778,0.9775232520788367
10.955555555555556,0.8472285531772727
10.958333333333334,0.7221403932235999
10.96111111111111,0.6307936776181855
10.963888888888889,0.5327326950504847
10.966666666666667,0.3529077663733795
10.969444444444445,0.24876732175361138
10.972222222222221,0.06722096417217555
10.975,-0.13320843191540382
10.977777777777778,-0.05982979621747892
10.980555555555556,-0.08194659048938951
10.983333333333333,-0.13762021751283068
10.98611111111111,-0.19430676101252387
10.988888888888889,-0.18066239709560813
10.991666666666667,-0.2689579689387881
10.994444444444444,-0.33882148101266996
10.997222222222222,-0.3718227488260541
11.0,-0.43075964705071523
11.002777777777778,-0.27281389460423927
11.005555555555556,-0.3060759268056142
11.008333333333333,-0.1654153343319143
11.011111111111111,-0.2600625028994816
11.01388888888889,-0.1762369875615138
11.016666666666667,-0.17351971740452612
11.019444444444444,-0.040631779715594105
11.022222222222222,0.014848914997042217
11.025,-0.10470743942689387
11.027777777777779,-0.10911188022386575
11.030555555555555,-0.0413210819754241
11.033333333333333,-0.11806815023535204
11.036111111111111,-0.1345476002990741
11.03888888888889,-0.11931249598053661
11.041666666666666,-0.0873042646881859
11.044444444444444,-0.018814483431135343
11.047222222222222,0.09881056267487826
11.05,-0.1319908995668636
11.052777777777777,-0.13478719085935947
11.055555555555555,-0.11378303875134375
11.058333333333334,-0.17579711795425734
11.061111111111112,0.054080865672850545
11.063888888888888,-0.09567169090486191
11.066666666666666,-0.08574050822374366
11.069444444444445,-0.0994423682554816
11.072222222222223,-0.10476872905322203
11.075,-0.12849922979982634
11.077777777777778,-0.09981785800517204
11.080555555555556,-0.129059729647637
11.083333333333334,0.03494770289311453
11.08611111111111,-0.031393217923428154
11.088888888888889,-0.05784248540323339
11.091666666666667,-0.07337194546837607
11.094444444444445,-0.02942709780162743
11.097222222222221,-0.1461179592330342
11.1,-0.06141533829587631
11.102777777777778,-0.06953509286007493
11.105555555555556,-0.10981710914059968
11.108333333333333,-0.0036279857038749586
11.11111111111111,0.009249370104600946
11.113888888888889,0.009613428512309383
11.116666666666667,-0.10727966674534667
11.119444444444444,-0.12715104786200712
11.122222222222222,-0.10047766825903062
11.125,0.06963060079498343
11.127777777777778,0.02033415791352032
11.130555555555556,-0.13973876872258256
11.133333333333333,-0.07636724899400021
11.136111111111111,-0.07790533715582931
11.13888888888889,0.019750303319166246
11.141666666666667,-0.1444415550857042
11.144444444444444,-0.14020396688568482
11.147222222222222,0.027763695922686647
11.15,0.013897454406369782
11.152777777777779,-0.04928662861433621
11.155555555555555,-0.01375222653252671
11.158333333333333,-0.08204904979235057
11.161111111111111,0.0160318595899576
11.16388888888889,-0.04318740970534274
11.166666666666666,0.05781249275304881
11.169444444444444,0.0771820012357746
11.172222222222222,-0.15376810994731333
11.175,0.07917667646115728
11.177777777777777,-0.04304153431793724
11.180555555555555,-0.03429582209871451
11.183333333333334,0.1224195639577613
11.186111111111112,0.10448930170709093
11.188888888888888,0.0731718085760839
11.191666666666666,-0.09862346675718445
11.194444444444445,0.11095570520848469
11.197222222222223,0.04189587492439125
11.2,0.11064639456371313
11.202777777777778,0.04811092511309499
11.205555555555556,0.1389852043600554
11.208333333333334,0.20635954841237814
11.21111111111111,0.2523345837765036
11.213888888888889,0.16758503928142798
11.216666666666667,0.2832589893029249
11.219444444444445,0.14494888372470977
11.222222222222221,0.22373510615890466
11.225,0.2862067969868154
11.227777777777778,0.15890586467427262
11.230555555555556,0.1691836418041101
11.233333333333333,0.1455857223899632
11.23611111111111,0.17990976077586576
11.238888888888889,0.1322803033363739
11.241666666666667,0.17957554405073456
11.244444444444444,0.06685173227273675
11.247222222222222,0.24739337380425602
11.25,0.2048082957996249
11.252777777777778,0.09586644789502977
11.255555555555556,-0.00019386688329850466
11.258333333333333,0.1694816017871003
11.261111111111111,0.09162932173093238
11.26388888888889,0.08630755624548214
11.266666666666667,0.01273513067585659
11.269444444444444,-0.0005204220633940326
11.272222222222222,-0.10202049018282996
11.275,0.0006859887392803104
11.277777777777779,0.17288651708550673
11.280555555555555,-0.029729314046498465
11.283333333333333,0.0642248186543572
11.286111111111111,-0.07994683120965236
11.28888888888889,0.047828595493395853
11.291666666666666,-0.09482159686173625
11.294444444444444,-0.09320773848013618
11.297222222222222,-0.09748853995395027
11.3,0.04303397696071774
11.302777777777777,-0.07073982932073931
11.305555555555555,-0.06284613239213165
11.308333333333334,-0.13093114130437022
11.311111111111112,-0.06554678762143351
11.313888888888888,-0.03215134611111942
11.316666666666666,-0.12704778321778862
11.319444444444445,-0.09695585072876438
11.322222222222223,-0.020826240944510452
11.325,-0.06517040045862495
11.327777777777778,-0.21089874685259297
11.330555555555556,-0.12909506464960557
11.333333333333334,-0.11704896703369676
11.33611111111111,-0.14526861131708585
11.338888888888889,-0.050555738413740836
11.341666666666667,-0.08661257925113634
11.344444444444445,-0.1438718857518077
11.347222222222221,-0.12594869553568616
11.35,-0.06543196197495169
11.352777777777778,-0.10928780269060093
11.355555555555556,-0.09782742813602896
11.358333333333333,-0.1572885990152642
11.36111111111111,-0.14640385681606516
11.363888888888889,-0.15096780681972616
11.366666666666667,-0.16743183366469497
11.369444444444444,-0.2119430272954828
11.372222222222222,-0.15309804047891265
11.375,-0.12776226892861456
11.377777777777778,-0.1923739440001938
11.380555555555556,-0.17313451153832082
11.383333333333333,-0.07566757947137566
11.386111111111111,-0.04140331995615431
11.38888888888889,-0.10984671868424736
11.391666666666667,-0.19073085613107493
11.394444444444444,-0.20890767527644258
11.397222222222222,-0.041582799691458075
11.4,-0.10848897779450194
11.402777777777779,0.04382933418099122
11.405555555555555,0.033906613084421416
11.408333333333333,-0.08857383478719974
11.411111111111111,-0.1746497579111074
11.41388888888889,-0.24336155299153137
11.416666666666666,-0.11687386594955518
11.419444444444444,-0.24739453792442617
11.422222222222222,-0.19320159049996535
11.425,-0.06096418553282153
11.427777777777777,-0.18418805556452023
11.430555555555555,-0.024929825236652464
11.433333333333334,-0.12750019959251654
11.436111111111112,-0.06527416359790521
11.438888888888888,-0.11164438453148122
11.441666666666666,-0.01471511838444585
11.444444444444445,0.0020411429124092065
11.447222222222223,-0.05505863174413095
11.45,-0.14961913450450454
11.452777777777778,-0.10583306865261992
11.455555555555556,-0.06756839897323424
11.458333333333334,-0.15030294575985143
11.46111111111111,-0.08690196608529344
11.463888888888889,-0.026450357410286212
11.466666666666667,-0.04344379717058585
11.469444444444445,-0.08396221258675426
11.472222222222221,-0.07036693168618469
11.475,-0.08303770779479762
11.477777777777778,-0.11041126214754757
11.480555555555556,-0.06542518085914484
11.483333333333333,-0.03695125573479956
11.48611111111111,-0.0026965792622544588
11.488888888888889,0.009634204904889615
11.491666666666667,-0.12185734665794089
11.494444444444444,-0.28992361445549936
11.497222222222222,-0.2026054935174717
11.5,-0.13712962067652446
11.502777777777778,-0.07297316083628522
11.505555555555556,-0.09069225809581256
11.508333333333333,-0.08795185099910977
11.511111111111111,-0.20176141789232532
11.51388888888889,-0.18691824497160373
11.516666666666667,-0.163101801342028
11.519444444444444,-0.13385040448081822
11.522222222222222,-0.08242756777808827
11.525,-0.2128025465528814
11.527777777777779,-0.09501790142132423
11.530555555555555,-0.1018135595793834
11.533333333333333,-0.10717261442389892
11.536111111111111,-0.06260804105703817
11.53888888888889,-0.09852673916303101
11.541666666666666,-0.15720939222762315
11.544444444444444,-0.1138125842181927
11.547222222222222,-0.06996132960225653
11.55,-0.10835476143535408
11.552777777777777,-0.2038896063411757
11.555555555555555,-0.1623599173350067
11.558333333333334,-0.09052307877094043
11.561111111111112,0.04619695700122991
11.563888888888888,-0.035628741877495915
11.566666666666666,-0.010527403126126662
11.569444444444445,0.04721238290202353
11.572222222222223,-0.008153494459716616
11.575,-0.026229665951376213
11.577777777777778,0.17823496975143305
11.580555555555556,0.2006238350546436
11.583333333333334,0.2100329936189452
11.58611111111111,0.20786052677820543
11.588888888888889,0.3542690072136762
11.591666666666667,0.4179853478000952
11.594444444444445,0.32450952400561195
11.597222222222221,0.4681374519576731
11.6,0.41661123274155065
11.602777777777778,0.6173658221197116
11.605555555555556,0.7714745039532185
11.608333333333333,0.7091464286835322
11.61111111111111,0.7492801615849948
11.613888888888889,0.6106319615311486
11.616666666666667,0.6452630009160536
11.619444444444444,0.6315572226699198
11.622222222222222,0.5595942429795844
11.625,0.6412056288846117
11.627777777777778,0.6510037756214646
11.630555555555556,0.4596859363972884
11.633333333333333,0.30165611826457106
11.636111111111111,0.31858202267582697
11.63888888888889,0.23552810417376277
11.641666666666667,0.24165070219419293
11.644444444444444,0.055895552675759005
11.647222222222222,0.04278789709667139
11.65,0.012073137032009226
11.652777777777779,-0.22027829355362136
11.655555555555555,-0.2557380298012409
11.658333333333333,-0.3486770305975544
11.661111111111111,-0.46724048693922615
11.66388888888889,-0.39938038443839535
11.666666666666666,-0.40104476322148636
11.669444444444444,-0.45847015114631295
11.672222222222222,-0.5888905835639243
11.675,-0.6175568184524051
11.677777777777777,-0.5754065862251897
11.680555555555555,-0.45916673332948005
11.683333333333334,-0.5260347568196835
11.686111111111112,-0.49456012726207027
11.688888888888888,-0.5710006368665037
11.691666666666666,-0.5846511835199445
11.694444444444445,-0.4226559773383204
11.697222222222223,-0.43972881865600216
11.7,-0.46188416616315237
11.702777777777778,-0.2863863198554504
11.705555555555556,-0.3323092834521576
11.708333333333334,-0.40650118933253654
11.71111111111111,-0.42885606941781507
11.713888888888889,-0.37727197620081127
11.716666666666667,-0.3146977468608336
11.719444444444445,-0.1471563529404122
11.722222222222221,-0.2787040156484542
11.725,-0.2221855914878915
11.727777777777778,-0.24639429075279476
11.730555555555556,-0.22668482593006745
11.733333333333333,-0.0998171249373308
11.73611111111111,-0.1739145364031375
11.738888888888889,-0.2094307533642786
11.741666666666667,-0.1347741661809983
11.744444444444444,-0.15897986423120508
11.747222222222222,-0.12032441770487759
11.75,-0.19729822922914664
11.752777777777778,-0.15547928335313246
11.755555555555556,-0.29413472533605184
11.758333333333333,-0.25091047530524924
11.761111111111111,-0.19275010404568996
11.76388888888889,-0.16159010071289537
11.766666666666667,-0.15224093553905924
11.769444444444444,-0.17891454083729588
11.772222222222222,-0.19207665098823673
11.775,-0.18463768108094375
11.777777777777779,-0.16656627089684806
11.780555555555555,-0.09945225688043076
11.783333333333333,-0.08494716774351013
11.786111111111111,-0.11191534310991594
11.78888888888889,-0.16972332351981262
11.791666666666666,-0.20119051400789612
11.794444444444444,-0.19198439468922918
11.797222222222222,-0.2612363630280738
11.8,-0.28550581025511046
11.802777777777777,-0.30931398254919773
11.805555555555555,-0.13534141084531917
11.808333333333334,-0.1477515583822054
11.811111111111112,-0.22485964702758876
11.813888888888888,-0.2976301524793877
11.816666666666666,-0.201862370623911
11.819444444444445,-0.23202164323956967
11.822222222222223,-0.21465727323211362
11.825,-0.13768607888802886
11.827777777777778,-0.17860891155174669
11.830555555555556,-0.17875473166591843
11.833333333333334,-0.28150108509574806
11.83611111111111,-0.23768413703210947
11.838888888888889,-0.1886700276948629
11.841666666666667,-0.3265311922171043
11.844444444444445,-0.1993511982098617
11.847222222222221,-0.18368977481287913
11.85,-0.2463562666743686
11.852777777777778,-0.31377223610060184
11.855555555555556,-0.31976244850174335
11.858333333333333,-0.21219604672322506
11.86111111111111,-0.22919482205135272
11.863888888888889,-0.24021169730770367
11.866666666666667,-0.24568073965795273
11.869444444444444,-0.2191304457371047
11.872222222222222,-0.28048781586787525
11.875,-0.34737183505429353
11.877777777777778,-0.2866976928788599
11.880555555555556,-0.2094065747790345
11.883333333333333,-0.3299130920727244
11.886111111111111,-0.23442058107570135
11.88888888888889,-0.270451708792097
11.891666666666667,-0.2775593286949083
11.894444444444444,-0.2135081554664609
11.897222222222222,-0.3185192340868706
11.9,-0.13286427413404153
11.902777777777779,-0.20857264273972315
11.905555555555555,-0.21837108850012635
11.908333333333333,-0.25212956037100676
11.911111111111111,-0.30094790737542
11.91388888888889,-0.27380681849613503
11.916666666666666,-0.29568977901578947
11.919444444444444,-0.28486060192313234
11.922222222222222,-0.2754555769040431
11.925,-0.2074030944200105
11.927777777777777,-0.26910011886582097
11.930555555555555,-0.2766575137055335
11.933333333333334,-0.2960073175370174
11.936111111111112,-0.35456396943081875
11.938888888888888,-0.24569223810935006
11.941666666666666,-0.1999801574787323
11.944444444444445,-0.2472809591189495
11.947222222222223,-0.23317982188590136
11.95,-0.2946794498660431
11.952777777777778,-0.22349882574900037
11.955555555555556,-0.3273955265248704
11.958333333333334,-0.27127986364964474
11.96111111111111,-0.3120643021849135
11.963888888888889,-0.264148937949836
11.966666666666667,-0.1576414061009773
11.969444444444445,-0.10746298787237413
11.972222222222221,-0.3231654688028582
11.975,-0.23041607749028503
11.977777777777778,-0.18526713592800792
11.980555555555556,-0.13630204296323478
11.983333333333333,-0.20353465687350664
11.98611111111111,-0.2265391472635139
11.988888888888889,-0.23682445695591242
11.991666666666667,-0.19347377462856866
11.994444444444444,-0.14523356886635064
11.997222222222222,-0.28251796897566595
12.0,-0.1531930177644303
12.002777777777778,-0.17722946394072217
12.005555555555556,-0.14666258566060153
12.008333333333333,-0.24076404580014457
12.011111111111111,-0.18047079039458033
12.01388888888889,-0.18081095829963678
12.016666666666667,-0.02081149017904224
12.019444444444444,-0.2986021930504809
12.022222222222222,-0.12038055587592181
12.025,-0.06374384588939848
12.027777777777779,-0.2926459829197922
12.030555555555555,-0.13302917047402268
12.033333333333333,-0.0900294886103934
12.036111111111111,-0.19373552512199196
12.03888888888889,-0.24185687428163635
12.041666666666666,-0.26125086683499177
12.044444444444444,-0.21058003297690403
12.047222222222222,-0.12112601126585609
12.05,-0.1897876183270165
12.052777777777777,-0.1960175695906465
12.055555555555555,-0.2571235085185178
12.058333333333334,-0.1386719497682844
12.061111111111112,-0.15069785926900844
12.063888888888888,-0.10894249887821023
12.066666666666666,-0.15309826866763557
12.069444444444445,-0.17601723138479128
12.072222222222223,-0.207108541123494
12.075,-0.22168120392972954
12.077777777777778,-0.25479093045511886
12.080555555555556,-0.1213623724007793
12.083333333333334,-0.24782089945549818
12.08611111111111,-0.12318933646486382
12.088888888888889,-0.24735531832200142
12.091666666666667,-0.11111193905924543
12.094444444444445,-0.2342295502181464
12.097222222222221,-0.24681288739988652
12.1,-0.2201297044218083
12.102777777777778,-0.13338623411777306
12.105555555555556,-0.1629693958045858
12.108333333333333,-0.18482759759373413
12.11111111111111,-0.18242848428328645
12.113888888888889,-0.3192047022006928
12.116666666666667,-0.33953956699412396
12.119444444444444,-0.24221879771986327
12.122222222222222,-0.10754095001679241
12.125,-0.22221129455839367
12.127777777777778,-0.13732269905381062
12.130555555555556,-0.11403440958876267
12.133333333333333,-0.20917383374390514
12.136111111111111,-0.20790836747107064
12.13888888888889,-0.16620664097560467
12.141666666666667,-0.17643684813883173
12.144444444444444,-0.1548136771694374
12.147222222222222,-0.09043152669602365
12.15,-0.20991812101814042
12.152777777777779,-0.17186592548521423
12.155555555555555,-0.30359661098077373
12.158333333333333,-0.1989284112083454
12.161111111111111,-0.1779551795012188
12.16388888888889,-0.24269538463256318
12.166666666666666,-0.19954274567715158
12.169444444444444,-0.2861267060745999
12.172222222222222,-0.21093408883841355
12.175,-0.16872199804994628
12.177777777777777,-0.22220702541594936
12.180555555555555,-0.241328949669216
12.183333333333334,-0.1884701485823424
12.186111111111112,-0.2944616455046919
12.188888888888888,-0.1298680198689544
12.191666666666666,-0.2798875442429426
12.194444444444445,-0.22747857670676028
12.197222222222223,-0.24274816847795272
12.2,-0.22733688967535323
12.202777777777778,-0.11032062115024999
12.205555555555556,-0.07372231094641103
12.208333333333334,-0.18253145112711983
12.21111111111111,-0.16747574470976348
12.213888888888889,-0.25572772442793107
12.216666666666667,-0.20526310063840983
12.219444444444445,-0.27441740824766137
12.222222222222221,-0.18272498891520356
12.225,-0.14982686291547398
12.227777777777778,-0.0395089891803487
12.230555555555556,-0.18762697613270504
12.233333333333333,-0.25564748692650313
12.23611111111111,-0.0845887693174669
12.238888888888889,-0.22743790012679602
12.241666666666667,-0.12115513288093357
12.244444444444444,-0.1966671576676154
12.247222222222222,-0.19967301473330729
12.25,-0.19293915457345145
12.252777777777778,-0.2942220429820793
12.255555555555556,-0.2800650154674707
12.258333333333333,-0.20301073548839696
12.261111111111111,-0.150471682865228
12.26388888888889,-0.11704978287356084
12.266666666666667,-0.16560598745060687
12.269444444444444,-0.25829550522511335
12.272222222222222,-0.27497983939702486
12.275,-0.24775227319281992
12.277777777777779,-0.31183011512675873
12.280555555555555,-0.3473643053792973
12.283333333333333,-0.16096784939860487
12.286111111111111,-0.15564808371978048
12.28888888888889,-0.11682263028046026
12.291666666666666,-0.23926695077549495
12.294444444444444,-0.24478728868347868
12.297222222222222,-0.13676215389807167
12.3,-0.1981930614973171
12.302777777777777,-0.20397631791474918
12.305555555555555,-0.13203639593591154
12.308333333333334,-0.1398492899197303
12.311111111111112,-0.21594462317950266
12.313888888888888,-0.15632887066124956
12.316666666666666,-0.2118416664235168
12.319444444444445,-0.1355927827334299
12.322222222222223,-0.11835280474214735
12.325,-0.23004070906771776
12.327777777777778,-0.2564157086519078
12.330555555555556,-0.2525571424568589
12.333333333333334,-0.18960318400617568
12.33611111111111,-0.3933902024323911
12.338888888888889,-0.1364643840076996
12.341666666666667,-0.2351450322437288
12.344444444444445,-0.10748117994827289
12.347222222222221,-0.19876319841645895
12.35,-0.23893008075268074
12.352777777777778,-0.24162405824444552
12.355555555555556,-0.27632738279119573
12.358333333333333,-0.07557614052839302
12.36111111111111,-0.25401024653679527
12.363888888888889,-0.18037813505321612
12.366666666666667,-0.13136037343713142
12.369444444444444,-0.14046524069936758
12.372222222222222,-0.15095150686998987
12.375,-0.27091115966512613
12.377777777777778,-0.1376832625165975
12.380555555555556,-0.00022547830258841384
12.383333333333333,-0.12033099211138915
12.386111111111111,-0.16341517012626003
12.38888888888889,-0.10502076009769537
12.391666666666667,-0.011489408909559393
12.394444444444444,-0.06707972800032863
12.397222222222222,-0.12113341520895694
12.4,-0.06952234962145654
12.402777777777779,-0.04976419916901224
12.405555555555555,-0.07922450992613886
12.408333333333333,-0.15107306510315277
12.411111111111111,-0.1632300241643327
12.41388888888889,-0.19255016781964102
12.416666666666666,-0.12372752489154475
12.419444444444444,-0.28118309966019905
12.422222222222222,-0.16338155026202944
12.425,-0.12183797054579074
12.427777777777777,-0.1906438225497886
12.430555555555555,-0.22893271700352907
12.433333333333334,-0.15840184130245633
12.436111111111112,-0.20243564937174843
12.438888888888888,-0.29134427408670294
12.441666666666666,-0.18149205721143052
12.444444444444445,-0.1584237701028929
12.447222222222223,-0.2057333200893512
12.45,-0.171737343651564
12.452777777777778,-0.17150291720142657
12.455555555555556,-0.24296521878276658
12.458333333333334,-0.24385106093565317
12.46111111111111,-0.1307818134534196
12.463888888888889,-0.16650970633774806
12.466666666666667,-0.17524093720125347
12.469444444444445,-0.15363979573447545
12.472222222222221,-0.21338665013457445
12.475,-0.2222515437623554
12.477777777777778,-0.20508262105412198
12.480555555555556,-0.12506105790624308
12.483333333333333,-0.09226979952881334
12.48611111111111,-0.0870117677146325
12.488888888888889,-0.15389093124478592
12.491666666666667,-0.2105701961276202
12.494444444444444,-0.23477375066682796
12.497222222222222,-0.24360620571886799
12.5,-0.2351356028796106
12.502777777777778,-0.24264394940668363
12.505555555555556,-0.22684215712318506
12.508333333333333,-0.28199968479372134
12.511111111111111,-0.2626120459502334
12.51388888888889,-0.29205286661388197
12.516666666666667,-0.2442243202466878
12.519444444444444,-0.1465544662294522
12.522222222222222,-0.19174803089002074
12.525,-0.1481415272323512
12.527777777777779,-0.21651481575694326
12.530555555555555,-0.17481865248904893
12.533333333333333,-0.24560046647054706
12.536111111111111,-0.14493604083729295
12.53888888888889,-0.14112781327783663
12.541666666666666,-0.22420568964498874
12.544444444444444,-0.07829311464759937
12.547222222222222,-0.07291566128279164
12.55,-0.058826747112128056
12.552777777777777,0.03360985642527852
12.555555555555555,0.04282845019505567
12.558333333333334,0.2431950959511519
12.561111111111112,0.45723598920050623
12.563888888888888,0.7245213159958628
12.566666666666666,0.7707940188965878
12.569444444444445,0.8153373553726542
12.572222222222223,0.8759566808329056
12.575,0.9604066916152297
12.577777777777778,0.863142982804213
12.580555555555556,0.8754226812240992
12.583333333333334,0.6020702481685749
12.58611111111111,0.5554207584395231
12.588888888888889,0.37525670980803555
12.591666666666667,0.1646965213954958
12.594444444444445,0.10164128067568462
12.597222222222221,0.06056545869967462
12.6,-0.04803307804896904
12.602777777777778,-0.1205149442718719
12.605555555555556,-0.19135838528679916
12.608333333333333,-0.3053181765944915
12.61111111111111,-0.3121180480563459
12.613888888888889,-0.470466448991896
12.616666666666667,-0.4621996758491372
12.619444444444444,-0.5134034401956937
12.622222222222222,-0.4157801698939837
12.625,-0.3851170452035331
12.627777777777778,-0.3387877425515282
12.630555555555556,-0.3494631937961203
12.633333333333333,-0.5356900229163601
12.636111111111111,-0.3432694133384665
12.63888888888889,-0.2727799276141909
12.641666666666667,-0.293232809704011
12.644444444444444,-0.2941351279197044
12.647222222222222,-0.10385602736768182
12.65,-0.26687289993578317
12.652777777777779,-0.3038761241360222
12.655555555555555,-0.1652267848826052
12.658333333333333,-0.15588395298738986
12.661111111111111,-0.23616219368842223
12.66388888888889,-0.12476200960661013
12.666666666666666,-0.08974484834986282
12.669444444444444,-0.03958375078899036
12.672222222222222,-0.25074411239228345
12.675,-0.09065009020097786
12.677777777777777,-0.19008857470361593
12.680555555555555,-0.24431979121757155
12.683333333333334,-0.12465928744416527
12.686111111111112,-0.09830530771256975
12.688888888888888,-0.22018672168265588
12.691666666666666,-0.22187600870016716
12.694444444444445,-0.3037679846118631
12.697222222222223,-0.09810333747456548
12.7,-0.17142090993783818
12.702777777777778,-0.08850835687781451
12.705555555555556,-0.15498126319278765
12.708333333333334,-0.14859548844796808
12.71111111111111,-0.10632330500796905
12.713888888888889,-0.22898374487207399
12.716666666666667,-0.2730652992310803
12.719444444444445,-0.21376696574314763
12.722222222222221,-0.02333487491592892
12.725,-0.13230720068398327
12.727777777777778,-0.2228218539853253
12.730555555555556,-0.28041264571480773
12.733333333333333,-0.23164277190226598
12.73611111111111,-0.24920311333627002
12.738888888888889,-0.17280056411674433
12.741666666666667,-0.09993294063738378
12.744444444444444,-0.18006360454322376
12.747222222222222,-0.220884112929817
12.75,-0.13179505138805678
12.752777777777778,-0.17768092612675632
12.755555555555556,-0.09336482016679684
12.758333333333333,-0.24350043480316028
12.761111111111111,-0.19373412447974267
12.76388888888889,-0.2223136107801329
12.766666666666667,-0.09172218432823165
12.769444444444444,-0.10646030658275829
12.772222222222222,-0.11920872958701148
12.775,-0.2570140103945272
12.777777777777779,-0.1376752927520538
12.780555555555555,-0.08323031972217595
12.783333333333333,-0.09502695383141879
12.786111111111111,-0.011392006240931257
12.78888888888889,-0.04425906042035778
12.791666666666666,-0.14346739453669544
12.794444444444444,-0.1008893001833945
12.797222222222222,-0.02991027025950374
12.8,0.012874252963048609
12.802777777777777,-0.04038604286727687
12.805555555555555,0.08225693405150056
12.808333333333334,0.027982455524964214
12.811111111111112,-0.0010772822539032254
12.813888888888888,0.03341569574793777
12.816666666666666,0.04002052659764441
12.819444444444445,0.06733654466811058
12.822222222222223,0.04199030122382499
12.825,0.05170969128240884
12.827777777777778,0.11986577310208588
12.830555555555556,-0.040390410762326676
12.833333333333334,0.11890820671588234
12.83611111111111,0.11204100563258035
12.838888888888889,0.09029750398873933
12.841666666666667,0.22149853294141908
12.844444444444445,0.20591969088308232
12.847222222222221,0.1360727127063429
12.85,0.09396574084592021
12.852777777777778,0.16949858434219117
12.855555555555556,0.0467078857880541
12.858333333333333,0.14674004199204674
12.86111111111111,0.1430882688442494
12.863888888888889,0.157783935486017
12.866666666666667,0.1713297004018759
12.869444444444444,0.068908031291947
12.872222222222222,0.1806002556139627
12.875,0.11529123164775862
12.877777777777778,0.11029820574805865
12.880555555555556,0.07605340471850765
12.883333333333333,0.15068932217950506
12.886111111111111,0.26776348492541624
12.88888888888889,-0.002203055822347616
12.891666666666667,-0.07820281057425696
12.894444444444444,-0.12251730235413923
12.897222222222222,0.08961834986812266
12.9,0.007083428339101727
12.902777777777779,0.058952990900364995
12.905555555555555,0.0006362910411517736
12.908333333333333,-0.12823127427332226
12.911111111111111,0.0426732455770881
12.91388888888889,-0.04031810602343269
12.916666666666666,-0.0919840950372306
12.919444444444444,0.020906752402316583
12.922222222222222,-0.09598394844035568
12.925,0.05010126878029755
12.927777777777777,-0.03580689926751816
12.930555555555555,0.07861215791811044
12.933333333333334,-0.09560418257165376
12.936111111111112,-0.16377386675816125
12.938888888888888,-0.09648201429629699
12.941666666666666,-0.04756856400334119
12.944444444444445,-0.08710403725432954
12.947222222222223,0.00918335160703232
12.95,-0.1235357680534354
12.952777777777778,-0.10848098514768986
12.955555555555556,-0.14064985312773093
12.958333333333334,-0.1035960340025965
12.96111111111111,-0.09248487458894569
12.963888888888889,-0.22098404321039253
12.966666666666667,-0.08823329919711688
12.969444444444445,-0.15637442952805677
12.972222222222221,-0.12499763338248272
12.975,-0.035755902661016026
12.977777777777778,-0.07024982241730009
12.980555555555556,-0.19318556088906683
12.983333333333333,-0.09803548553256122
12.98611111111111,0.029570922972447608
12.988888888888889,-0.054384352984920156
12.991666666666667,-0.2542640798426339
12.994444444444444,-0.17538220665337775
12.997222222222222,-0.092267656524585
13.0,-0.12493482078592738
13.002777777777778,-0.124187133395021
13.005555555555556,-0.06394902267391858
13.008333333333333,-0.15190208058499116
13.011111111111111,-0.011552289734248378
13.01388888888889,-0.03687451286292996
13.016666666666667,-0.09220340507444058
13.019444444444444,-0.0804800448874937
13.022222222222222,-0.153868030526091
13.025,-0.0572900811136738
13.027777777777779,0.04989781847128053
13.030555555555555,-0.06423635742744627
13.033333333333333,-0.1615298014279734
13.036111111111111,-0.12290721655205068
13.03888888888889,-0.07278659726539996
13.041666666666666,-0.020426262315000193
13.044444444444444,-0.12433180157215244
13.047222222222222,0.017445128991979614
13.05,0.04854028709252883
13.052777777777777,0.09213398368660616
13.055555555555555,0.043630746464077705
13.058333333333334,0.09901442060210874
13.061111111111112,0.21171978967359106
13.063888888888888,0.12741518407690078
13.066666666666666,0.15286554785574616
13.069444444444445,0.21006841215381417
13.072222222222223,0.23498333827192053
13.075,0.2333452445730512
13.077777777777778,0.2740505190128336
13.080555555555556,0.28983377404834776
13.083333333333334,0.2556166738409258
13.08611111111111,0.44048491092072306
13.088888888888889,0.3968137037860991
13.091666666666667,0.5072281787823913
13.094444444444445,0.3576675142412622
13.097222222222221,0.4205536047590749
13.1,0.43859915566027197
13.102777777777778,0.45792176152251585
13.105555555555556,0.6590992977777865
13.108333333333333,0.5377170787222247
13.11111111111111,0.4501046192439197
13.113888888888889,0.5551076731074618
13.116666666666667,0.526223757243715
13.119444444444444,0.46456121923148225
13.122222222222222,0.4208316132461586
13.125,0.35899206057227057
13.127777777777778,0.3606539580631582
13.130555555555556,0.3770882132443264
13.133333333333333,0.23813111907065485
13.136111111111111,0.11270927995047494
13.13888888888889,0.11989119369567328
13.141666666666667,0.12411421336334312
13.144444444444444,0.1235142370522116
13.147222222222222,0.057234585655655604
13.15,-0.13475824310570017
13.152777777777779,-0.09917910937908407
13.155555555555555,-0.3248393765539956
13.158333333333333,-0.29243274849129414
13.161111111111111,-0.26279486571988864
13.16388888888889,-0.24305311864988383
13.166666666666666,-0.4456375536231172
13.169444444444444,-0.45330938992391806
13.172222222222222,-0.45676650739968994
13.175,-0.457508117545795
13.177777777777777,-0.5552909774408863
13.180555555555555,-0.6500286758048323
13.183333333333334,-0.5583932726010193
13.186111111111112,-0.6260107462115113
13.188888888888888,-0.5491269967561461
13.191666666666666,-0.629056934781233
13.194444444444445,-0.6436516299353595
13.197222222222223,-0.6547925168122015
13.2,-0.6640738254835917
13.202777777777778,-0.6270859112652647
13.205555555555556,-0.5794452122432892
13.208333333333334,-0.7066385739043224
13.21111111111111,-0.627242018596012
13.213888888888889,-0.5644197780836102
13.216666666666667,-0.5853072248286413
13.219444444444445,-0.3780731336316612
13.222222222222221,-0.45773828580407655
13.225,-0.37666056544708093
13.227777777777778,-0.3885170372019351
13.230555555555556,-0.46369873171729786
13.233333333333333,-0.434580422257829
13.23611111111111,-0.3171597188453101
13.238888888888889,-0.3896709893190789
13.241666666666667,-0.4315402894477933
13.244444444444444,-0.22782395851125614
13.247222222222222,-0.33839551716933947
13.25,-0.29365177308506163
13.252777777777778,-0.2885253762124637
13.255555555555556,-0.2152517113961589
13.258333333333333,-0.15099505544192562
13.261111111111111,-0.19772789667989785
13.26388888888889,-0.062366706023171334
13.266666666666667,-0.12846543806621788
13.269444444444444,-0.25321737446559756
13.272222222222222,-0.2415482441590394
13.275,-0.2746928796158421
13.277777777777779,-0.20674501941176926
13.280555555555555,-0.13829176295322979
13.283333333333333,-0.21654834660537092
13.286111111111111,-0.08814437627522437
13.28888888888889,-0.1546097714370482
13.291666666666666,-0.26205018477005915
13.294444444444444,-0.19586526956602324
13.297222222222222,-0.20115222702746544
13.3,-0.22199610909800882
13.302777777777777,-0.24557750262768213
13.305555555555555,-0.055358818556221004
13.308333333333334,-0.13032030260802374
13.311111111111112,-0.1474839786440151
13.313888888888888,-0.29269326001058804
13.316666666666666,-0.294462545868059
13.319444444444445,-0.18999760378926348
13.322222222222223,-0.2818779303081468
13.325,-0.12178976095279175
13.327777777777778,-0.18454541731111307
13.330555555555556,-0.24874293381041612
13.333333333333334,-0.2821384667497476
13.33611111111111,-0.24296170024181357
13.338888888888889,-0.26446199186883934
13.341666666666667,-0.2944218594682373
13.344444444444445,-0.2950936395727871
13.347222222222221,-0.19350375173692821
13.35,-0.3255979009285678
13.352777777777778,-0.3967145958012575
13.355555555555556,-0.3857296172680263
13.358333333333333,-0.3516370474070774
13.36111111111111,-0.39523210626817845
13.363888888888889,-0.4544039316317592
13.366666666666667,-0.4509211058468098
13.369444444444444,-0.41150633735524156
13.372222222222222,-0.37129741645350733
13.375,-0.4360057869000756
13.377777777777778,-0.4873893107494608
13.380555555555556,-0.4458833601056187
13.383333333333333,-0.42800178291511276
13.386111111111111,-0.3340123343940613
13.38888888888889,-0.4180532079444501
13.391666666666667,-0.5187470992831396
13.394444444444444,-0.4420077685378476
13.397222222222222,-0.32012761591802497
13.4,-0.46830238840574095
13.402777777777779,-0.2974919757060107
13.405555555555555,-0.394628004962778
13.408333333333333,-0.3945205251444295
13.411111111111111,-0.3439834552825167
13.41388888888889,-0.42549924066552836
13.416666666666666,-0.32637816835905004
13.419444444444444,-0.3592000243584931
13.422222222222222,-0.3776228466031066
13.425,-0.2373076138386343
13.427777777777777,-0.4124504285515741
13.430555555555555,-0.3031553659871516
13.433333333333334,-0.3873218586565355
13.436111111111112,-0.49326176260431975
13.438888888888888,-0.28416760287845466
13.441666666666666,-0.366875690101616
13.444444444444445,-0.15378776493585253
13.447222222222223,-0.24537372069673555
13.45,-0.33349927023958925
13.452777777777778,-0.19335041000957293
13.455555555555556,-0.33506788184359226
13.458333333333334,-0.22098339675617196
13.46111111111111,-0.20042034202335215
13.463888888888889,-0.09525031265477495
13.466666666666667,-0.04963970244254835
13.469444444444445,-0.14345277449534335
13.472222222222221,-0.3665981770461667
13.475,-0.30475117121701895
13.477777777777778,-0.2299164621848442
13.480555555555556,-0.13825606614445962
13.483333333333333,-0.13823924033387294
13.48611111111111,-0.10300024127250132
13.488888888888889,-0.06838933853002596
13.491666666666667,-0.16435193934464778
13.494444444444444,-0.08173690752552548
13.497222222222222,-0.16581812350381697
13.5,-0.142422682828228
13.502777777777778,-0.027190601089335464
13.505555555555556,0.011397888979421872
13.508333333333333,0.039837425968029895
13.511111111111111,-0.12588969472091116
13.51388888888889,-0.06345372424104699
13.516666666666667,-0.04631975567601414
13.519444444444444,-0.10664788658021804
13.522222222222222,-0.020955542697726096
13.525,0.029681869549112387
13.527777777777779,0.005371997357833027
13.530555555555555,0.0234455074348121
13.533333333333333,0.028394488147814395
13.536111111111111,-0.08483395687947737
13.53888888888889,-0.1002604348008676
13.541666666666666,0.08002995067308805
13.544444444444444,0.09863165081596248
13.547222222222222,0.10733233362569199
13.55,0.032753892303305825
13.552777777777777,-0.009459034656850704
13.555555555555555,-0.010438784191702423
13.558333333333334,0.04523256934552662
13.561111111111112,-0.004751449313645469
13.563888888888888,0.1395677912379774
13.566666666666666,0.12991891721830906
13.569444444444445,0.0433363018589417
13.572222222222223,-0.07117936096773603
13.575,0.0011460071374499014
13.577777777777778,0.03735092122214081
13.580555555555556,-0.016968961565816232
13.583333333333334,0.035692881646739796
13.58611111111111,0.10390136621929541
13.588888888888889,0.15264108575716276
13.591666666666667,0.0044247560800346215
13.594444444444445,0.04331295465512163
13.597222222222221,0.11324956127837825
13.6,-0.03231185418299611
13.602777777777778,0.16640803294886625
13.605555555555556,0.11938304861829735
13.608333333333333,0.11426202858688078
13.61111111111111,0.003296500641132523
13.613888888888889,0.017905250027588367
13.616666666666667,0.06948311396946243
13.619444444444444,0.1122233126125448
13.622222222222222,0.06996008576483811
13.625,0.05421654924086679
13.627777777777778,0.17902442419446535
13.630555555555556,0.15699174619680403
13.633333333333333,-0.0009283584631249175
13.636111111111111,0.011874572922998915
13.63888888888889,0.046113263050071004
13.641666666666667,0.17068486724678905
13.644444444444444,0.06895186815389394
13.647222222222222,0.019248119234893453
13.65,0.06789057699365009
13.652777777777779,0.11496504778959565
13.655555555555555,0.054404724274571915
13.658333333333333,0.09293690077586485
13.661111111111111,-0.01407536196372873
13.66388888888889,0.02860441056711549
13.666666666666666,0.18333901101868683
13.669444444444444,0.11058423939750144
13.672222222222222,-0.02060884682713237
13.675,-0.06475228597940173
13.677777777777777,-0.006507471678488787
13.680555555555555,-0.008461479036922015
13.683333333333334,0.19404806340022454
13.686111111111112,0.144169087689362
13.688888888888888,0.15564456398184723
13.691666666666666,0.0214144606448254
13.694444444444445,0.020085830947160814
13.697222222222223,0.08689839008019247
13.7,0.1580244832021506
13.702777777777778,0.1454156799924012
13.705555555555556,0.16105445822220726
13.708333333333334,0.025669072924126075
13.71111111111111,0.04235416493584734
13.713888888888889,-0.04720889025336753
13.716666666666667,0.13090139047545052
13.719444444444445,0.1113362258445888
13.722222222222221,0.03471834321387847
13.725,0.03746372482172597
13.727777777777778,0.051160359083046954
13.730555555555556,0.09743305880970522
13.733333333333333,0.05341008979929823
13.73611111111111,0.06608365698733759
13.738888888888889,0.10227682735181959
13.741666666666667,0.05357645317350858
13.744444444444444,0.02105878037686318
13.747222222222222,0.12020783014630866
13.75,0.018260494902239487
13.752777777777778,0.12911093274010113
13.755555555555556,0.06405290419541128
13.758333333333333,0.01287112087400049
13.761111111111111,0.034729688412176093
13.76388888888889,0.11893640346588212
13.766666666666667,0.0579528106547837
13.769444444444444,0.06493250841431765
13.772222222222222,0.04862746577168488
13.775,0.1849978202291167
13.777777777777779,0.1071342743616128
13.780555555555555,-0.015441135211041235
13.783333333333333,0.10399491378706495
13.786111111111111,0.0845551875092351
13.78888888888889,0.04286741199228025
13.791666666666666,0.11102717667279977
13.794444444444444,0.09516276167541035
13.797222222222222,0.04391729356793672
13.8,0.08696802712121748
13.802777777777777,0.06706698286246704
13.805555555555555,0.23047925969709038
13.808333333333334,-0.0006969694711737306
13.811111111111112,0.16485176422551007
13.813888888888888,0.12643414512662973
13.816666666666666,0.0770148443631047
13.819444444444445,-0.021159674672086362
13.822222222222223,0.17234532228729135
13.825,0.0842742235621797
13.827777777777778,0.059114931005390406
13.830555555555556,0.01840978831143328
13.833333333333334,-0.11968589119920653
13.83611111111111,0.06622023213561079
13.838888888888889,0.0617054809608975
13.841666666666667,-0.033307388278434075
13.844444444444445,0.23022369385599306
13.847222222222221,0.10371176308544325
13.85,0.03404157687986294
13.852777777777778,-0.03367221077483626
13.855555555555556,0.12453634967593998
13.858333333333333,0.05582387693847835
13.86111111111111,0.09264135907103066
13.863888888888889,0.117137342735457
13.866666666666667,0.14023725273041232
13.869444444444444,0.11484377684524479
13.872222222222222,0.1322356531959426
13.875,0.0602417813841644
13.877777777777778,0.14379221469813563
13.880555555555556,0.0716999665736097
13.883333333333333,0.07968082938511431
13.886111111111111,0.10829634691567193
13.88888888888889,0.10037280162811053
13.891666666666667,0.12148993692965698
13.894444444444444,0.11666756710877901
13.897222222222222,0.11549356205701145
13.9,0.13674509336270105
13.902777777777779,0.13371599711727342
13.905555555555555,0.11410331697308007
13.908333333333333,0.1044131498338692
13.911111111111111,0.15869830261682882
13.91388888888889,0.1338133889261472
13.916666666666666,0.11016798894615501
13.919444444444444,0.1212547143209925
13.922222222222222,0.17502305828765835
13.925,0.12239148714285429
13.927777777777777,0.05441504931062664
13.930555555555555,0.018494693439101664
13.933333333333334,0.07619016948214352
13.936111111111112,0.028290318470549927
13.938888888888888,0.11361114748779343
13.941666666666666,0.2585644055820637
13.944444444444445,0.08902036682383754
13.947222222222223,0.13332227352601594
13.95,-0.01409238986366472
13.952777777777778,0.2163262247633851
13.955555555555556,0.1058597846266043
13.958333333333334,0.12210197471072987
13.96111111111111,0.1587575514058439
13.963888888888889,0.2041404290321603
13.966666666666667,0.13944772594284424
13.969444444444445,-0.05764803047454771
13.972222222222221,0.09980204330325296
13.975,0.005570394214920366
13.977777777777778,0.1803311535784239
13.980555555555556,0.0845011882805002
13.983333333333333,0.2704411349713335
13.98611111111111,0.17865211026607475
13.988888888888889,0.06852298658731938
13.991666666666667,0.10828199756457818
13.994444444444444,0.09994912912948282
13.997222222222222,0.05298930517289297
14.0,0.15101838533098616
14.002777777777778,0.1577688028109982
14.005555555555556,0.14272581102623816
14.008333333333333,0.11195472722995738
14.011111111111111,0.10857927591270165
14.01388888888889,0.1045953575268458
14.016666666666667,0.09983001270223175
14.019444444444444,0.03166585179373989
14.022222222222222,0.2201023398457137
14.025,0.10305693773230767
14.027777777777779,0.17036124470598418
14.030555555555555,0.2207267807182515
14.033333333333333,0.0891808182192887
14.036111111111111,0.14429194509673385
14.03888888888889,0.15398205262306333
14.041666666666666,0.1585486693322223
14.044444444444444,0.1554684288803112
14.047222222222222,0.32109057465430163
14.05,0.23414700514302397
14.052777777777777,0.0940504068427124
14.055555555555555,0.22848721609493253
14.058333333333334,0.3033418044724404
14.061111111111112,0.238936770510194
14.063888888888888,0.25850781094717906
14.066666666666666,0.15379730670583514
14.069444444444445,0.3050003589538434
14.072222222222223,0.3071138448008736
14.075,0.1554288627825518
14.077777777777778,0.21901681493464126
14.080555555555556,0.1262763435553785
14.083333333333334,0.1827734480113258
14.08611111111111,0.19989388630452617
14.088888888888889,0.19637382611863138
14.091666666666667,0.020576389340234327
14.094444444444445,0.07875950703549642
14.097222222222221,0.08131376556907807
14.1,0.09421999693418331
14.102777777777778,0.17358926627236967
14.105555555555556,0.20555078795702084
14.108333333333333,0.1558745214609454
14.11111111111111,0.09858968027405285
14.113888888888889,0.11690534871222835
14.116666666666667,0.035931138417564026
14.119444444444444,0.06776834258878806
14.122222222222222,0.10969888107473677
14.125,0.14939640443045177
14.127777777777778,0.14445802907145183
14.130555555555556,0.27885824521724034
14.133333333333333,-0.012281527638382223
14.136111111111111,0.06995569317944383
14.13888888888889,0.0036601735992422557
14.141666666666667,0.09078564012406738
14.144444444444444,0.11148692213269129
14.147222222222222,0.13993372665629403
14.15,0.08971418428404675
14.152777777777779,0.15533978928384817
14.155555555555555,0.19197122759073065
14.158333333333333,0.09905267762745114
14.161111111111111,0.18869572507991217
14.16388888888889,0.13738127352418894
14.166666666666666,0.09959846485833809
14.169444444444444,0.14494478140339223
14.172222222222222,0.15190626145667668
14.175,0.021695763713361224
14.177777777777777,0.06996136231571798
14.180555555555555,0.13469445210292938
14.183333333333334,0.08751656401828625
14.186111111111112,0.2121547124000387
14.188888888888888,0.12917149549659104
14.191666666666666,0.16870901139798944
14.194444444444445,0.11053122310597732
14.197222222222223,0.10336279302712467
14.2,0.12849820350786154
14.202777777777778,0.03517810189429682
14.205555555555556,0.2306986569219283
14.208333333333334,0.037854928088397966
14.21111111111111,0.08124795528047364
14.213888888888889,0.17390249024949803
14.216666666666667,0.2529326003327668
14.219444444444445,0.3511683985464594
14.222222222222221,0.40429706568779034
14.225,0.6511215195418049
14.227777777777778,0.7228076994418207
14.230555555555556,0.8749493750223
14.233333333333333,1.035413219386168
14.23611111111111,1.189268038570128
14.238888888888889,1.1220514238889476
14.241666666666667,1.2920500609335663
14.244444444444444,1.2785521685506716
14.247222222222222,1.1762278125565646
14.25,1.099688539423381
14.252777777777778,0.8045758247011098
14.255555555555556,0.7206888065919456
14.258333333333333,0.4451858500370398
14.261111111111111,0.37743795274005704
14.26388888888889,0.3650721468308802
14.266666666666667,0.20295496991080508
14.269444444444444,0.23032129839798382
14.272222222222222,0.1004619032881886
14.275,0.11775699413999652
14.277777777777779,-0.08331563037560769
14.280555555555555,-0.0834619392327493
14.283333333333333,-0.02658509956076212
14.286111111111111,-0.11918203714082834
14.28888888888889,0.006159620772794472
14.291666666666666,-0.2190684117658146
14.294444444444444,-0.10386079161490694
14.297222222222222,-0.2010769885774893
14.3,-0.05846617946669836
14.302777777777777,0.044003829336909425
14.305555555555555,0.024485273780272727
14.308333333333334,0.08399917358026561
14.311111111111112,0.022670456448672847
14.313888888888888,0.08298323616979526
14.316666666666666,0.07221936882925505
14.319444444444445,0.027625703196183946
14.322222222222223,0.19379098432252218
14.325,0.1540337547003247
14.327777777777778,0.1640646814898028
14.330555555555556,0.11748304677076452
14.333333333333334,0.17507018117111425
14.33611111111111,0.15235370022313338
14.338888888888889,0.07269881813107489
14.341666666666667,0.14049194120654804
14.344444444444445,0.23821150472374786
14.347222222222221,0.1694791093168452
14.35,0.16514684643236444
14.352777777777778,0.15701233747477106
14.355555555555556,0.10132273841561908
14.358333333333333,0.03923213981604792
14.36111111111111,0.23260408802220295
14.363888888888889,0.14785331013129957
14.366666666666667,0.19260806177797218
14.369444444444444,0.19148094244612693
14.372222222222222,0.1444478675111893
14.375,0.18017687646716377
14.377777777777778,0.13744859576406798
14.380555555555556,0.16142553770483545
14.383333333333333,0.09895801023603794
14.386111111111111,0.2085599568514098
14.38888888888889,0.16755769557783196
14.391666666666667,-0.022747363521222058
14.394444444444444,0.14108221286395645
14.397222222222222,0.2203089654713783
14.4,0.1614319911870272
14.402777777777779,0.29934260650952454
14.405555555555555,0.10233355646196661
14.408333333333333,0.1547294430220924
14.411111111111111,0.09299176746645008
14.41388888888889,0.19393107343007815
14.416666666666666,0.029062250669294035
14.419444444444444,0.08732057229579082
14.422222222222222,0.15211960552299553
14.425,0.09199605814063985
14.427777777777777,0.16001087209159
14.430555555555555,0.2188685097475313
14.433333333333334,0.18950675160492983
14.436111111111112,0.1271657673993091
14.438888888888888,0.18734784775418617
14.441666666666666,0.14335646905268862
14.444444444444445,0.25753039544969947
14.447222222222223,0.06327433756063819
14.45,0.23909755902953475
14.452777777777778,0.056707661228556
14.455555555555556,0.16383352299844703
14.458333333333334,0.1591573749424173
14.46111111111111,0.1259741967267802
14.463888888888889,0.25667372447449593
14.466666666666667,0.3160821112105575
14.469444444444445,0.30803771601927926
14.472222222222221,0.2999884455536684
14.475,0.2827938798362887
14.477777777777778,0.24840809851084417
14.480555555555556,0.35433634721659046
14.483333333333333,0.3537294494648403
14.48611111111111,0.37196198913285866
14.488888888888889,0.31391741139266793
14.491666666666667,0.4127688212253097
14.494444444444444,0.4167012805006554
14.497222222222222,0.42846942562629686
14.5,0.3966881847699748
14.502777777777778,0.3481910779135454
14.505555555555556,0.4971526615157878
14.508333333333333,0.36337262503416223
14.511111111111111,0.4110938442483542
14.51388888888889,0.47020810000110846
14.516666666666667,0.4189786547303209
14.519444444444444,0.4166749011330103
14.522222222222222,0.42268742519434566
14.525,0.4957248294413164
14.527777777777779,0.41374730799224785
14.530555555555555,0.4412553026327505
14.533333333333333,0.28420974973147056
14.536111111111111,0.3692446048412277
14.53888888888889,0.44145800864839596
14.541666666666666,0.4748377237189209
14.544444444444444,0.4920278481781277
14.547222222222222,0.34052189855519605
14.55,0.34991720503410584
14.552777777777777,0.2932285487977709
14.555555555555555,0.2749700935161128
14.558333333333334,0.3564234228886068
14.561111111111112,0.2426539456643341
14.563888888888888,0.22597902925771662
14.566666666666666,0.21054358653158994
14.569444444444445,0.36612349411661105
14.572222222222223,0.20370751693821865
14.575,0.2302451268075725
14.577777777777778,0.13387381009480437
14.580555555555556,0.24452898984861013
14.583333333333334,0.3326566313182716
14.58611111111111,0.2242741696008612
14.588888888888889,0.2876910167017549
14.591666666666667,0.19372859079085852
14.594444444444445,0.16344138340790015
14.597222222222221,0.2150693875104923
14.6,0.15221815678441375
14.602777777777778,0.26359665875765786
14.605555555555556,0.24753795537210216
14.608333333333333,0.09626626686865132
14.61111111111111,0.1668670807734478
14.613888888888889,0.06295059985251995
14.616666666666667,0.10871534074568451
14.619444444444444,0.17175999369744116
14.622222222222222,0.21782788492278632
14.625,0.16766989524035517
14.627777777777778,0.16571509665288464
14.630555555555556,0.1231204769980382
14.633333333333333,0.23163279571506945
14.636111111111111,0.12849631169267112
14.63888888888889,0.12290668152312667
14.641666666666667,0.23839824257292802
14.644444444444444,0.1535294428513894
14.647222222222222,0.23094362500279553
14.65,0.09507668104365735
14.652777777777779,0.13675247040026137
14.655555555555555,0.06866813478278444
14.658333333333333,0.04446369687220049
14.661111111111111,0.1277692369026061
14.66388888888889,0.1726920322363443
14.666666666666666,0.13309731173211
14.669444444444444,0.23524731664760645
14.672222222222222,0.14459934167609165
14.675,0.176357312957433
14.677777777777777,0.08004769303357433
14.680555555555555,0.14127325233893306
14.683333333333334,0.1991292294643223
14.686111111111112,0.20169530640481534
14.688888888888888,0.22563355352268988
14.691666666666666,0.10995107093858375
14.694444444444445,0.14745100787972154
14.697222222222223,0.1032852201952211
14.7,0.2288653583812297
14.702777777777778,0.27184599824138855
14.705555555555556,0.19584728912143118
14.708333333333334,0.2650127788642489
14.71111111111111,0.21642901425949354
14.713888888888889,0.13427747415613348
14.716666666666667,0.31718737370066885
14.719444444444445,0.25431391141179094
14.722222222222221,0.2810375376860575
14.725,0.4971949330982872
14.727777777777778,0.3390495050011937
14.730555555555556,0.358731808823481
14.733333333333333,0.3996357246616661
14.73611111111111,0.347053281209994
14.738888888888889,0.48868128024550683
14.741666666666667,0.42662156958491715
14.744444444444444,0.5958820155930508
14.747222222222222,0.5893025008160879
14.75,0.577869054251635
14.752777777777778,0.6305429837997053
14.755555555555556,0.5381861888077805
14.758333333333333,0.6084826997280146
14.761111111111111,0.720043877932381
14.76388888888889,0.6666879700590406
14.766666666666667,0.7515506658926263
14.769444444444444,0.7272131774727215
14.772222222222222,0.7215439223860736
14.775,0.6544892424904114
14.777777777777779,0.6395961181035267
14.780555555555555,0.7345538121497437
14.783333333333333,0.7590681600584942
14.786111111111111,0.6354099920988114
14.78888888888889,0.6728896936426569
14.791666666666666,0.5878404578761008
14.794444444444444,0.580975696922428
14.797222222222222,0.48797306956717446
14.8,0.499162330148716
14.802777777777777,0.4628956311493608
14.805555555555555,0.4621599613407258
14.808333333333334,0.30678095885690493
14.811111111111112,0.2215687665059676
14.813888888888888,0.22322916803755596
14.816666666666666,0.05501779379711328
14.819444444444445,-0.04011141494150293
14.822222222222223,0.00926204300551164
14.825,-0.013512305988119902
14.827777777777778,-0.0032875967539433004
14.830555555555556,-0.11872551969001291
14.833333333333334,-0.21469581004787217
14.83611111111111,-0.26959483852141275
14.838888888888889,-0.3126104544082823
14.841666666666667,-0.45494957761334165
14.844444444444445,-0.29327386235708275
14.847222222222221,-0.4495344071563734
14.85,-0.3544159418770826
14.852777777777778,-0.5269970905285892
14.855555555555556,-0.40422704940135296
14.858333333333333,-0.5054135062050606
14.86111111111111,-0.48710126979196605
14.863888888888889,-0.438665822803284
14.866666666666667,-0.4668317726650497
14.869444444444444,-0.4373573002218733
14.872222222222222,-0.3800562923398057
14.875,-0.5800145138798805
14.877777777777778,-0.4651096258480077
14.880555555555556,-0.4067683335100191
14.883333333333333,-0.3765574113948652
14.886111111111111,-0.22919283287311973
14.88888888888889,-0.3617999693193166
14.891666666666667,-0.3965674278948935
14.894444444444444,-0.20575697829891323
14.897222222222222,-0.32794125072303426
14.9,-0.17376637006937096
14.902777777777779,-0.13664064893265895
14.905555555555555,-0.16271417143216657
14.908333333333333,-0.05388278635275212
14.911111111111111,-0.05850904386837097
14.91388888888889,-0.13691046622823289
14.916666666666666,-0.11568619167061338
14.919444444444444,-0.1472869089357668
14.922222222222222,-0.031648280283662615
14.925,-0.07306942536725944
14.927777777777777,-0.033847101768080146
14.930555555555555,-0.05327701701429474
14.933333333333334,-0.11639729203796634
14.936111111111112,-0.10119387544670616
14.938888888888888,0.008920312079922778
14.941666666666666,0.11019761892670707
14.944444444444445,0.04403333010059166
14.947222222222223,0.06005700067661575
14.95,0.04405362928213599
14.952777777777778,-0.05669504832175448
14.955555555555556,-0.0505705641639611
14.958333333333334,0.06011693215406975
14.96111111111111,0.08974866301830742
14.963888888888889,0.034059674546751566
14.966666666666667,-0.0029659195855845574
14.969444444444445,0.19825003012252332
14.972222222222221,-0.06536855805453302
14.975,-0.07668650962880881
14.977777777777778,-0.03905125550665567
14.980555555555556,-0.03342184629870157
14.983333333333333,-0.03294027044935931
14.98611111111111,0.034334470804997026
14.988888888888889,-0.07860842069219508
14.991666666666667,-0.06799860093559718
14.994444444444444,-0.1756316117857173
14.997222222222222,-0.06734974742635233
15.0,-0.15335883349221133
15.002777777777778,-0.13967853099197342
15.005555555555556,-0.1884500022158521
15.008333333333333,-0.19246354784289363
15.011111111111111,-0.10112330388610957
15.01388888888889,-0.26943343727647984
15.016666666666667,-0.1902803881722847
15.019444444444444,-0.2024253242980219
15.022222222222222,-0.266593019939259
15.025,-0.26349934283883
15.027777777777779,-0.24211024057466504
15.030555555555555,-0.19201483587796148
15.033333333333333,-0.31768961689596237
15.036111111111111,-0.3453247401923092
15.03888888888889,-0.3384554649501814
15.041666666666666,-0.1793139548489382
15.044444444444444,-0.14415619672243057
15.047222222222222,-0.30012658265035497
15.05,-0.19687795192852292
15.052777777777777,-0.2442609587884364
15.055555555555555,-0.40896840378641414
15.058333333333334,-0.22490598899624548
15.061111111111112,-0.37109525497780965
15.063888888888888,-0.29805196087914954
15.066666666666666,-0.3013836061807508
15.069444444444445,-0.36734120281902183
15.072222222222223,-0.3697031708831413
15.075,-0.325593050735347
15.077777777777778,-0.29052931097234647
15.080555555555556,-0.28236614290889855
15.083333333333334,-0.2638394743638454
15.08611111111111,-0.27812706616469973
15.088888888888889,-0.2085585731434589
15.091666666666667,-0.29908823816762586
15.094444444444445,-0.3737227540009804
15.097222222222221,-0.37939705993964995
15.1,-0.3344659232601696
15.102777777777778,-0.07833211074784835
15.105555555555556,-0.10082446890380264
15.108333333333333,-0.2590611930775252
15.11111111111111,-0.25256211535325646
15.113888888888889,-0.19167175763134278
15.116666666666667,-0.2925401877274483
15.119444444444444,-0.2830716487335735
15.122222222222222,-0.22099233020600326
15.125,-0.12577153617523917
15.127777777777778,-0.08465497932970337
15.130555555555556,-0.09754366491021751
15.133333333333333,-0.10173285407150842
15.136111111111111,-0.13584220804039518
15.13888888888889,-0.09904430410595028
15.141666666666667,-0.03728035199802059
15.144444444444444,-0.04714451163399232
15.147222222222222,-0.013911595751587937
15.15,-0.049721572125742484
15.152777777777779,-0.11809471051648579
15.155555555555555,-0.06172362192787871
15.158333333333333,0.023306609015475585
15.161111111111111,0.045915220462689504
15.16388888888889,-0.06482274645806727
15.166666666666666,-0.01618306528819423
15.169444444444444,0.042510849867098105
15.172222222222222,0.007257710089105033
15.175,-0.11823206556126528
15.177777777777777,0.0488608088271547
15.180555555555555,0.058050541005556275
15.183333333333334,0.06560468760361797
15.186111111111112,0.14884314371406024
15.188888888888888,0.057050941261918675
15.191666666666666,0.058099012338491955
15.194444444444445,-0.06631537357171749
15.197222222222223,-0.10051971756154265
15.2,0.0035838045277941863
15.202777777777778,0.011808083211296796
15.205555555555556,0.11300302644667569
15.208333333333334,0.12484295250307026
15.21111111111111,0.1014502885198043
15.213888888888889,0.049556939304822994
15.216666666666667,-0.0007550042458763923
15.219444444444445,0.16844140899927892
15.222222222222221,0.08665810983303261
15.225,0.12257080540387696
15.227777777777778,0.1922260393366601
15.230555555555556,0.17974694092522142
15.233333333333333,0.10433701198167766
15.23611111111111,0.017867004466475853
15.238888888888889,0.08866660199622685
15.241666666666667,0.015053494774478565
15.244444444444444,-0.009843278521021986
15.247222222222222,0.22004213357371188
15.25,0.12882594811947118
15.252777777777778,0.0494305042678603
15.255555555555556,0.10820468436536584
15.258333333333333,-0.021485784328050372
15.261111111111111,0.025406799479927356
15.26388888888889,0.11167471908268627
15.266666666666667,0.037472260011178676
15.269444444444444,0.15202227448362493
15.272222222222222,0.08150276470378924
15.275,0.07266286593655702
15.277777777777779,0.06339030750637151
15.280555555555555,0.05386433868663922
15.283333333333333,0.01563655826361171
15.286111111111111,0.0841124313394217
15.28888888888889,0.11579794384379058
15.291666666666666,0.0777189381396909
15.294444444444444,0.06461327591828953
15.297222222222222,0.12235237402223909
15.3,0.12419421941370345
15.302777777777777,0.11178732168443424
15.305555555555555,0.0920157794956276
15.308333333333334,0.060089194813993524
15.311111111111112,-0.021711692416109415
15.313888888888888,0.06399895275063874
15.316666666666666,0.09939487002772046
15.319444444444445,0.233742030142907
15.322222222222223,0.02212178257159926
15.325,0.11506524312453068
15.327777777777778,0.08811629025786731
15.330555555555556,-0.00975359322893371
15.333333333333334,-0.0959592657633489
15.33611111111111,0.010082136579711694
15.338888888888889,0.2135441958675704
15.341666666666667,0.14309383799919068
15.344444444444445,0.1677927319275805
15.347222222222221,0.10328001084683389
15.35,0.003778695417515965
15.352777777777778,0.05766348482304929
15.355555555555556,-0.042050414650774914
15.358333333333333,0.05041182597009627
15.36111111111111,0.15038767461475466
15.363888888888889,0.15879983062736525
15.366666666666667,0.13973253402266683
15.369444444444444,0.07600845543246237
15.372222222222222,-0.07960241869346109
15.375,0.11631412620499226
15.377777777777778,0.10955670327643287
15.380555555555556,0.13976624493029982
15.383333333333333,0.03183014755350496
15.386111111111111,0.184488111516304
15.38888888888889,-0.011350951810649726
15.391666666666667,-0.08566903095300171
15.394444444444444,-0.02292287453917525
15.397222222222222,0.05723108458655213
15.4,0.017361377467695366
15.402777777777779,0.14326762168509738
15.405555555555555,0.12585850063064813
15.408333333333333,0.02831829497453861
15.411111111111111,0.04287227708232155
15.41388888888889,0.03952389272044847
15.416666666666666,0.02809823764677133
15.419444444444444,-0.0617819526153268
15.422222222222222,0.0867998325097509
15.425,0.04972815093242166
15.427777777777777,0.07795236069940206
15.430555555555555,-0.08917617262810054
15.433333333333334,-0.005362336002036481
15.436111111111112,0.08597090180399708
15.438888888888888,0.10979068488903915
15.441666666666666,0.02622141119796404
15.444444444444445,0.04154594219198239
15.447222222222223,0.09293513188498281
15.45,-0.012551149500087504
15.452777777777778,-0.034160226044622904
15.455555555555556,0.02851469906715931
15.458333333333334,-0.05354107798305753
15.46111111111111,0.17895283543172236
15.463888888888889,0.04651146756842771
15.466666666666667,0.07556948793805178
15.469444444444445,0.11927583013437043
15.472222222222221,0.006614718672767323
15.475,0.07444578742107284
15.477777777777778,-0.009455397503641237
15.480555555555556,0.0711650484683927
15.483333333333333,0.07354506443928498
15.48611111111111,0.10966662811351781
15.488888888888889,0.06180305748776335
15.491666666666667,-0.013008298894316952
15.494444444444444,-0.03703396235011112
15.497222222222222,0.01562583992292578
15.5,0.11338488132164529
15.502777777777778,0.26723450776066393
15.505555555555556,0.02833539295733871
15.508333333333333,-0.005177011589096309
15.511111111111111,-0.03709706451766332
15.51388888888889,-0.023894547712709407
15.516666666666667,0.023153082946619455
15.519444444444444,0.10066220031488438
15.522222222222222,0.10474975113100109
15.525,0.11571448126496706
15.527777777777779,0.13413525959584618
15.530555555555555,0.0004897394150932266
15.533333333333333,-0.03308788085307089
15.536111111111111,0.009743766540461989
15.53888888888889,0.08325391698241191
15.541666666666666,-0.02695458076954524
15.544444444444444,0.03903136810542909
15.547222222222222,0.12097243829969961
15.55,-0.07248165682004534
15.552777777777777,-0.12118832074272896
15.555555555555555,0.014951104111975169
15.558333333333334,0.013930725760410021
15.561111111111112,0.036543308032072605
15.563888888888888,0.04987670823458701
15.566666666666666,0.06977211336205966
15.569444444444445,-0.05160762634729879
15.572222222222223,0.020179230038629474
15.575,-0.034315744310030094
15.577777777777778,-0.0718932029170923
15.580555555555556,0.047343232144307315
15.583333333333334,0.0502952042640772
15.58611111111111,0.09980454733859898
15.588888888888889,0.0679815416836202
15.591666666666667,-0.02052389597880054
15.594444444444445,-0.0033219932806206826
15.597222222222221,0.024583291879659276
15.6,0.006493974558496339
15.602777777777778,0.10132085083550198
15.605555555555556,0.04084257458542473
15.608333333333333,0.07193260820691065
15.61111111111111,0.06766977047678478
15.613888888888889,0.11756169413928788
15.616666666666667,0.05072131298540189
15.619444444444444,-0.028668407908515277
15.622222222222222,0.11784374279388063
15.625,0.04849438158357982
15.627777777777778,-0.06036239233858884
15.630555555555556,0.022046296993582327
15.633333333333333,0.06436656804017972
15.636111111111111,0.0971615105786553
15.63888888888889,0.0784723414036286
15.641666666666667,-0.03180631846187948
15.644444444444444,0.07915475141784695
15.647222222222222,0.07073655857441966
15.65,0.006285164937331271
15.652777777777779,0.017768323949335134
15.655555555555555,-0.020411072266805445
15.658333333333333,0.10025910007680738
15.661111111111111,0.0436330886878177
15.66388888888889,0.0065557467236542905
15.666666666666666,0.011109034809206032
15.669444444444444,0.06374138266489812
15.672222222222222,0.06920413688386992
15.675,0.001742303461235003
15.677777777777777,0.032034131386649664
15.680555555555555,0.017540717218663685
15.683333333333334,0.10445998394385475
15.686111111111112,0.1394250807159988
15.688888888888888,0.09773781037574181
15.691666666666666,-0.007605040315878681
15.694444444444445,0.0048841795051181025
15.697222222222223,0.060266445604175906
15.7,0.018324148570647243
15.702777777777778,0.046063450368897134
15.705555555555556,0.16310500118765642
15.708333333333334,0.12579789628597046
15.71111111111111,0.12049339588550699
15.713888888888889,0.10523054457547167
15.716666666666667,0.11952157720079007
15.719444444444445,0.0554637936071883
15.722222222222221,0.23787071585845765
15.725,0.11920541427458502
15.727777777777778,0.0878276277222062
15.730555555555556,0.22895479994314916
15.733333333333333,0.0639013421431841
15.73611111111111,0.02376787398363836
15.738888888888889,-0.02961613223029659
15.741666666666667,0.05167048036257224
15.744444444444444,0.11389156963514295
15.747222222222222,0.07024975173456104
15.75,0.05928797410130434
15.752777777777778,7.407359256792617e-05
15.755555555555556,0.06958357644292784
15.758333333333333,0.006273226623577016
15.761111111111111,-0.038360613834866705
15.76388888888889,0.06623232854584386
15.766666666666667,-0.09687590571323058
15.769444444444444,-0.025349614918948084
15.772222222222222,0.0182019266793726
15.775,-0.00958369522503573
15.777777777777779,-0.0038300950230563575
15.780555555555555,0.1264525880994368
15.783333333333333,0.09148585337485587
15.786111111111111,0.06044865523092362
15.78888888888889,0.015062059942709781
15.791666666666666,0.06450936799543568
15.794444444444444,-0.013880871819709917
15.797222222222222,0.09492254515114154
15.8,0.06143743218344069
15.802777777777777,0.077398898683695
15.805555555555555,0.046951089468457594
15.808333333333334,0.1420567901861221
15.811111111111112,0.02617726775151396
15.813888888888888,-0.05271809749499131
15.816666666666666,-0.005118927362282733
15.819444444444445,0.13196041299458772
15.822222222222223,0.04765207204003674
15.825,0.06805402810886409
15.827777777777778,-0.12450037844998531
15.830555555555556,0.022180022297298298
15.833333333333334,0.042024508243546574
15.83611111111111,-0.056129256805049516
15.838888888888889,-0.0989056189403398
15.841666666666667,-0.09554374980242684
15.844444444444445,-0.059790403749080664
15.847222222222221,-0.08350241924419526
15.85,0.06001040494743755
15.852777777777778,0.00360713213693499
15.855555555555556,-0.01721111638063119
15.858333333333333,-0.015351353555129885
15.86111111111111,0.047673959738661106
15.863888888888889,-0.02400291771632035
15.866666666666667,0.08788038966823289
15.869444444444444,-0.00998375798240854
15.872222222222222,0.08813654057821477
15.875,-0.006228771161674283
15.877777777777778,0.0335639636031302
15.880555555555556,0.087216531910689
15.883333333333333,0.2044183653896717
15.886111111111111,0.210002360279509
15.88888888888889,0.3787680586554701
15.891666666666667,0.4406602755705781
15.894444444444444,0.5293102489986335
15.897222222222222,0.7687761986446462
15.9,1.0169789721897946
15.902777777777779,1.0808925982308666
15.905555555555555,1.0492113399216045
15.908333333333333,1.12472321696791
15.911111111111111,1.0726675727962267
15.91388888888889,0.897086768293253
15.916666666666666,0.725560011414929
15.919444444444444,0.7373202779622218
15.922222222222222,0.5551793001234648
15.925,0.42617937067398604
15.927777777777777,0.38986508303227396
15.930555555555555,0.17772607047766067
15.933333333333334,0.10168779878239793
15.936111111111112,0.0032946634700796954
15.938888888888888,-0.1062215281223593
15.941666666666666,-0.12652591523708343
15.944444444444445,-0.07139469499680018
15.947222222222223,-0.21904815448557857
15.95,-0.20811741741074136
15.952777777777778,-0.26321373791915925
15.955555555555556,-0.26717585652962805
15.958333333333334,-0.10461909614980305
15.96111111111111,-0.26945379332155955
15.963888888888889,-0.26641069215674146
15.966666666666667,-0.15537252732760254
15.969444444444445,-0.18813864282799855
15.972222222222221,-0.11615131325670622
15.975,-0.20533971258328615
15.977777777777778,-0.034347900811313885
15.980555555555556,-0.06895044599802175
15.983333333333333,0.06343203979357648
15.98611111111111,0.04039774367414008
15.988888888888889,0.13781902090193515
15.991666666666667,-0.027082722823374185
15.994444444444444,0.01805339561037453
15.997222222222222,-0.020807948314850187
16.0,0.07379687685404576
16.002777777777776,0.0806591128232413
16.005555555555556,-0.15001787237525946
16.008333333333333,0.18211745872862886
16.011111111111113,-0.042689157417862285
16.01388888888889,0.05633318767841123
16.016666666666666,0.026125715331572062
16.019444444444446,0.07332741772998758
16.022222222222222,0.1437457692689072
16.025,0.08412142367617442
16.02777777777778,0.10392068215342734
16.030555555555555,-0.03440500063527896
16.033333333333335,0.05108918312183218
16.03611111111111,0.012217759555482714
16.038888888888888,0.006544556704747554
16.041666666666668,-0.0611252769704077
16.044444444444444,0.1697357012074022
16.04722222222222,-0.06587749514553787
16.05,-0.04653193677044233
16.052777777777777,-0.020920750764217767
16.055555555555557,-0.042937704556397574
16.058333333333334,0.007647990107973792
16.06111111111111,0.030027818705137755
16.06388888888889,0.04244226366237217
16.066666666666666,0.03456545257745299
16.069444444444443,-0.06711310241726422
16.072222222222223,0.0740710732954472
16.075,-0.00612490755658854
16.07777777777778,0.07933512523280331
16.080555555555556,0.06583412076013988
16.083333333333332,0.03276753799599942
16.086111111111112,0.14997546215637084
16.08888888888889,0.0935961557651753
16.091666666666665,-0.009563964385754919
16.094444444444445,0.025155356878086364
16.09722222222222,0.04209596746281859
16.1,-0.0007257656382447034
16.102777777777778,0.06157362668509929
16.105555555555554,0.07069129876576158
16.108333333333334,0.04610645212132125
16.11111111111111,0.04627908828764629
16.113888888888887,0.031067433010558927
16.116666666666667,-0.02598482349433828
16.119444444444444,0.11559667102868118
16.122222222222224,0.037436675401945466
16.125,0.1844913589816382
16.127777777777776,0.16867672258062097
16.130555555555556,0.08371837261688518
16.133333333333333,0.0995483434675462
16.136111111111113,0.04836152281518145
16.13888888888889,0.1337174330581147
16.141666666666666,0.18881986546956686
16.144444444444446,0.16557888683664435
16.147222222222222,0.18965504145654652
16.15,0.19348045130527497
16.15277777777778,0.07019411462952693
16.155555555555555,0.14897461917818114
16.158333333333335,0.2223693025678871
16.16111111111111,0.25208325252623137
16.163888888888888,0.23961023042059287
16.166666666666668,0.2749245340515329
16.169444444444444,0.3060900287823376
16.17222222222222,0.21857618387979608
16.175,0.2063940186671326
16.177777777777777,0.25992034343489656
16.180555555555557,0.30434537013474966
16.183333333333334,0.2489743908868785
16.18611111111111,0.3865002416043546
16.18888888888889,0.38081762045747136
16.191666666666666,0.36073565599515456
16.194444444444443,0.25413720420373676
16.197222222222223,0.2585710595711283
16.2,0.3087577935620918
16.20277777777778,0.35291450519745293
16.205555555555556,0.23430239442299278
16.208333333333332,0.34839955169586684
16.211111111111112,0.21549636238244924
16.21388888888889,0.20633415995019871
16.216666666666665,0.2826291480594314
16.219444444444445,0.1418826352568602
16.22222222222222,0.2134968583009183
16.225,0.20806902772874347
16.227777777777778,0.2260388155196812
16.230555555555554,0.19243523814300734
16.233333333333334,0.1074534140933517
16.23611111111111,0.0560128106394438
16.238888888888887,0.05044954014845685
16.241666666666667,0.10384227282850908
16.244444444444444,0.320095464984908
16.247222222222224,0.148635187810494
16.25,0.0751209054025924
16.252777777777776,0.07549016886710934
16.255555555555556,0.10559639855347511
16.258333333333333,0.055991974800853536
16.261111111111113,0.06584004992638702
16.26388888888889,-0.046746286313128105
16.266666666666666,-0.011816075376700888
16.269444444444446,0.008411156984054681
16.272222222222222,0.02238646786120775
16.275,-0.11905189376976276
16.27777777777778,0.011291660206437647
16.280555555555555,-0.09467747567216175
16.283333333333335,0.025944626117975798
16.28611111111111,0.2310536411197717
16.288888888888888,0.2169001478233794
16.291666666666668,0.06569600285747676
16.294444444444444,0.0304520332628566
16.29722222222222,-0.10597794336444602
16.3,-0.04535155594025192
16.302777777777777,0.00980045441892713
16.305555555555557,0.07672992610437294
16.308333333333334,0.06490227086894834
16.31111111111111,0.06697951286403643
16.31388888888889,-0.016227558344867398
16.316666666666666,-0.06196325066889259
16.319444444444443,-0.05695978542415116
16.322222222222223,0.1347777915855495
16.325,-0.015090666701813624
16.32777777777778,-0.001998912889457971
16.330555555555556,0.041475631157313286
16.333333333333332,-0.013955456940443482
16.336111111111112,0.038831798543078305
16.33888888888889,0.14683444065224327
16.341666666666665,0.030055610369645228
16.344444444444445,0.016644772534434513
16.34722222222222,0.05932491631757378
16.35,-0.005588769619889668
16.352777777777778,-0.060453932854958564
16.355555555555554,-0.010727082246412598
16.358333333333334,0.05572082847764872
16.36111111111111,0.04355374181633799
16.363888888888887,0.06457842951924239
16.366666666666667,0.020734378772812583
16.369444444444444,0.03881759652496619
16.372222222222224,0.003646971341594085
16.375,0.014182944048969193
16.377777777777776,-0.07013382284664633
16.380555555555556,0.005088010751006716
16.383333333333333,0.042564934629974134
16.386111111111113,0.002288329130119074
16.38888888888889,0.03533993090526087
16.391666666666666,0.010268291419581986
16.394444444444446,0.02723003582875188
16.397222222222222,0.08224988518540434
16.4,0.08697574994430189
16.40277777777778,0.04223799738555098
16.405555555555555,0.02738402322901617
16.408333333333335,0.05869658595836501
16.41111111111111,0.054071117449856466
16.413888888888888,-0.020640623609013024
16.416666666666668,-0.058691177628317416
16.419444444444444,-0.023005173442080824
16.42222222222222,-0.08304824343819799
16.425,0.09609135583739917
16.427777777777777,0.07108832102449439
16.430555555555557,0.02899418237137595
16.433333333333334,0.08688503870299871
16.43611111111111,-0.13840521059457006
16.43888888888889,-0.06238492918969083
16.441666666666666,0.1114375749272285
16.444444444444443,0.004428073670180631
16.447222222222223,-0.005136375569865528
16.45,-0.07627527971547304
16.45277777777778,0.10838001843958585
16.455555555555556,0.05570234786749746
16.458333333333332,0.09375410507360052
16.461111111111112,-0.02164984597453142
16.46388888888889,0.01902731833378745
16.466666666666665,-0.056462795599911325
16.469444444444445,-0.012490031481824596
16.47222222222222,0.0010617511276627004
16.475,-0.10101685384965886
16.477777777777778,-0.013952583242177798
16.480555555555554,0.034379483716381845
16.483333333333334,0.029929933460551908
16.48611111111111,0.09879635796119593
16.488888888888887,-0.015007551201738752
16.491666666666667,-0.05749676860251176
16.494444444444444,0.07127167801267462
16.497222222222224,0.030158297031067708
16.5,0.0388504448880608
16.502777777777776,0.10335313861665194
16.505555555555556,0.09543887975351256
16.508333333333333,0.09440382720136695
16.511111111111113,-0.015667340963021602
16.51388888888889,-0.016302303565452494
16.516666666666666,0.008354159908558773
16.519444444444446,0.021791429297564703
16.522222222222222,0.10379884384979332
16.525,0.19648649843646493
16.52777777777778,-0.0033728815868496256
16.530555555555555,0.12160100607559733
16.533333333333335,-0.08435461419331625
16.53611111111111,0.04056677167779585
16.538888888888888,0.09953186371939193
16.541666666666668,-0.026546355207519995
16.544444444444444,0.07639635506954441
16.54722222222222,-0.0443855969582409
16.55,0.00972296615891639
16.552777777777777,-0.06557759691260895
16.555555555555557,-0.03729867517472219
16.558333333333334,0.08869875149117153
16.56111111111111,0.05416803023466643
16.56388888888889,0.1942956612351182
16.566666666666666,-0.0109954779414497
16.569444444444443,0.0062671425767169
16.572222222222223,0.04937209717305466
16.575,-0.002772019018313222
16.57777777777778,0.005490889217414075
16.580555555555556,-0.004012298662622385
16.583333333333332,-0.018073211832807662
16.586111111111112,0.032014996628137574
16.58888888888889,0.03782806008210167
16.591666666666665,0.10583956519507592
16.594444444444445,0.12238258772774231
16.59722222222222,0.0009624078110117701
16.6,-0.05732982932441669
16.602777777777778,0.10890848512088672
16.605555555555554,0.16404053894431592
16.608333333333334,0.05645702286338884
16.61111111111111,0.1429709841428346
16.613888888888887,0.09794627117010074
16.616666666666667,0.09720979614672207
16.619444444444444,0.1370143303946259
16.622222222222224,0.19868555107474284
16.625,0.12226762835084551
16.627777777777776,0.10585799520469122
16.630555555555556,0.16252575247441386
16.633333333333333,0.03791813900117262
16.636111111111113,0.08954701352958275
16.63888888888889,0.1228360369556594
16.641666666666666,0.16072651725195114
16.644444444444446,0.2225174107865129
16.647222222222222,0.11219832338455119
16.65,0.09463497645481464
16.65277777777778,0.01568063728951726
16.655555555555555,-0.02089516273117737
16.658333333333335,0.0643395002991101
16.66111111111111,-0.013841691507707227
16.663888888888888,0.06721416042783342
16.666666666666668,0.10309204283575761
16.669444444444444,0.005238645692760148
16.67222222222222,0.051488103708158914
16.675,-0.07148059692384356
16.677777777777777,-0.07181429311855825
16.680555555555557,0.040314285059414326
16.683333333333334,0.19914498479280662
16.68611111111111,0.020049749527013425
16.68888888888889,0.057198952991060606
16.691666666666666,0.011786966664557093
16.694444444444443,-0.043318671135295375
16.697222222222223,-0.052517750248674076
16.7,-0.08951722549863603
16.70277777777778,0.05565451212135288
16.705555555555556,0.11699060556125232
16.708333333333332,-0.06380360269350815
16.711111111111112,0.030434071279895874
16.71388888888889,-0.08659460833544265
16.716666666666665,-0.0307323836023427
16.719444444444445,-0.016123749725842188
16.72222222222222,0.014919463078951187
16.725,-0.04441231277286972
16.727777777777778,-0.030667669642023256
16.730555555555554,0.001954220154429155
16.733333333333334,-0.1112796940751825
16.73611111111111,0.05463460904908947
16.738888888888887,-0.03803627379045664
16.741666666666667,-0.007273354739329633
16.744444444444444,0.035981885822227645
16.747222222222224,0.03621692795695546
16.75,-0.018132046713266695
16.752777777777776,0.046827107100739375
16.755555555555556,-0.08284729826025865
16.758333333333333,0.07743666628926217
16.761111111111113,0.007830920772254453
16.76388888888889,0.08539332441630706
16.766666666666666,0.1282003119513974
16.769444444444446,0.1660937616584145
16.772222222222222,-0.026169896815902788
16.775,0.03195666086450507
16.77777777777778,0.04624338142270741
16.780555555555555,0.17982899049353085
16.783333333333335,0.2436314773934338
16.78611111111111,0.3055313081954314
16.788888888888888,0.3826116930958932
16.791666666666668,0.5438941515057054
16.794444444444444,0.6939264753009692
16.79722222222222,0.777701871213126
16.8,0.9762390525793727
16.802777777777777,1.0490862991130374
16.805555555555557,1.119378686711193
16.808333333333334,1.157632477047868
16.81111111111111,1.1153255579522583
16.81388888888889,0.9183242640850316
16.816666666666666,0.7052403864429034
16.819444444444443,0.682140973650968
16.822222222222223,0.5378922175955252
16.825,0.36554475793523533
16.82777777777778,0.2427294776282845
16.830555555555556,0.23194036648709204
16.833333333333332,0.05498954853048754
16.836111111111112,0.020389982689162308
16.83888888888889,-0.13283984207869978
16.841666666666665,0.010232384217097656
16.844444444444445,-0.061145770835998856
16.84722222222222,-0.11409895334887821
16.85,-0.1604572162685767
16.852777777777778,-0.3002138216893043
16.855555555555554,-0.3017067660503774
16.858333333333334,-0.2941507337894489
16.86111111111111,-0.17674250367423083
16.863888888888887,-0.20476587907163651
16.866666666666667,-0.175638075659619
16.869444444444444,-0.04641669727365916
16.872222222222224,-0.12964596371922196
16.875,-0.07630170478200565
16.877777777777776,-0.03204258267849466
16.880555555555556,0.007439064882864198
16.883333333333333,0.01827955003530483
16.886111111111113,0.08666338410662333
16.88888888888889,0.06835968484029951
16.891666666666666,-0.012262040841206228
16.894444444444446,-0.002816378828421536
16.897222222222222,-0.0061130376476565065
16.9,0.011917228838862811
16.90277777777778,0.1691644264559752
16.905555555555555,0.14982303651335405
16.908333333333335,-0.003935628987085257
16.91111111111111,0.026367018031894094
16.913888888888888,0.07607617307097428
16.916666666666668,-0.03084003757967406
16.919444444444444,0.014964165596807927
16.92222222222222,0.14926687537756111
16.925,0.07574766325723704
16.927777777777777,0.04874707064197198
16.930555555555557,-0.027277707458720254
16.933333333333334,-0.0976171646970079
16.93611111111111,0.05656846703546954
16.93888888888889,-0.05625463763715967
16.941666666666666,0.04061602941541067
16.944444444444443,0.13159873524735058
16.947222222222223,0.06374228738029437
16.95,0.08817461134180248
16.95277777777778,0.09423650531981168
16.955555555555556,-0.13594284437410445
16.958333333333332,0.1448834454130918
16.961111111111112,0.11593738521385502
16.96388888888889,0.12203561404756971
16.966666666666665,0.13897018952288287
16.969444444444445,-0.021521055732147992
16.97222222222222,-0.0030905955180661575
16.975,0.14246069189182317
16.977777777777778,0.0020309414173173973
16.980555555555554,0.002288268579965287
16.983333333333334,0.14318767384627992
16.98611111111111,0.023279155334714488
16.988888888888887,0.006339766716538339
16.991666666666667,0.04522841527953397
16.994444444444444,-0.027252044973273562
16.997222222222224,0.006285887527071078
17.0,0.10104658547954984
17.002777777777776,0.04343043933133387
17.005555555555556,0.11422089675673078
17.008333333333333,0.053445135421812555
17.011111111111113,0.1480701228096578
17.01388888888889,0.11163329218538906
17.016666666666666,0.12669010979714335
17.019444444444446,0.10248760139876725
17.022222222222222,0.15419922152292456
17.025,0.1469001752972209
17.02777777777778,0.15049967798165015
17.030555555555555,0.16416039614362912
17.033333333333335,0.10835634365904562
17.03611111111111,0.08689138869735612
17.038888888888888,0.1775294160815084
17.041666666666668,0.18444029516492963
17.044444444444444,0.26614354599228335
17.04722222222222,0.1169971032542675
17.05,0.19397942408473248
17.052777777777777,0.197293364244429
17.055555555555557,0.17000351506994776
17.058333333333334,0.22884450709906987
17.06111111111111,0.2515231120756007
17.06388888888889,0.3625887396390479
17.066666666666666,0.3221540874300893
17.069444444444443,0.2689300832421942
17.072222222222223,0.27550219039866547
17.075,0.39036019232641295
17.07777777777778,0.28198005013915173
17.080555555555556,0.2959560834368208
17.083333333333332,0.4327433187358676
17.086111111111112,0.40736386726297064
17.08888888888889,0.323650536893891
17.091666666666665,0.39046562090425235
17.094444444444445,0.24422324172279258
17.09722222222222,0.3238754867353427
17.1,0.24958535309910318
17.102777777777778,0.29873559440136604
17.105555555555554,0.2897954392339017
17.108333333333334,0.231005082610644
17.11111111111111,0.27480786649850103
17.113888888888887,0.2910569483169848
17.116666666666667,0.21906421802919282
17.119444444444444,0.20684313423019302
17.122222222222224,0.2212775946255493
17.125,0.2109151123866966
17.127777777777776,0.19713331285883814
17.130555555555556,0.18047625370394435
17.133333333333333,0.20559587102033788
17.136111111111113,0.10962070141157328
17.13888888888889,0.1408714700661
17.141666666666666,0.16009927540729252
17.144444444444446,0.2733235964042617
17.147222222222222,0.24123255635458155
17.15,0.08902069243074373
17.15277777777778,0.09230235450807439
17.155555555555555,0.09910056082937661
17.158333333333335,0.04744309388190515
17.16111111111111,0.0354342929812754
17.163888888888888,0.029797973254200888
17.166666666666668,0.07730886873370044
17.169444444444444,0.06487808360391636
17.17222222222222,-0.005221726499850379
17.175,-0.0872447734182567
17.177777777777777,0.010701047868658359
17.180555555555557,0.02319661961442246
17.183333333333334,0.12448768918205044
17.18611111111111,0.07348042433181269
17.18888888888889,0.03025346771762353
17.191666666666666,0.061272827699328444
17.194444444444443,0.1162123279007671
17.197222222222223,-0.06094717299602865
17.2,0.08842839199356299
17.20277777777778,0.07046181750621708
17.205555555555556,0.08272485555979485
17.208333333333332,0.09868538259652557
17.211111111111112,0.07970052801110139
17.21388888888889,-0.07583177430747245
17.216666666666665,-0.05070172943373408
17.219444444444445,0.18894051054289757
17.22222222222222,0.05246996365017077
17.225,0.12723230688560752
17.227777777777778,0.03862569496933298
17.230555555555554,0.01803218435110075
17.233333333333334,-0.002924888234399098
17.23611111111111,0.05150568792809237
17.238888888888887,0.030448062123961995
17.241666666666667,0.08138297025075861
17.244444444444444,0.27177145896756294
17.247222222222224,0.026137580951106798
17.25,-0.011888746425238295
17.252777777777776,-0.04931976003827354
17.255555555555556,-0.011108376007024467
17.258333333333333,-0.06993826415776949
17.261111111111113,0.020510106111340368
17.26388888888889,0.09854150203089415
17.266666666666666,0.14966912920908487
17.269444444444446,0.03206688460202231
17.272222222222222,-0.018880189750155003
17.275,-0.009814748448891016
17.27777777777778,-0.06046817870128503
17.280555555555555,-0.043934028836382956
17.283333333333335,0.12663364347726863
17.28611111111111,-0.058966878174683046
17.288888888888888,0.07995825396721408
17.291666666666668,0.05865410946034174
17.294444444444444,-0.028519250947762996
17.29722222222222,0.030065718766702137
17.3,-0.0182624297507546
17.302777777777777,0.098032947012927
17.305555555555557,0.036009078089333374
17.308333333333334,0.047631460229638545
17.31111111111111,-0.04863503469019716
17.31388888888889,-0.03747919997822273
17.316666666666666,-0.08702547899736886
17.319444444444443,0.04724397476016773
17.322222222222223,0.10082237419768439
17.325,0.1452727430519476
17.32777777777778,0.03222247207696402
17.330555555555556,-0.004342809325052342
17.333333333333332,-0.004948870910579967
17.336111111111112,0.018947153254755232
17.33888888888889,-0.010111557486469108
17.341666666666665,0.028003223207769688
17.344444444444445,0.11838690249487177
17.34722222222222,0.010934331068866654
17.35,-0.02545068361281702
17.352777777777778,0.05583754568253594
17.355555555555554,-0.0106299195603566
17.358333333333334,0.05516579714310384
17.36111111111111,0.09875621695466083
17.363888888888887,0.1628076316426052
17.366666666666667,0.020111739357051434
17.369444444444444,0.03018477574543653
17.372222222222224,0.028189282379615384
17.375,0.07627973173685731
17.377777777777776,-0.09944824044420346
17.380555555555556,0.04031231597075117
17.383333333333333,0.08527600033581366
17.386111111111113,0.11692703301692127
17.38888888888889,0.014708521864361501
17.391666666666666,0.048121826786247796
17.394444444444446,-0.024770613416769928
17.397222222222222,0.12752693580523344
17.4,-0.0033774165663308514
17.40277777777778,0.05779848329593835
17.405555555555555,0.08982801817536061
17.408333333333335,0.10095906587542752
17.41111111111111,0.016023986274853717
17.413888888888888,-0.021156330986358843
17.416666666666668,-0.07285381758085822
17.419444444444444,0.14102186835382835
17.42222222222222,0.05265645333825185
17.425,0.18227529685338262
17.427777777777777,0.0017158187238192901
17.430555555555557,0.05087023186645062
17.433333333333334,0.02661822357626273
17.43611111111111,-0.03225677100634613
17.43888888888889,0.029135112940751735
17.441666666666666,0.04917252825213255
17.444444444444443,0.13805545414056708
17.447222222222223,0.11993107551652508
17.45,0.08566249906129457
17.45277777777778,0.07093765485226824
17.455555555555556,0.14602601182548675
17.458333333333332,0.07553100937619066
17.461111111111112,0.1680732686651443
17.46388888888889,0.10179215437513284
17.466666666666665,0.16679472426552128
17.469444444444445,0.2109366876872391
17.47222222222222,0.06369542042460138
17.475,0.10894293041729676
17.477777777777778,0.13731782262402287
17.480555555555554,0.14454939654314516
17.483333333333334,0.0873163974770703
17.48611111111111,0.1339196098382328
17.488888888888887,0.021101336997932374
17.491666666666667,0.2038152225336688
17.494444444444444,0.11561870279365533
17.497222222222224,0.07903646856450489
17.5,0.13113924276893135
17.502777777777776,0.05549056656704844
17.505555555555556,0.01255028413493664
17.508333333333333,0.12099600757721485
17.511111111111113,0.07390123423030488
17.51388888888889,0.12047763330524425
17.516666666666666,0.08255665344640117
17.519444444444446,0.09328662418826034
17.522222222222222,0.09429211443402478
17.525,0.12179825882482789
17.52777777777778,0.040984842465345145
17.530555555555555,0.008699116223923862
17.533333333333335,0.027880293324217657
17.53611111111111,-0.0416623129681356
17.538888888888888,0.015698276957706665
17.541666666666668,3.2568871959418044e-05
17.544444444444444,0.04305024793440339
17.54722222222222,0.11461509660411248
17.55,-0.07664485856424488
17.552777777777777,-0.02056714595184231
17.555555555555557,-0.029522215659654755
17.558333333333334,-0.03361532874475773
17.56111111111111,0.04594716042613501
17.56388888888889,-0.06993076238209509
17.566666666666666,0.011862175470869582
17.569444444444443,0.05602909042813645
17.572222222222223,-0.07991979689511239
17.575,-0.02405643195094748
17.57777777777778,0.02603932026606305
17.580555555555556,0.09224373720548196
17.583333333333332,0.03271584060208149
17.586111111111112,0.013324550614483614
17.58888888888889,0.027844715034556863
17.591666666666665,-0.14831511216206644
17.594444444444445,-0.06131218548838012
17.59722222222222,-0.07673888272674378
17.6,0.04052962076566446
17.602777777777778,0.03489734132746411
17.605555555555554,0.10423983562232003
17.608333333333334,0.05971143515350455
17.61111111111111,0.08292799704008698
17.613888888888887,0.0045056552544809735
17.616666666666667,-0.0385983796195752
17.619444444444444,0.014652345225150049
17.622222222222224,0.08069317160823934
17.625,0.13035997862883605
17.627777777777776,0.05710225741147257
17.630555555555556,0.07310662405648025
17.633333333333333,0.11693438324344818
17.636111111111113,0.28524934173947764
17.63888888888889,0.3476669825452433
17.641666666666666,0.4847994101973476
17.644444444444446,0.601574875607476
17.647222222222222,0.9938405265896609
17.65,0.8300576264784109
17.65277777777778,1.09123514721425
17.655555555555555,1.0479626928754375
17.658333333333335,1.1364464334495883
17.66111111111111,0.9272369712776617
17.663888888888888,1.0177446531899879
17.666666666666668,0.8122620124260068
17.669444444444444,0.7159206056573831
17.67222222222222,0.4237538869945316
17.675,0.23485538845233034
17.677777777777777,0.20424225439868435
17.680555555555557,0.035668513570787944
17.683333333333334,0.09600748251098155
17.68611111111111,-0.006106355550031979
17.68888888888889,0.03038175049896518
17.691666666666666,-0.22283313619844394
17.694444444444443,-0.16858695566708823
17.697222222222223,-0.21405341149531948
17.7,-0.1990323356575066
17.70277777777778,-0.17531400656563645
17.705555555555556,-0.18668344720508911
17.708333333333332,-0.38333333247366197
17.711111111111112,-0.3184312182286464
17.71388888888889,-0.1276765007966646
17.716666666666665,-0.3138180344730482
17.719444444444445,-0.256518992385521
17.72222222222222,-0.1869271326190563
17.725,-0.019954950562302273
17.727777777777778,0.05015255191516692
17.730555555555554,0.05378055601453832
17.733333333333334,-0.11463922443108233
17.73611111111111,-0.007531614750426435
17.738888888888887,-0.07610771153295998
17.741666666666667,0.11574819080483076
17.744444444444444,0.013564181347919216
17.747222222222224,-0.023913635330442877
17.75,0.01731266799011021
17.752777777777776,0.08031851833701256
17.755555555555556,-0.046647413738010755
17.758333333333333,-0.03209450135766597
17.761111111111113,0.08552204612936636
17.76388888888889,0.0023622229416667972
17.766666666666666,0.0719424513406137
17.769444444444446,0.005291133072861439
17.772222222222222,0.13812454992794476
17.775,-0.20363001737491793
17.77777777777778,-0.048415309081200196
17.780555555555555,-0.05812332075773454
17.783333333333335,0.046624708199373026
17.78611111111111,0.06258893961586859
17.788888888888888,0.04544824165376379
17.791666666666668,-0.027483241928762434
17.794444444444444,-0.05265428452945062
17.79722222222222,0.025688208811573673
17.8,0.013810550055078422
17.802777777777777,-0.033961725949269175
17.805555555555557,0.07551857515835397
17.808333333333334,0.008450319766466173
17.81111111111111,-0.01475609954426882
17.81388888888889,-0.0921404292783985
17.816666666666666,-0.11586388167644676
17.819444444444443,-0.050428853969085606
17.822222222222223,0.01991811528383325
17.825,-0.011170894499508172
17.82777777777778,-0.06173103641639053
17.830555555555556,-0.020156408462326962
17.833333333333332,0.07483622290108206
17.836111111111112,-0.04224204034776609
17.83888888888889,-0.05282007770964263
17.841666666666665,0.11460429971605751
17.844444444444445,0.11328684474620102
17.84722222222222,0.0010230752625757233
17.85,0.08706076961353253
17.852777777777778,-0.03083923449708691
17.855555555555554,0.056805199098628356
17.858333333333334,-0.05195773473066754
17.86111111111111,0.022615496196634992
17.863888888888887,0.02967417571931022
17.866666666666667,0.06607017427672823
17.869444444444444,0.1369354935865389
17.872222222222224,0.0867303597072428
17.875,0.00048081288572826564
17.877777777777776,0.11478120602387326
17.880555555555556,0.05956748458599686
17.883333333333333,0.1947909974843443
17.886111111111113,0.18109922878264778
17.88888888888889,0.1792334682851963
17.891666666666666,0.037373321283960176
17.894444444444446,0.20775776055539474
17.897222222222222,0.13237830554984914
17.9,0.2501735300875916
17.90277777777778,0.19724188947436005
17.905555555555555,0.16820595586008244
17.908333333333335,0.1985770196942103
17.91111111111111,0.21909896826699987
17.913888888888888,0.12765524404308887
17.916666666666668,0.12199891219818718
17.919444444444444,0.22283244926255177
17.92222222222222,0.3361630593935306
17.925,0.30977102808526846
17.927777777777777,0.328010697045563
17.930555555555557,0.27066595343482447
17.933333333333334,0.20564552324821525
17.93611111111111,0.3014288189526002
17.93888888888889,0.2485049413362356
17.941666666666666,0.22786788355641063
17.944444444444443,0.24508381739716154
17.947222222222223,0.36719632396692664
17.95,0.18591951000344495
17.95277777777778,0.24897510712560023
17.955555555555556,0.2995849608537828
17.958333333333332,0.22003063004072893
17.961111111111112,0.21168347155125167
17.96388888888889,0.2143691478932498
17.966666666666665,0.1794306899288597
17.969444444444445,0.1211625474508411
17.97222222222222,0.1403233254688025
17.975,0.15879612742531327
17.977777777777778,0.20347691868066936
17.980555555555554,0.21818651803935463
17.983333333333334,0.11312072111483945
17.98611111111111,0.08180983331618463
17.988888888888887,0.019449365656461964
17.991666666666667,0.19478473725199924
17.994444444444444,-0.01940686158970812
17.997222222222224,0.04981907798821837
18.0,0.08774260963545855
18.002777777777776,0.034880259232901514
18.005555555555556,0.115303124905281
18.008333333333333,-0.0906965351897655
18.011111111111113,0.06541768117426967
18.01388888888889,-0.03452333721610151
18.016666666666666,-0.12744729145591616
18.019444444444446,0.03657877795630778
18.022222222222222,0.04195506048863065
18.025,0.11040934761607962
18.02777777777778,-0.040520242490872105
18.030555555555555,0.11423077717935023
18.033333333333335,-0.04647155913235533
18.03611111111111,-0.050261029297354744
18.038888888888888,0.05654908423126536
18.041666666666668,0.07344921408820876
18.044444444444444,0.033385893195893704
18.04722222222222,-0.03554768360499115
18.05,-0.06182759936154916
18.052777777777777,-0.07727510472027962
18.055555555555557,-0.020722272142913757
18.058333333333334,-0.0197513624545259
18.06111111111111,-0.0018552708667960993
18.06388888888889,0.027018282588428186
18.066666666666666,0.04670814989222101
18.069444444444443,0.0482743267965761
18.072222222222223,-0.12462529916610804
18.075,-0.07880903308328362
18.07777777777778,-0.06195341428601221
18.080555555555556,-0.07934743822611431
18.083333333333332,0.010944592210458811
18.086111111111112,0.0338060740363913
18.08888888888889,-0.004005579336873946
18.091666666666665,-0.06126719791703079
18.094444444444445,-0.10716124234640403
18.09722222222222,-0.09215504971708291
18.1,0.05685032272028154
18.102777777777778,-0.007794979519484824
18.105555555555554,0.04929138344648863
18.108333333333334,0.07947340091466043
18.11111111111111,-0.08353072597550515
18.113888888888887,0.018498652613954752
18.116666666666667,-0.018979470672129767
18.119444444444444,-0.05383130563574522
18.122222222222224,0.06122182720839002
18.125,-0.004610170152953564
18.127777777777776,0.12866775133987246
18.130555555555556,0.0014022467059085775
18.133333333333333,-0.07115907862370438
18.136111111111113,-0.11732023941267306
18.13888888888889,-0.04194983236706901
18.141666666666666,-0.09374939385521767
18.144444444444446,0.020249679184948802
18.147222222222222,-0.05734764001948883
18.15,0.10599399387285627
18.15277777777778,-0.040091617800105936
18.155555555555555,-0.02208396523976843
18.158333333333335,-0.09879813577445894
18.16111111111111,0.04048507056356117
18.163888888888888,-0.09064009634418815
18.166666666666668,-0.04336237244955245
18.169444444444444,-0.10704850737351392
18.17222222222222,-0.10307299242247164
18.175,-0.1779431796272623
18.177777777777777,0.015579675771942678
18.180555555555557,-0.08688110224612097
18.183333333333334,-0.03520892469129825
18.18611111111111,0.05241612813151324
18.18888888888889,-0.029815633871218317
18.191666666666666,-0.09738306325651352
18.194444444444443,-0.15533305403324443
18.197222222222223,-0.03408165389996647
18.2,0.011697295347209306
18.20277777777778,-0.11971733454512362
18.205555555555556,0.007403906070120848
18.208333333333332,0.029195284306945197
18.211111111111112,0.0007270278434522923
18.21388888888889,-0.09606975823519691
18.216666666666665,0.04641350473275091
18.219444444444445,-0.07392117799896492
18.22222222222222,0.005212976550626469
18.225,0.004786349963509302
18.227777777777778,-0.06867119604444558
18.230555555555554,-0.10783563121995668
18.233333333333334,-0.047030636336942586
18.23611111111111,-0.03839946168595006
18.238888888888887,-0.023590851232290634
18.241666666666667,-0.03553481003441891
18.244444444444444,0.010079711468160831
18.247222222222224,0.03538739402790703
18.25,0.01639082185497044
18.252777777777776,0.07693713060117983
18.255555555555556,-0.008715571932828636
18.258333333333333,0.017770921633999872
18.261111111111113,0.1141284932008857
18.26388888888889,0.10821856356592387
18.266666666666666,0.027525787400563384
18.269444444444446,0.13813462815070993
18.272222222222222,-0.0163317975120432
18.275,0.04473896337449828
18.27777777777778,0.02963343688567282
18.280555555555555,0.02595026653398035
18.283333333333335,0.07827132938712447
18.28611111111111,0.053238495627256445
18.288888888888888,-0.02485313914232162
18.291666666666668,0.03137780483727532
18.294444444444444,-0.10864381024809287
18.29722222222222,-0.027557423514976778
18.3,-0.040941912208846826
18.302777777777777,0.03968570084419537
18.305555555555557,-0.005696787310587392
18.308333333333334,0.01800814510631936
18.31111111111111,-0.03770960448777278
18.31388888888889,-0.04820401333414269
18.316666666666666,-0.03676829268014956
18.319444444444443,-0.022936107213718894
18.322222222222223,-0.02286144479220374
18.325,0.0009988920009322416
18.32777777777778,-0.02562301224410371
18.330555555555556,-0.1581056541204804
18.333333333333332,-0.11536427967009055
18.336111111111112,-0.13332998721163156
18.33888888888889,-0.06774873401994418
18.341666666666665,-0.07933866886839974
18.344444444444445,-0.02811799552334769
18.34722222222222,-0.04503906045061396
18.35,-0.16155059792616627
18.352777777777778,-0.04937157328452012
18.355555555555554,-0.1679636176389412
18.358333333333334,-0.20141106525858973
18.36111111111111,-0.06849401757942283
18.363888888888887,-0.026679046488475248
18.366666666666667,-0.09059449631584371
18.369444444444444,-0.15060249404670523
18.372222222222224,-0.15920642675193028
18.375,-0.015253686893283047
18.377777777777776,-0.15753885636176748
18.380555555555556,-0.14236037543298408
18.383333333333333,-0.03375738875873697
18.386111111111113,-0.08695896751747849
18.38888888888889,-0.05744109169491032
18.391666666666666,-0.044436150342074175
18.394444444444446,-0.09679093274049569
18.397222222222222,-0.12577773874036427
18.4,-0.14652849814254076
18.40277777777778,-0.06743122001660212
18.405555555555555,-0.03649811643199788
18.408333333333335,0.02944217754415651
18.41111111111111,-0.08335315974713213
18.413888888888888,-0.23885295369820095
18.416666666666668,-0.15918818874347565
18.419444444444444,0.024213638949838814
18.42222222222222,0.08678860358530925
18.425,0.17704187650320125
18.427777777777777,0.1671775959580542
18.430555555555557,0.3049744757555233
18.433333333333334,0.483343588101799
18.43611111111111,0.6621715413616219
18.43888888888889,0.7979119570520923
18.441666666666666,0.8624346815231222
18.444444444444443,1.0357277509787208
18.447222222222223,1.1163441767847568
18.45,0.9683175113257717
18.45277777777778,0.9146733232072952
18.455555555555556,0.6952877457365848
18.458333333333332,0.6144347819994969
18.461111111111112,0.519984781334223
18.46388888888889,0.4025188675354354
18.466666666666665,0.29287133170065255
18.469444444444445,0.09656386584137555
18.47222222222222,-0.021541594932212214
18.475,-0.07682648054050673
18.477777777777778,-0.08630413585996786
18.480555555555554,-0.08937651604213458
18.483333333333334,-0.16442988027300906
18.48611111111111,-0.24563121677793978
18.488888888888887,-0.29570789386960256
18.491666666666667,-0.2537146744509515
18.494444444444444,-0.44221707271770944
18.497222222222224,-0.470415039553838
18.5,-0.44322487680404066
18.502777777777776,-0.3750061495091926
18.505555555555556,-0.22125330808834553
18.508333333333333,-0.1631067206241119
18.511111111111113,-0.12704075613974497
18.51388888888889,-0.28144477086058123
18.516666666666666,-0.2680764966658099
18.519444444444446,-0.12461974788812377
18.522222222222222,-0.10539247984094553
18.525,0.023794836254031115
18.52777777777778,-0.08229506767889098
18.530555555555555,-0.13741392307648184
18.533333333333335,-0.010744335087286158
18.53611111111111,-0.08578931286349767
18.538888888888888,-0.045423628754912466
18.541666666666668,-0.03893581731465663
18.544444444444444,-0.07533413605467684
18.54722222222222,-0.10149831375576324
18.55,0.008683054356952616
18.552777777777777,-0.07614158044638275
18.555555555555557,-0.03353043220341152
18.558333333333334,-0.15219511137634067
18.56111111111111,-0.08108979355258905
18.56388888888889,-0.1254526031519974
18.566666666666666,-0.1092248246838648
18.569444444444443,-0.030448737854284258
18.572222222222223,-0.09404791550236923
18.575,-0.09273241648164658
18.57777777777778,-0.13338335470944157
18.580555555555556,-0.12856583570721514
18.583333333333332,-0.03226755212975882
18.586111111111112,-0.14600771887436573
18.58888888888889,-0.12541176581265656
18.591666666666665,-0.1459822871243245
18.594444444444445,-0.11824787541909274
18.59722222222222,-0.19908269709059973
18.6,-0.06045962808669215
18.602777777777778,-0.15567887423051924
18.605555555555554,0.0025303991266166642
18.608333333333334,-0.06900684149353725
18.61111111111111,-0.06624978014619601
18.613888888888887,-0.1724338285000765
18.616666666666667,-0.0882908629044469
18.619444444444444,-0.20760238026015054
18.622222222222224,-0.03666373236069574
18.625,-0.06825785271264154
18.627777777777776,-0.003217350086104423
18.630555555555556,-0.10626999674415022
18.633333333333333,-0.07785411355267952
18.636111111111113,-0.0911674733088722
18.63888888888889,-0.05814732405455439
18.641666666666666,-0.054608719547885036
18.644444444444446,0.013945836650487597
18.647222222222222,0.015526925195181854
18.65,-0.16357867361554324
18.65277777777778,-0.10792743159082858
18.655555555555555,-0.1589564703320917
18.658333333333335,0.06432472853753478
18.66111111111111,-0.017106399310865952
18.663888888888888,-0.06397158911042147
18.666666666666668,0.11537644432731256
18.669444444444444,-0.08240243712826159
18.67222222222222,0.006818932623876669
18.675,0.005373399087721584
18.677777777777777,0.0433120704075279
18.680555555555557,0.03629201852948665
18.683333333333334,0.0017358739950879137
18.68611111111111,-0.056118009635605384
18.68888888888889,0.12724351992153737
18.691666666666666,0.12200202069355157
18.694444444444443,-0.023757009654672666
18.697222222222223,0.046464327274030645
18.7,0.009336141650409469
18.70277777777778,0.2162266117665134
18.705555555555556,0.12111801209418604
18.708333333333332,0.18026699074412678
18.711111111111112,0.17144990967553042
18.71388888888889,0.1750045346262355
18.716666666666665,0.09175314649996467
18.719444444444445,0.17528128924574943
18.72222222222222,0.25266474825078505
18.725,0.3018027097310397
18.727777777777778,0.18347661895886805
18.730555555555554,0.1571841897714754
18.733333333333334,0.17355219189077825
18.73611111111111,0.1746422207881153
18.738888888888887,0.20582987302495376
18.741666666666667,0.18869489419471552
18.744444444444444,0.1488143237829403
18.747222222222224,0.13325586445607532
18.75,0.08105944357979214
18.752777777777776,0.06711820254867462
18.755555555555556,0.1287456168523955
18.758333333333333,0.07153693336461638
18.761111111111113,0.0013261216869290965
18.76388888888889,-0.06563695085309802
18.766666666666666,0.1903964440067053
18.769444444444446,0.0628217342467924
18.772222222222222,0.002038053331507578
18.775,0.06106120612734729
18.77777777777778,-0.016839239520394837
18.780555555555555,0.03591408054403755
18.783333333333335,0.04047220088159879
18.78611111111111,0.0288895256793505
18.788888888888888,0.013971708550174312
18.791666666666668,-0.033641390531682025
18.794444444444444,-0.02809642132209996
18.79722222222222,-0.07883145532236176
18.8,-0.017702357322841943
18.802777777777777,0.03239440535915927
18.805555555555557,0.09419764056213842
18.808333333333334,-0.010163458898869895
18.81111111111111,-0.0969430891820753
18.81388888888889,-0.045669423687633784
18.816666666666666,-0.09511170200606424
18.819444444444443,-0.14458836305142655
18.822222222222223,-0.10435171762275552
18.825,-0.16322365027141122
18.82777777777778,-0.10804989811597834
18.830555555555556,-0.10319458298959025
18.833333333333332,-0.062084661601485694
18.836111111111112,-0.06644378438459311
18.83888888888889,-0.008239771561385667
18.841666666666665,-0.04602858715735312
18.844444444444445,-0.058959004856284525
18.84722222222222,-0.08598527781310089
18.85,-0.1408674386346188
18.852777777777778,-0.1356385361070918
18.855555555555554,-0.14266553641496452
18.858333333333334,-0.07058673135584007
18.86111111111111,-0.06849431907846106
18.863888888888887,-0.022895416986312242
18.866666666666667,-0.006575457281613378
18.869444444444444,-0.041776881185370734
18.872222222222224,-0.1792954586092286
18.875,-0.03677931057927092
18.877777777777776,-0.06700724207687464
18.880555555555556,-0.03640858161964032
18.883333333333333,-0.09944220664040451
18.886111111111113,0.0024485433201114765
18.88888888888889,-0.13355277477114674
18.891666666666666,-0.14624562740727345
18.894444444444446,-0.24494336296815192
18.897222222222222,-0.05082996716384018
18.9,-0.02947170135830099
18.90277777777778,-0.12571150481003285
18.905555555555555,-0.10675746251901372
18.908333333333335,-0.11876021686930643
18.91111111111111,-0.12242387812766725
18.913888888888888,-0.176697108919313
18.916666666666668,-0.03016803210018469
18.919444444444444,-0.09265168176507795
18.92222222222222,-0.08463637565183253
18.925,-0.08103896436078976
18.927777777777777,-0.07752433177498695
18.930555555555557,-0.03180797984717858
18.933333333333334,-0.1425708260324217
18.93611111111111,-0.17655989993454876
18.93888888888889,-0.12385825807740036
18.941666666666666,-0.10147000999048199
18.944444444444443,-0.07994611156900747
18.947222222222223,-0.12096986774607328
18.95,-0.06951612138288296
18.95277777777778,-0.02875245359468774
18.955555555555556,-0.07096645302327677
18.958333333333332,-0.1563552805755925
18.961111111111112,-0.12960749386854198
18.96388888888889,-0.03639980450136034
18.966666666666665,-0.017575490307009313
18.969444444444445,-0.06665771821268707
18.97222222222222,-0.1955022145865566
18.975,-0.1280556962435461
18.977777777777778,-0.21660837448176679
18.980555555555554,-0.1543096466642962
18.983333333333334,-0.042933505291524614
18.98611111111111,-0.15401044259940627
18.988888888888887,-0.038095305294192264
18.991666666666667,-0.09668283028461941
18.994444444444444,-0.18907328096811601
18.997222222222224,-0.009306503327131607
19.0,-0.03709046836844063
19.002777777777776,-0.14276911680111692
19.005555555555556,-0.03175521470661906
19.008333333333333,-0.16771021538192593
19.011111111111113,-0.10029489680582784
19.01388888888889,-0.24196868951333764
19.016666666666666,-0.21255609233783995
19.019444444444446,-0.14864879817609944
19.022222222222222,-0.06913075356336053
19.025,-0.16446519682486405
19.02777777777778,-0.08484176834827113
19.030555555555555,-0.0396304050170312
19.033333333333335,-0.04952059368657247
19.03611111111111,0.015789976570431297
19.038888888888888,-0.10477912000796329
19.041666666666668,-0.032898936261641344
19.044444444444444,0.03859789158478414
19.04722222222222,-0.0014779709899974333
19.05,-0.030373426588103332
19.052777777777777,-0.0796418841477717
19.055555555555557,-0.030004369649855516
19.058333333333334,0.03140667961502549
19.06111111111111,0.02526253758863166
19.06388888888889,0.08564636213891107
19.066666666666666,0.16082397505573992
19.069444444444443,-0.016225199316309478
19.072222222222223,-0.05462570716294108
19.075,-0.04301271243677747
19.07777777777778,-0.00033855575805329455
19.080555555555556,0.01847350567198529
19.083333333333332,0.14811731755049584
19.086111111111112,0.04439681002376543
19.08888888888889,0.016660523931031162
19.091666666666665,-0.06064930079054375
19.094444444444445,-0.12068813800654635
19.09722222222222,0.045890399156328976
19.1,-0.006316862948824262
19.102777777777778,0.017526231429703595
19.105555555555554,-0.03595965831289928
19.108333333333334,0.06485631232005921
19.11111111111111,-0.10042158683242157
19.113888888888887,-0.1514346873254638
19.116666666666667,-0.06451361983123341
19.119444444444444,-0.105044310189163
19.122222222222224,-0.19248640839598075
19.125,-0.06844109998102134
19.127777777777776,-0.06437317384823694
19.130555555555556,-0.1337640465174259
19.133333333333333,-0.1826692334336599
19.136111111111113,-0.11850380588050675
19.13888888888889,-0.1636038963412019
19.141666666666666,-0.14453523959322878
19.144444444444446,-0.02166460966363013
19.147222222222222,-0.040782908243919815
19.15,-0.11444801391895952
19.15277777777778,-0.10031984056733392
19.155555555555555,-0.020408858861645854
19.158333333333335,-0.1300982187928714
19.16111111111111,0.02152329686832495
19.163888888888888,-0.023784509910496757
19.166666666666668,-0.11567008469188211
19.169444444444444,-0.1326343607625158
19.17222222222222,-0.16008085225411386
19.175,-0.11224501361706372
19.177777777777777,-0.18171527029093004
19.180555555555557,-0.10188565428873797
19.183333333333334,-0.04726309090306721
19.18611111111111,0.049242528302007676
19.18888888888889,-0.08931142087910328
19.191666666666666,-0.15592591188841093
19.194444444444443,-0.117526172054808
19.197222222222223,-0.00972085917533519
19.2,-0.055858495534119874
19.20277777777778,-0.06670258637227713
19.205555555555556,-0.20598621463568162
19.208333333333332,-0.10798646581542641
19.211111111111112,-0.18301136954185632
19.21388888888889,-0.13407104017657218
19.216666666666665,-0.03736919264227881
19.219444444444445,0.0050900955788460295
19.22222222222222,0.03163726545130016
19.225,0.03284994630807304
19.227777777777778,0.1469144962346248
19.230555555555554,0.130916223352112
19.233333333333334,0.16421651943052504
19.23611111111111,0.37169478956445856
19.238888888888887,0.4486128037825666
19.241666666666667,0.6324142868081228
19.244444444444444,0.8233027786524634
19.247222222222224,0.9252014563188878
19.25,1.0011166281442108
19.252777777777776,0.9223720484912753
19.255555555555556,0.9235790292281785
19.258333333333333,0.9401363787936464
19.261111111111113,0.7258855849581789
19.26388888888889,0.555217679082822
19.266666666666666,0.44624644791013046
19.269444444444446,0.40023029230884677
19.272222222222222,0.10593540502526363
19.275,0.05638594665541291
19.27777777777778,0.05341970687788766
19.280555555555555,-0.0950800263216941
19.283333333333335,-0.09118714416593147
19.28611111111111,-0.174007001037991
19.288888888888888,-0.20483089103546448
19.291666666666668,-0.24975144007193278
19.294444444444444,-0.3586401699992923
19.29722222222222,-0.34765705155434135
19.3,-0.32588179905288045
19.302777777777777,-0.2741595824458133
19.305555555555557,-0.3172434280890551
19.308333333333334,-0.3157345145166214
19.31111111111111,-0.2673135340717902
19.31388888888889,-0.24684195132032064
19.316666666666666,-0.2688545838450087
19.319444444444443,-0.16676945138101074
19.322222222222223,-0.08048496268980658
19.325,-0.09593424983336439
19.32777777777778,-0.018876716127427376
19.330555555555556,-0.09903912333121476
19.333333333333332,-0.13621351376678445
19.336111111111112,-0.10084561727028077
19.33888888888889,-0.048524561276465206
19.341666666666665,-0.14367487349496635
19.344444444444445,0.05218386640446988
19.34722222222222,-0.04456782372997274
19.35,0.009295995174066499
19.352777777777778,-0.16660988612487337
19.355555555555554,-0.07555412376160767
19.358333333333334,-0.15855319558124142
19.36111111111111,-0.022558014005601867
19.363888888888887,0.04075846495989243
19.366666666666667,-0.07556456861335654
19.369444444444444,0.04195606926705342
19.372222222222224,-0.06850949164581376
19.375,-0.14340978430782628
19.377777777777776,-0.09971957545515596
19.380555555555556,-0.08566137879499088
19.383333333333333,-0.0550151523369699
19.386111111111113,-0.0034986855455101107
19.38888888888889,-0.10493747892745262
19.391666666666666,-0.06402294389380964
19.394444444444446,-0.11147039344370596
19.397222222222222,-0.10952573656795717
19.4,-0.03379605045878847
19.40277777777778,-0.11160266955629089
19.405555555555555,0.052572138546733725
19.408333333333335,0.040124582106628004
19.41111111111111,-0.07510376335740038
19.413888888888888,-0.13188087734392406
19.416666666666668,-0.18725326796130892
19.419444444444444,-0.04531653403340073
19.42222222222222,0.021894750641618888
19.425,-0.040775763809641166
19.427777777777777,-0.11008594089565868
19.430555555555557,0.021927704737563433
19.433333333333334,-0.05927365469157962
19.43611111111111,-0.03810478413179718
19.43888888888889,-0.03135406139872486
19.441666666666666,-0.007933082941744076
19.444444444444443,0.06492220939256187
19.447222222222223,-0.03052799646720474
19.45,-0.10534530413992815
19.45277777777778,-0.07018616514325612
19.455555555555556,-0.1498221529555544
19.458333333333332,-0.051567844899354565
19.461111111111112,0.010722269267397498
19.46388888888889,0.053833220397924104
19.466666666666665,0.028009506361163575
19.469444444444445,0.08320266255639525
19.47222222222222,0.05501112349186817
19.475,0.010261482408499594
19.477777777777778,-0.023412690159764618
19.480555555555554,0.11951852222012244
19.483333333333334,0.1051775082211692
19.48611111111111,0.1606713909390781
19.488888888888887,0.14932470464830452
19.491666666666667,0.12020490504253334
19.494444444444444,0.011321805755620126
19.497222222222224,-0.0028538632031792216
19.5,0.11782308721658227
19.502777777777776,0.1679827839563316
19.505555555555556,0.23344736889240755
19.508333333333333,0.28836750493525054
19.511111111111113,0.1826894388170237
19.51388888888889,0.08448106048496355
19.516666666666666,0.1692346142430614
19.519444444444446,0.3282510372984846
19.522222222222222,0.21189651331646336
19.525,0.21934140060343293
19.52777777777778,0.2874766845278456
19.530555555555555,0.15665023241383141
19.533333333333335,0.27266810384961787
19.53611111111111,0.22066036160636232
19.538888888888888,0.3068762121412708
19.541666666666668,0.1808395083290182
19.544444444444444,0.3005646040119555
19.54722222222222,0.23952625108978576
19.55,0.25839533923320357
19.552777777777777,0.2632060786970127
19.555555555555557,0.07307293040437085
19.558333333333334,0.17374444304391665
19.56111111111111,0.18227493170127887
19.56388888888889,0.21170935867818141
19.566666666666666,0.2554726141589858
19.569444444444443,0.25156523851635293
19.572222222222223,0.10696871454605496
19.575,0.0989780528596034
19.57777777777778,0.08257245273545148
19.580555555555556,0.049548669985175306
19.583333333333332,-0.04696242931205115
19.586111111111112,0.06306683908383273
19.58888888888889,0.11942149085207439
19.591666666666665,0.015653123057132904
19.594444444444445,-0.06244111764836857
19.59722222222222,-0.014895308671535554
19.6,-0.03547512282366867
19.602777777777778,0.03343996798285173
19.605555555555554,-0.042211625397112956
19.608333333333334,-0.019259009643112526
19.61111111111111,-0.07899493933082284
19.613888888888887,-0.13735757323051676
19.616666666666667,-0.014861284843046847
19.619444444444444,-0.02701376529845912
19.622222222222224,0.017682270651837743
19.625,0.15300763257146344
19.627777777777776,-0.06010606261547513
19.630555555555556,-0.01844586288871498
19.633333333333333,-0.16715731813260873
19.636111111111113,-0.10980529931668032
19.63888888888889,-0.036903080998888005
19.641666666666666,-0.008497114255815804
19.644444444444446,-0.040636848889729696
19.647222222222222,0.06829526936269933
19.65,-0.02246922234910274
19.65277777777778,-0.13805562709047706
19.655555555555555,0.04577101090382271
19.658333333333335,-0.02796163240221831
19.66111111111111,0.07584279193219588
19.663888888888888,-0.08278852881249688
19.666666666666668,0.06017266490082893
19.669444444444444,-0.015513844687990745
19.67222222222222,0.029385995426498182
19.675,-0.0639065128449301
19.677777777777777,-0.04821999654750873
19.680555555555557,-0.07317939740815116
19.683333333333334,-0.045963237526563575
19.68611111111111,-0.1127828469877152
19.68888888888889,0.06230604769985881
19.691666666666666,-0.02516266082093513
19.694444444444443,-0.030550606668647985
19.697222222222223,-0.12757203705748432
19.7,0.03536521036661411
19.70277777777778,-0.02993946084591504
19.705555555555556,-0.00910461244071709
19.708333333333332,0.06003871400263808
19.711111111111112,-0.005482914123679565
19.71388888888889,-0.051710575315182
19.716666666666665,-0.1309353022435909
19.719444444444445,-0.004813901095244015
19.72222222222222,0.020462476003316347
19.725,0.0009266069464481663
19.727777777777778,-0.01471124545972926
19.730555555555554,0.03188456478975189
19.733333333333334,-0.029607541470500556
19.73611111111111,-0.10545610620991058
19.738888888888887,-0.05935279617554387
19.741666666666667,0.06462524037807191
19.744444444444444,0.012122142904476264
19.747222222222224,0.09152550150913827
19.75,0.05648616843108868
19.752777777777776,-0.11185124780692607
19.755555555555556,-0.11017471510191788
19.758333333333333,0.003781464203834347
19.761111111111113,-0.010394519174142238
19.76388888888889,0.020374928264584872
19.766666666666666,0.08124085937818687
19.769444444444446,0.10925253661046096
19.772222222222222,-0.02799296271661811
19.775,-0.06861950227613808
19.77777777777778,-0.08359547658762198
19.780555555555555,0.0028173580014264257
19.783333333333335,0.10848771131951376
19.78611111111111,0.03570175783568151
19.788888888888888,0.03207441522659937
19.791666666666668,0.03151735764860807
19.794444444444444,-0.11358523569913631
19.79722222222222,-0.03555206049786903
19.8,0.009407174563543827
19.802777777777777,0.07505214591827195
19.805555555555557,0.03961419168437134
19.808333333333334,-0.06429578618653985
19.81111111111111,0.014527930116518473
19.81388888888889,-0.09770724444430758
19.816666666666666,-0.029656022694058957
19.819444444444443,0.0005063977553103564
19.822222222222223,0.028138300782649103
19.825,0.05032570329645981
19.82777777777778,-0.00039780568057286997
19.830555555555556,-0.16377570781781695
19.833333333333332,0.003681359492154068
19.836111111111112,0.002070325504219459
19.83888888888889,-0.09483839235824887
19.841666666666665,-0.04374913739520654
19.844444444444445,0.026788852464921572
19.84722222222222,0.014350619731187095
19.85,0.0919379767510762
19.852777777777778,-0.05914936010089702
19.855555555555554,0.012135933648399613
19.858333333333334,0.05477905899078889
19.86111111111111,-0.06172171951489021
19.863888888888887,0.06832352546286995
19.866666666666667,0.07578352191575048
19.869444444444444,0.09026998003676898
19.872222222222224,0.11331871487587114
19.875,-0.10020933699284656
19.877777777777776,-0.012325115677672652
19.880555555555556,-0.014705457998462804
19.883333333333333,0.14150819153899866
19.886111111111113,0.09169954616071002
19.88888888888889,0.05172287267624864
19.891666666666666,0.09864872742240215
19.894444444444446,-0.024973268747211744
19.897222222222222,0.04246345851099072
19.9,0.2858826317530965
19.90277777777778,0.0581509841759119
19.905555555555555,0.22089486775834918
19.908333333333335,0.09881582685198614
19.91111111111111,0.10796442723506844
19.913888888888888,0.05186178792338958
19.916666666666668,0.15120032102249445
19.919444444444444,0.1327139208910892
19.92222222222222,0.04508434859491901
19.925,0.17475865964408105
19.927777777777777,0.060469191880993894
19.930555555555557,0.06619666053852809
19.933333333333334,0.061698462010908214
19.93611111111111,0.10080759776274835
19.93888888888889,0.10500649203160176
19.941666666666666,0.1337103567574598
19.944444444444443,0.1615873890247614
19.947222222222223,0.043349362154627216
19.95,-0.01860190544972143
19.95277777777778,0.0030422075458241236
19.955555555555556,-0.03250435982499074
19.958333333333332,0.10843725920963926
19.961111111111112,0.0773335508750819
19.96388888888889,0.08438246784396036
19.966666666666665,0.1381044983560426
19.969444444444445,0.015210446505619826
19.97222222222222,-0.012017024582291928
19.975,-0.00023463499249239475
19.977777777777778,0.05562740880440336
19.980555555555554,0.06444602094510608
19.983333333333334,0.1912250574495774
19.98611111111111,0.04533629248019273
19.988888888888887,0.06692825921672746
19.991666666666667,0.16218308525561612
19.994444444444444,0.07938627775656673
19.997222222222224,0.0028552246640648586
20.0,-0.021644101325730192
20.002777777777776,0.07654593801107508
20.005555555555556,0.024610318976777762
20.008333333333333,0.033690718185158355
20.011111111111113,-0.04642289083827752
20.01388888888889,-0.08788314439276687
20.016666666666666,0.01857891419430779
20.019444444444446,0.005916428417959145
20.022222222222222,0.08990789039683605
20.025,0.08759430427670975
20.02777777777778,0.07975598880808485
20.030555555555555,0.042033165367239035
20.033333333333335,0.003928730014445176
20.03611111111111,0.04914653729930826
20.038888888888888,0.021028631110059103
20.041666666666668,-0.00456252717327596
20.044444444444444,0.10996838654747267
20.04722222222222,0.10074309347204427
20.05,-0.02537559188572565
20.052777777777777,0.09852043514108591
20.055555555555557,-0.0029293686699558563
20.058333333333334,0.04807516666122144
20.06111111111111,0.011860451392528198
20.06388888888889,0.2372839076852005
20.066666666666666,0.2572156783749285
20.069444444444443,0.4525150912177537
20.072222222222223,0.3761368249872536
20.075,0.6090994607880271
20.07777777777778,0.7837892767402758
20.080555555555556,0.9211825426055489
20.083333333333332,0.9343426566161623
20.086111111111112,1.1378657481678134
20.08888888888889,1.0812453811757388
20.091666666666665,1.070813856607165
20.094444444444445,1.07262176533032
20.09722222222222,0.8494582849637583
20.1,0.8569496697652548
20.102777777777778,0.6252775008074
20.105555555555554,0.6137443386686388
20.108333333333334,0.4426312374873957
20.11111111111111,0.20214445892541513
20.113888888888887,0.16215717498065832
20.116666666666667,0.14512936457770634
20.119444444444444,0.09806699964048603
20.122222222222224,-0.02711753172849601
20.125,-0.0021015433950032194
20.127777777777776,-0.04446386154439136
20.130555555555556,-0.128877943641066
20.133333333333333,-0.17724326731599674
20.136111111111113,-0.15117154467708674
20.13888888888889,-0.23955465970715484
20.141666666666666,-0.14448775025145225
20.144444444444446,-0.20518103828907083
20.147222222222222,-0.11762626601451899
20.15,-0.23718557128157508
20.15277777777778,0.024804987224683744
20.155555555555555,-0.08606413666965661
20.158333333333335,-0.04814272097417206
20.16111111111111,0.03038177528285252
20.163888888888888,0.1081452104766457
20.166666666666668,0.2292818461349876
20.169444444444444,0.03966922087235129
20.17222222222222,0.10720625786822349
20.175,-0.021858280398613303
20.177777777777777,0.04582773620528491
20.180555555555557,0.18356618029087923
20.183333333333334,0.04499819142836567
20.18611111111111,0.12187571756616439
20.18888888888889,0.12092052580120671
20.191666666666666,0.028446249717578427
20.194444444444443,0.1577938373564034
20.197222222222223,-0.018976673226658844
20.2,0.0988393123487138
20.20277777777778,0.19893648782642054
20.205555555555556,0.14320061220943053
20.208333333333332,0.12543518583273416
20.211111111111112,0.2178482635593089
20.21388888888889,0.1613850059912817
20.216666666666665,0.018103257187996623
20.219444444444445,0.10692195833019583
20.22222222222222,0.23008313867074093
20.225,0.1765563235310226
20.227777777777778,0.20435926321835318
20.230555555555554,0.11495930655298699
20.233333333333334,0.11621014467333317
20.23611111111111,0.07976737820775354
20.238888888888887,0.17450961517674135
20.241666666666667,0.12240290866756387
20.244444444444444,0.06651312000008823
20.247222222222224,0.14275260716541827
20.25,0.13321717195265734
20.252777777777776,0.1311985506152959
20.255555555555556,0.11746772477223372
20.258333333333333,0.017568181111175835
20.261111111111113,0.2053323891430206
20.26388888888889,0.11674916678645511
20.266666666666666,0.10720808592933234
20.269444444444446,0.02082935236959861
20.272222222222222,0.22193334593841627
20.275,0.14620144963450596
20.27777777777778,0.039659396650037676
20.280555555555555,0.10327811250270941
20.283333333333335,0.23285213982123695
20.28611111111111,0.13632693873696144
20.288888888888888,0.13518292921867578
20.291666666666668,0.23211827799988105
20.294444444444444,0.08417970199629693
20.29722222222222,0.17447230210929154
20.3,0.11141482216472258
20.302777777777777,0.16183139333601484
20.305555555555557,0.2259963951114919
20.308333333333334,0.1870807678452896
20.31111111111111,0.19181689431513527
20.31388888888889,0.23658984776292097
20.316666666666666,0.11326942243238952
20.319444444444443,0.24247817498771845
20.322222222222223,0.25737326634172575
20.325,0.2884831179868504
20.32777777777778,0.37455654601975585
20.330555555555556,0.26462864940706443
20.333333333333332,0.19677297829563267
20.336111111111112,0.34770541612959355
20.33888888888889,0.32097952875846303
20.341666666666665,0.37043355555120633
20.344444444444445,0.39379212450821877
20.34722222222222,0.4008122194480674
20.35,0.3941063826251441
20.352777777777778,0.37574833363840854
20.355555555555554,0.4193396053832166
20.358333333333334,0.3974637439043165
20.36111111111111,0.4667938534923414
20.363888888888887,0.5062829611552506
20.366666666666667,0.43510146631496976
20.369444444444444,0.49982939561402967
20.372222222222224,0.4172908064828928
20.375,0.4024425163784631
20.377777777777776,0.4638935870034354
20.380555555555556,0.37970152428128945
20.383333333333333,0.3947634919633896
20.386111111111113,0.4930415163118999
20.38888888888889,0.41255363572928655
20.391666666666666,0.4640244514057852
20.394444444444446,0.2823658522374703
20.397222222222222,0.23537682924015352
20.4,0.41823562742135856
20.40277777777778,0.41637911912173226
20.405555555555555,0.2807278912605033
20.408333333333335,0.455716901650734
20.41111111111111,0.28804355072414844
20.413888888888888,0.35717410096130764
20.416666666666668,0.13958241599644697
20.419444444444444,0.2941263464186146
20.42222222222222,0.21435233882207314
20.425,0.20327088305549204
20.427777777777777,0.17700169194738227
20.430555555555557,0.13877269477195198
20.433333333333334,0.11944065955075991
20.43611111111111,0.134326779423806
20.43888888888889,0.24583209931931346
20.441666666666666,0.22820276086259822
20.444444444444443,0.23053185496595527
20.447222222222223,0.12577702737249508
20.45,0.22855894230890855
20.45277777777778,0.0893979621489763
20.455555555555556,0.1216927028706865
20.458333333333332,0.15509281696097296
20.461111111111112,0.16438498763470322
20.46388888888889,0.21746217716127664
20.466666666666665,0.23159976705147925
20.469444444444445,0.11734672557847317
20.47222222222222,0.17165479894428376
20.475,0.14503856416802008
20.477777777777778,0.02797463829551304
20.480555555555554,-0.0004756679078045667
20.483333333333334,0.16727553698103365
20.48611111111111,0.15943484275137526
20.488888888888887,0.13039924098310046
20.491666666666667,0.08994340259805907
20.494444444444444,0.14122310812007338
20.497222222222224,0.1880006159206206
20.5,0.2120161695392306
20.502777777777776,0.1773118335759991
20.505555555555556,0.15062366510974062
20.508333333333333,0.20114528758628267
20.511111111111113,0.10666309770853846
20.51388888888889,0.20249161054929304
20.516666666666666,0.03530583704098651
20.519444444444446,0.13874887532664548
20.522222222222222,0.24779854979400634
20.525,0.13114291494697228
20.52777777777778,0.23653196572896293
20.530555555555555,0.14878193739911008
20.533333333333335,0.10204615732584478
20.53611111111111,0.1215711811078997
20.538888888888888,0.12804530109356344
20.541666666666668,0.15136071925329078
20.544444444444444,0.18908967707222676
20.54722222222222,0.2224569437134067
20.55,0.22301967005087586
20.552777777777777,0.08062891190565573
20.555555555555557,0.11265251529644416
20.558333333333334,0.08856788057997877
20.56111111111111,0.06452839627799603
20.56388888888889,0.24768914726183922
20.566666666666666,0.17190665193046412
20.569444444444443,0.1507971900572685
20.572222222222223,0.25289833829411507
20.575,0.10651255884455088
20.57777777777778,0.20342453550058942
20.580555555555556,0.20154584640169898
20.583333333333332,0.22282026695051585
20.586111111111112,0.13545459428676404
20.58888888888889,0.22727988939649538
20.591666666666665,0.1105913637811861
20.594444444444445,0.12440518983832585
20.59722222222222,0.11743010756652189
20.6,0.2215680912818598
20.602777777777778,0.2652892504353389
20.605555555555554,0.18786333990179635
20.608333333333334,0.22969307807895994
20.61111111111111,0.13321486546303674
20.613888888888887,0.1907067052265939
20.616666666666667,0.16234148882524754
20.619444444444444,0.30008630683249315
20.622222222222224,0.07854667540544857
20.625,0.15351626112033573
20.627777777777776,0.20379987797659163
20.630555555555556,0.2190301656805463
20.633333333333333,0.20238426752986427
20.636111111111113,0.180538723092876
20.63888888888889,0.12739694419165923
20.641666666666666,0.16592735262164027
20.644444444444446,0.23909259139800054
20.647222222222222,0.21665647751282596
20.65,0.18164176603912002
20.65277777777778,0.21523271178689243
20.655555555555555,0.17775879366996186
20.658333333333335,0.09513910569264193
20.66111111111111,0.07554938031218754
20.663888888888888,0.3910536177111924
20.666666666666668,0.2928581629087855
20.669444444444444,0.20816438225497205
20.67222222222222,0.19560473117887886
20.675,0.18326816611980346
20.677777777777777,0.14159515204120648
20.680555555555557,0.18763994773925
20.683333333333334,0.2114332494868705
20.68611111111111,0.15857272505688205
20.68888888888889,0.15078629354257378
20.691666666666666,0.16148545405700657
20.694444444444443,0.1433490978521982
20.697222222222223,-0.01853727344083403
20.7,0.2154453190173994
20.70277777777778,0.18595283555930642
20.705555555555556,0.21025756761318232
20.708333333333332,0.25417667545241907
20.711111111111112,0.1504922811581556
20.71388888888889,0.1538879068727784
20.716666666666665,0.2873267770270258
20.719444444444445,0.1683594117646401
20.72222222222222,0.24444253246189784
20.725,0.21370639396784163
20.727777777777778,0.36161852018633706
20.730555555555554,0.2894105864736503
20.733333333333334,0.24160901209231628
20.73611111111111,0.20116954252243363
20.738888888888887,0.2947316684976354
20.741666666666667,0.32856342718394593
20.744444444444444,0.3397436980834198
20.747222222222224,0.3892179747028959
20.75,0.16996568055504582
20.752777777777776,0.3606882515256765
20.755555555555556,0.3246975537088565
20.758333333333333,0.27068119282952235
20.761111111111113,0.337947491678835
20.76388888888889,0.2429363926032454
20.766666666666666,0.31678596731714237
20.769444444444446,0.1538970264682792
20.772222222222222,0.24749667014027307
20.775,0.2646939535163285
20.77777777777778,0.1299748340116663
20.780555555555555,0.24573595840496956
20.783333333333335,0.3118450043533416
20.78611111111111,0.29966345444541853
20.788888888888888,0.15233255943409113
20.791666666666668,0.15506920432026183
20.794444444444444,0.2525533463146875
20.79722222222222,0.15877199306113213
20.8,0.20023716423384563
20.802777777777777,0.20049308440718877
20.805555555555557,0.1634901107815807
20.808333333333334,0.16588631652264216
20.81111111111111,0.16423145021130214
20.81388888888889,0.20163008084548367
20.816666666666666,0.19579432494119986
20.819444444444443,0.155387408299551
20.822222222222223,0.1866903142899817
20.825,0.19875488175171696
20.82777777777778,0.27436051176778026
20.830555555555556,0.09887249231062557
20.833333333333332,0.16362805965195834
20.836111111111112,0.2561646514911517
20.83888888888889,0.20215300280129822
20.841666666666665,0.1057179406216361
20.844444444444445,0.3064841711341747
20.84722222222222,0.11655497396527051
20.85,0.1747979888101279
20.852777777777778,0.22292338989329932
20.855555555555554,0.17617908167911348
20.858333333333334,0.1730889095999205
20.86111111111111,0.14178436989773702
20.863888888888887,0.17595121252327003
20.866666666666667,0.21514094511501639
20.869444444444444,0.11326956739776163
20.872222222222224,0.1124015118113367
20.875,0.13030176591390882
20.877777777777776,0.09198091923733016
20.880555555555556,0.3764701622730982
20.883333333333333,0.306893603632295
20.886111111111113,0.23913594705727304
20.88888888888889,0.18737976176396548
20.891666666666666,0.09777132576482235
20.894444444444446,0.2451918820749192
20.897222222222222,0.22748646888807258
20.9,0.3043019039250985
20.90277777777778,0.4024981085198
20.905555555555555,0.6138301764785509
20.908333333333335,0.5933371323473031
20.91111111111111,0.6777774523483847
20.913888888888888,0.8614255574772437
20.916666666666668,0.9069655321914148
20.919444444444444,0.9899420547136016
20.92222222222222,1.2381464522757653
20.925,1.2860557403747144
20.927777777777777,1.3408499486730094
20.930555555555557,1.265825676872272
20.933333333333334,1.1803249503974549
20.93611111111111,1.0309005787194492
20.93888888888889,0.8424189064401302
20.941666666666666,0.680796090898693
20.944444444444443,0.6205706324318928
20.947222222222223,0.4290132103451824
20.95,0.4829018708901257
20.95277777777778,0.22460222784360107
20.955555555555556,0.16995376715922317
20.958333333333332,0.16144595902109213
20.961111111111112,0.1467124387312027
20.96388888888889,0.14560099003851207
20.966666666666665,0.06565196211916956
20.969444444444445,0.05029300560281014
20.97222222222222,0.010369451797194604
20.975,-0.015155353687743997
20.977777777777778,0.005171164096062039
20.980555555555554,-0.03790172801118431
20.983333333333334,-0.09791203006002086
20.98611111111111,0.04602828744625882
20.988888888888887,-0.0014149116990754412
20.991666666666667,-0.04115503615135443
20.994444444444444,-0.006509379249526243
20.997222222222224,0.04349614059319502
21.0,0.18286926345599788
21.002777777777776,0.19452240625687342
21.005555555555556,0.18664598626385
21.008333333333333,0.20433259209150517
21.011111111111113,0.18503949364504857
21.01388888888889,0.18196981396258605
21.016666666666666,0.18222875376567743
21.019444444444446,0.08485261826172928
21.022222222222222,0.1977435975018462
21.025,0.26605639146599114
21.02777777777778,0.24542029305547455
21.030555555555555,0.18149320922476458
21.033333333333335,0.21131926038738583
21.03611111111111,0.11008179026198998
21.038888888888888,0.12984195793481818
21.041666666666668,0.3120815117407636
21.044444444444444,0.30482761711493567
21.04722222222222,0.08463757804558455
21.05,0.2853356599015496
21.052777777777777,0.15222770166777755
21.055555555555557,0.23023579083477408
21.058333333333334,0.23387132909486982
21.06111111111111,0.22126953960068615
21.06388888888889,0.18247166510594245
21.066666666666666,0.2186569816715725
21.069444444444443,0.2432359729570093
21.072222222222223,0.15246631833629815
21.075,0.16839469847291125
21.07777777777778,0.19959147317981388
21.080555555555556,0.14384934645903424
21.083333333333332,0.3243878367534747
21.086111111111112,0.2528121871886847
21.08888888888889,0.22967050776556802
21.091666666666665,0.23583373987585743
21.094444444444445,0.22673344628128247
21.09722222222222,0.17085061387932943
21.1,0.13066926168490334
21.102777777777778,0.19057732049514323
21.105555555555554,0.2107595968423304
21.108333333333334,0.22776531276739043
21.11111111111111,0.2547971030823465
21.113888888888887,0.24347822928473264
21.116666666666667,0.1961151638325232
21.119444444444444,0.26635274958099775
21.122222222222224,0.3411706398571914
21.125,0.26423539944153424
21.127777777777776,0.3288292676110862
21.130555555555556,0.24462251371661614
21.133333333333333,0.24236236993389548
21.136111111111113,0.24523640804223
21.13888888888889,0.1519685034922119
21.141666666666666,0.3202527921544517
21.144444444444446,0.33326454657874127
21.147222222222222,0.37246576293368744
21.15,0.2766930143821185
21.15277777777778,0.4161902720881817
21.155555555555555,0.23818149750671042
21.158333333333335,0.3416619586288858
21.16111111111111,0.44591804829145737
21.163888888888888,0.4511617299375958
21.166666666666668,0.44470143142493845
21.169444444444444,0.2845399793857395
21.17222222222222,0.35686350577329273
21.175,0.37797949438334094
21.177777777777777,0.4108373591536587
21.180555555555557,0.3589165285124407
21.183333333333334,0.4208705206666184
21.18611111111111,0.4905869151084809
21.18888888888889,0.5436308143829994
21.191666666666666,0.4803597717453574
21.194444444444443,0.4406286601446109
21.197222222222223,0.4541492501073258
21.2,0.5355846611429023
21.20277777777778,0.5189099913276719
21.205555555555556,0.5387012686332919
21.208333333333332,0.5513779909139545
21.211111111111112,0.43178104927725813
21.21388888888889,0.4604908530851463
21.216666666666665,0.49053934137720256
21.219444444444445,0.48831693680973653
21.22222222222222,0.562411387824181
21.225,0.4419693199727839
21.227777777777778,0.5157726398141397
21.230555555555554,0.4223296175287287
21.233333333333334,0.2932536976516178
21.23611111111111,0.4119717243636474
21.238888888888887,0.4029483285463944
21.241666666666667,0.41583157812961313
21.244444444444444,0.3552056384920556
21.247222222222224,0.369135311473083
21.25,0.265568478941491
21.252777777777776,0.280661263597203
21.255555555555556,0.1982233769776167
21.258333333333333,0.2706244339630746
21.261111111111113,0.29928246443630013
21.26388888888889,0.34218411767281637
21.266666666666666,0.3095910880096805
21.269444444444446,0.2921946351308321
21.272222222222222,0.18171446244293477
21.275,0.30984971796413435
21.27777777777778,0.2781933355849652
21.280555555555555,0.21074122265605347
21.283333333333335,0.3550175556485566
21.28611111111111,0.2650699079584068
21.288888888888888,0.26754157615856033
21.291666666666668,0.25041091642794555
21.294444444444444,0.20508188125715066
21.29722222222222,0.16936573705377936
21.3,0.15592558894777644
21.302777777777777,0.22691706696762692
21.305555555555557,0.22713246879606785
21.308333333333334,0.20392493918959298
21.31111111111111,0.25859652507152614
21.31388888888889,0.16276948093293225
21.316666666666666,0.2236541147774435
21.319444444444443,0.34136868736478987
21.322222222222223,0.20876586813200684
21.325,0.1801568376903796
21.32777777777778,0.2206465291262584
21.330555555555556,0.1601824016346801
21.333333333333332,0.1251196744248947
21.336111111111112,0.1390096240804201
21.33888888888889,0.27805737696969857
21.341666666666665,0.26268475654561046
21.344444444444445,0.301677594259524
21.34722222222222,0.21633873656319613
21.35,0.18942955166933145
21.352777777777778,0.14549554601447567
21.355555555555554,0.02939979278927482
21.358333333333334,0.14646185725722866
21.36111111111111,0.1974467597032737
21.363888888888887,0.23713399246917385
21.366666666666667,0.2754129540926912
21.369444444444444,0.21755026708798253
21.372222222222224,0.13217223633682962
21.375,0.08619831447779187
21.377777777777776,0.1895996083938514
21.380555555555556,0.3082700046888694
21.383333333333333,0.2913846548263436
21.386111111111113,0.27058271857138005
21.38888888888889,0.264694913297036
21.391666666666666,0.2585582654505812
21.394444444444446,0.15788189299426542
21.397222222222222,0.27859221833638675
21.4,0.4269896941590196
21.40277777777778,0.37259050191213966
21.405555555555555,0.25768376555478234
21.408333333333335,0.40517044847638456
21.41111111111111,0.38455856265524596
21.413888888888888,0.5054400947252813
21.416666666666668,0.3510698361297689
21.419444444444444,0.3621457683309347
21.42222222222222,0.4999083571055846
21.425,0.5510162999660773
21.427777777777777,0.5580444434128193
21.430555555555557,0.5170675793787934
21.433333333333334,0.5534730903666555
21.43611111111111,0.6803710992177664
21.43888888888889,0.4801851183648494
21.441666666666666,0.5785057420718756
21.444444444444443,0.6029106917092312
21.447222222222223,0.6648525237368887
21.45,0.7494716552217099
21.45277777777778,0.725025452286614
21.455555555555556,0.7822724803979997
21.458333333333332,0.6865700306013977
21.461111111111112,0.7200940015888815
21.46388888888889,0.7418931788402016
21.466666666666665,0.6875448527891952
21.469444444444445,0.7313055602645693
21.47222222222222,0.6814104691149075
21.475,0.5471986914989228
21.477777777777778,0.6663292150246947
21.480555555555554,0.5891208472192925
21.483333333333334,0.6343576975207499
21.48611111111111,0.562691190390848
21.488888888888887,0.5551407486623382
21.491666666666667,0.4946364173307428
21.494444444444444,0.3107000543288402
21.497222222222224,0.22992378564870525
21.5,0.2348000441532023
21.502777777777776,0.2409259149927132
21.505555555555556,0.017534628923223855
21.508333333333333,0.017899935298047724
21.511111111111113,-0.03521365024934427
21.51388888888889,-0.1458835730154257
21.516666666666666,-0.05761940011517487
21.519444444444446,-0.1350320563775607
21.522222222222222,-0.23790573018190422
21.525,-0.22026454002610224
21.52777777777778,-0.10027769324205893
21.530555555555555,-0.39273858416386853
21.533333333333335,-0.3518937209791243
21.53611111111111,-0.35755662724758897
21.538888888888888,-0.4168993079116595
21.541666666666668,-0.45599360956947793
21.544444444444444,-0.3959420360682818
21.54722222222222,-0.42404843460582414
21.55,-0.31895549376022964
21.552777777777777,-0.41665572005902995
21.555555555555557,-0.5114817470733598
21.558333333333334,-0.3734130859183415
21.56111111111111,-0.3531399010014357
21.56388888888889,-0.3973690181704815
21.566666666666666,-0.25386438218290985
21.569444444444443,-0.2694519402712626
21.572222222222223,-0.332493559237605
21.575,-0.3233727636132167
21.57777777777778,-0.2883023620545471
21.580555555555556,-0.1420729852926016
21.583333333333332,-0.12680381884381114
21.586111111111112,-0.1276655338382291
21.58888888888889,-0.23945297871136578
21.591666666666665,-0.08307920828204796
21.594444444444445,-0.18455737211151874
21.59722222222222,-9.127407052895997e-05
21.6,-0.08190256711035254
21.602777777777778,-0.06550309149475379
21.605555555555554,0.03908039810252538
21.608333333333334,0.027451382366814985
21.61111111111111,-0.08606504819693545
21.613888888888887,-0.017559309543252688
21.616666666666667,-0.0423117098141193
21.619444444444444,-0.0774251501806055
21.622222222222224,0.11168103434732693
21.625,0.01876775092487247
21.627777777777776,0.036555996607051784
21.630555555555556,0.08701633403215567
21.633333333333333,-0.011016990728770954
21.636111111111113,-0.024050061655217225
21.63888888888889,0.02461179566457456
21.641666666666666,-0.09449499162423139
21.644444444444446,-0.0028075729445677794
21.647222222222222,0.016250146519473034
21.65,0.014650971494510112
21.65277777777778,-0.0006951957307905696
21.655555555555555,0.06604601698211678
21.658333333333335,0.09940524616215389
21.66111111111111,0.01471503647441191
21.663888888888888,0.054910453564365594
21.666666666666668,-0.05525665341616013
21.669444444444444,-0.1509710038130031
21.67222222222222,-0.029077566069650562
21.675,-0.1380954241698056
21.677777777777777,-6.883126123791161e-05
21.680555555555557,-0.004952081029093065
21.683333333333334,0.05503619642879544
21.68611111111111,-0.048498383183301935
21.68888888888889,0.0045429941556981435
21.691666666666666,-0.14209745291270015
21.694444444444443,-0.15155032188239698
21.697222222222223,-0.22734693793106342
21.7,-0.14791225289914928
21.70277777777778,-0.15649157624452142
21.705555555555556,-0.21270551007640834
21.708333333333332,-0.1351487577499714
21.711111111111112,-0.263832091409903
21.71388888888889,-0.2949365929341766
21.716666666666665,-0.2872051056275393
21.719444444444445,-0.2260407743596108
21.72222222222222,-0.22068428132228912
21.725,-0.2271715144737248
21.727777777777778,-0.1886674809831823
21.730555555555554,-0.2445727951856921
21.733333333333334,-0.3063802952563698
21.73611111111111,-0.27615368937684026
21.738888888888887,-0.30422313488206915
21.741666666666667,-0.15412842237435354
21.744444444444444,-0.23138237744436396
21.747222222222224,-0.19767966595076383
21.75,-0.17824612259582795
21.752777777777776,-0.25961979789581174
21.755555555555556,-0.34667755750414553
21.758333333333333,-0.38504490136229874
21.761111111111113,-0.16733484990244146
21.76388888888889,-0.21216371018472058
21.766666666666666,-0.2446473012774501
21.769444444444446,-0.2251471598816851
21.772222222222222,-0.2079256642325319
21.775,-0.3343358955397963
21.77777777777778,-0.3595518766371025
21.780555555555555,-0.17021559488252877
21.783333333333335,-0.12243667718980354
21.78611111111111,-0.2279485404872098
21.788888888888888,-0.18039232965417126
21.791666666666668,-0.21578835188142723
21.794444444444444,-0.16211624990286178
21.79722222222222,-0.24811461907270146
21.8,-0.1254170172229867
21.802777777777777,-0.10362185454510175
21.805555555555557,-0.15281670310284134
21.808333333333334,-0.06599853523682164
21.81111111111111,-0.15153733260387797
21.81388888888889,-0.11594005354612225
21.816666666666666,-0.19470145949065834
21.819444444444443,-0.044718815209365534
21.822222222222223,-0.004969758826285323
21.825,-0.14163275922609048
21.82777777777778,-0.010846946229114765
21.830555555555556,-0.09303975437271783
21.833333333333332,-0.05258217390931628
21.836111111111112,-0.1138879182913084
21.83888888888889,-0.10062124156439006
21.841666666666665,-0.058503979533470946
21.844444444444445,0.03968253233476911
21.84722222222222,0.027057215908091858
21.85,0.06401037678485148
21.852777777777778,0.046830356778652986
21.855555555555554,-0.10834501096247962
21.858333333333334,-0.022329514041408535
21.86111111111111,0.08505383327984041
21.863888888888887,0.07799300375320598
21.866666666666667,0.16099307823479034
21.869444444444444,0.17883237399753588
21.872222222222224,0.06772570380492828
21.875,-0.043255544409280755
21.877777777777776,3.243239028134087e-05
21.880555555555556,0.08027513786156494
21.883333333333333,0.10058948299498775
21.886111111111113,0.0966295259188777
21.88888888888889,0.12323615774714114
21.891666666666666,0.11623296255436733
21.894444444444446,-0.02376152611367606
21.897222222222222,0.02849975317497927
21.9,0.19013605782423215
21.90277777777778,0.09678006062567589
21.905555555555555,0.17659821511303467
21.908333333333335,0.051120204964255636
21.91111111111111,0.15882399635116196
21.913888888888888,0.0636121714919134
21.916666666666668,0.030808153215863054
21.919444444444444,0.2418468362112342
21.92222222222222,0.14705520403233707
21.925,0.061243757372638916
21.927777777777777,0.12569865914451905
21.930555555555557,0.07475818202113665
21.933333333333334,0.0784085352123182
21.93611111111111,0.04494395031447797
21.93888888888889,0.22400784531669693
21.941666666666666,0.049178837481578794
21.944444444444443,0.23564277630158179
21.947222222222223,0.15349954192797904
21.95,0.1116465415077335
21.95277777777778,0.13963695504617896
21.955555555555556,0.11302999274731235
21.958333333333332,0.07975175037302436
21.961111111111112,0.12641841370673684
21.96388888888889,0.15101918478983978
21.966666666666665,0.1666228813666255
21.969444444444445,0.12993117371593718
21.97222222222222,0.08438384238525516
21.975,-0.013846174523720459
21.977777777777778,0.028794037937043833
21.980555555555554,0.05612617396198674
21.983333333333334,0.06100434957554786
21.98611111111111,0.22114078709661444
21.988888888888887,0.12550538636895875
21.991666666666667,0.10197247958581097
21.994444444444444,0.13597758240460045
21.997222222222224,0.05414891700930938
22.0,0.14874018347474213
22.002777777777776,0.03556186734523088
22.005555555555556,0.13945252286712392
22.008333333333333,0.19780989074534622
22.011111111111113,0.06799343884961274
22.01388888888889,0.09307949906700015
22.016666666666666,0.02509147460578863
22.019444444444446,0.2568542749020617
22.022222222222222,0.14585652075021407
22.025,0.15277603827153186
22.02777777777778,0.1961041342398408
22.030555555555555,0.14372369591411843
22.033333333333335,0.023157744719088692
22.03611111111111,0.057852578341276786
22.038888888888888,0.05144930812108013
22.041666666666668,0.15630013014313507
22.044444444444444,0.14115343177357162
22.04722222222222,0.11933373934270951
22.05,0.09541629280358355
22.052777777777777,0.06908811640570428
22.055555555555557,0.09875183196522347
22.058333333333334,0.020221356935262516
22.06111111111111,0.10619461579839332
22.06388888888889,0.15349788013581786
22.066666666666666,0.022332486925286554
22.069444444444443,0.10503264027890993
22.072222222222223,0.010544477467383677
22.075,0.13045047527494813
22.07777777777778,-0.03359408790647617
22.080555555555556,0.1453291734608263
22.083333333333332,0.1957275513496801
22.086111111111112,0.1278351281335901
22.08888888888889,0.115414038400967
22.091666666666665,0.18478389326823258
22.094444444444445,0.08703163416653796
22.09722222222222,0.07789450962580872
22.1,0.09285126567503044
22.102777777777778,0.04181327954290345
22.105555555555554,0.15574048344575092
22.108333333333334,0.12100321784177547
22.11111111111111,0.21752000483449618
22.113888888888887,0.17682578461909787
22.116666666666667,0.12004999592193301
22.119444444444444,0.14830404321673737
22.122222222222224,0.14939813922370468
22.125,0.06320694405279415
22.127777777777776,0.08377410334109589
22.130555555555556,0.028467058543027814
22.133333333333333,0.06910805343346565
22.136111111111113,0.06974205818338294
22.13888888888889,0.16672718271985795
22.141666666666666,0.18300964627211988
22.144444444444446,0.16444811626717615
22.147222222222222,-0.00021704010322472211
22.15,0.07690963410989803
22.15277777777778,0.05692106738697447
22.155555555555555,0.14018712057505073
22.158333333333335,0.15566349868843882
22.16111111111111,0.034365078495074974
22.163888888888888,0.12925378187263573
22.166666666666668,0.055768240911348514
22.169444444444444,0.1443875688628442
22.17222222222222,0.10878765020732495
22.175,0.14964606072313144
22.177777777777777,0.11691983886750984
22.180555555555557,0.041068419651642214
22.183333333333334,0.10072869647873246
22.18611111111111,0.08719040292077615
22.18888888888889,0.019294017375642736
22.191666666666666,-0.032750972387408005
22.194444444444443,0.03376368205584911
22.197222222222223,0.028760454298528405
22.2,0.1524209400020034
22.20277777777778,0.03980908906337785
22.205555555555556,0.029118113914935434
22.208333333333332,0.06600016426209948
22.211111111111112,-0.009878026891199834
22.21388888888889,0.1713553683559876
22.216666666666665,0.056354670732004127
22.219444444444445,0.05408924944803008
22.22222222222222,0.08595466101908775
22.225,0.06570069502863729
22.227777777777778,0.12127567527324283
22.230555555555554,0.3016961551731819
22.233333333333334,-0.07166174709291737
22.23611111111111,-0.023105360824698044
22.238888888888887,0.07070079895878921
22.241666666666667,0.12509757095580576
22.244444444444444,0.08097776380873462
22.247222222222224,0.14661142073790356
22.25,0.1097531102872801
22.252777777777776,-0.03701048007758584
22.255555555555556,0.0007380785415395802
22.258333333333333,0.12062285625710925
22.261111111111113,-0.07208792049698333
22.26388888888889,0.05711846505750525
22.266666666666666,0.06656337824824185
22.269444444444446,-0.06601659200466208
22.272222222222222,0.05067398424131325
22.275,-0.015997356928748124
22.27777777777778,0.06138046422200508
22.280555555555555,0.24097492660952252
22.283333333333335,0.0382760634980519
22.28611111111111,0.1299481991941419
22.288888888888888,0.07947081376472497
22.291666666666668,0.0243860799434617
22.294444444444444,0.08279788284288626
22.29722222222222,0.09524916532733452
22.3,0.09146886276751635
22.302777777777777,0.057288401798827146
22.305555555555557,0.1209610299443741
22.308333333333334,0.1075712505986432
22.31111111111111,0.15770321425910655
22.31388888888889,0.09130748939402665
22.316666666666666,0.06707298457561411
22.319444444444443,0.15717149387661247
22.322222222222223,0.08447739846126752
22.325,-0.024162298623896183
22.32777777777778,0.11238537442036182
22.330555555555556,0.13930877832448957
22.333333333333332,0.1281837050439605
22.336111111111112,-0.02730668822540854
22.33888888888889,0.10885496941396941
22.341666666666665,0.039359195711325075
22.344444444444445,0.060678271706434896
22.34722222222222,0.12216426599825742
22.35,-0.03441891915485344
22.352777777777778,-0.01610876430885697
22.355555555555554,-0.022259435453793573
22.358333333333334,0.04436989265440788
22.36111111111111,0.10383434204123586
22.363888888888887,-0.033860535070308465
22.366666666666667,0.1317587565577933
22.369444444444444,0.08246896756321213
22.372222222222224,0.03476511353647385
22.375,0.06365874635759802
22.377777777777776,0.06805590986839022
22.380555555555556,0.11345531486999069
22.383333333333333,0.09420800541550543
22.386111111111113,0.15789264629698674
22.38888888888889,0.17000895003977964
22.391666666666666,0.06604012994956185
22.394444444444446,0.04294330213323165
22.397222222222222,0.1768534528066489
22.4,0.14667317391130968
22.40277777777778,0.1263483318562294
22.405555555555555,0.18736443904901745
22.408333333333335,0.12099321405337346
22.41111111111111,0.16980074595600148
22.413888888888888,0.039724384484561504
22.416666666666668,0.1707486337558034
22.419444444444444,0.08533636785820513
22.42222222222222,0.17552113269034664
22.425,0.18313841384295715
22.427777777777777,0.21047030158071162
22.430555555555557,0.1682955557917946
22.433333333333334,0.10745358787697765
22.43611111111111,-0.017041363611498717
22.43888888888889,-0.017663949139579138
22.441666666666666,0.15594339509000363
22.444444444444443,0.10704885427126959
22.447222222222223,0.09281056130587406
22.45,0.03029325547685781
22.45277777777778,0.019783644045005364
22.455555555555556,0.05101591581628773
22.458333333333332,-0.05455875048930847
22.461111111111112,0.07657743416808434
22.46388888888889,0.049066752222055
22.466666666666665,-0.03839754094531629
22.469444444444445,0.11898043211865017
22.47222222222222,-0.019851770615719452
22.475,-0.02072723665026583
22.477777777777778,0.07412853593729236
22.480555555555554,0.026553540696722135
22.483333333333334,0.019779760118216812
22.48611111111111,0.17039724816283733
22.488888888888887,-0.02959848128871565
22.491666666666667,-0.0472353557765291
22.494444444444444,0.042126073133089366
22.497222222222224,0.01726596130426612
22.5,0.11038556988782916
22.502777777777776,-0.0574714820238206
22.505555555555556,0.042908455005645586
22.508333333333333,0.02797138221607698
22.511111111111113,0.0786575097253363
22.51388888888889,-0.031225624534295882
22.516666666666666,-0.04131061730061979
22.519444444444446,-0.022666963531662518
22.522222222222222,-0.060536497043569906
22.525,-0.0038967410896150155
22.52777777777778,-0.020811492306927522
22.530555555555555,-0.07298583136250754
22.533333333333335,-0.08836913797333465
22.53611111111111,-0.06686208806125224
22.538888888888888,0.0017685686356482475
22.541666666666668,0.025602427650986984
22.544444444444444,0.006055640664399314
22.54722222222222,0.05828950674560549
22.55,0.06233496781949456
22.552777777777777,-0.048888863522251226
22.555555555555557,0.02408068804228787
22.558333333333334,0.020953995740089455
22.56111111111111,0.06123469772817524
22.56388888888889,0.06267670268289899
22.566666666666666,0.11098587054719139
22.569444444444443,0.2840720351072693
22.572222222222223,0.22049789571563833
22.575,0.23396947810384316
22.57777777777778,0.4623691209964408
22.580555555555556,0.6420107935566866
22.583333333333332,0.8184440109014733
22.586111111111112,0.9511874586670346
22.58888888888889,1.0678542875283707
22.591666666666665,1.1462877112904781
22.594444444444445,1.1430659411547996
22.59722222222222,0.9994963845739991
22.6,0.9894583000011159
22.602777777777778,0.8964177979421304
22.605555555555554,0.7499589656561342
22.608333333333334,0.5546991825839813
22.61111111111111,0.31262683599362906
22.613888888888887,0.35583123289196816
22.616666666666667,0.15225439587941206
22.619444444444444,0.0863448500525292
22.622222222222224,0.06339283836084676
22.625,0.027475652857969258
22.627777777777776,-0.12715542545492828
22.630555555555556,-0.14713988601331635
22.633333333333333,-0.12914625754588285
22.636111111111113,-0.23509305787014922
22.63888888888889,-0.3283042389374161
22.641666666666666,-0.28206788807355604
22.644444444444446,-0.23552500486118494
22.647222222222222,-0.1798758299070045
22.65,-0.26582468831333833
22.65277777777778,-0.26445580862105533
22.655555555555555,-0.15745935133460282
22.658333333333335,-0.14993892832703534
22.66111111111111,-0.12560418646426305
22.663888888888888,0.009961014608695796
22.666666666666668,-0.023670312969145943
22.669444444444444,0.028579208983325034
22.67222222222222,-0.09129466830550628
22.675,0.003812691500107185
22.677777777777777,-0.07647034430597244
22.680555555555557,0.0040283932147147025
22.683333333333334,0.09500787889532218
22.68611111111111,0.05562320570667471
22.68888888888889,0.0678902102395137
22.691666666666666,-0.07283109771614284
22.694444444444443,0.0685224206661735
22.697222222222223,0.0001719721274358911
22.7,-0.022740970692428763
22.70277777777778,0.09449256510774035
22.705555555555556,-0.0004426446989485022
22.708333333333332,0.009689425837109626
22.711111111111112,0.05623367095756165
22.71388888888889,0.04200243590590806
22.716666666666665,0.03667491224895158
22.719444444444445,0.00815612519998009
22.72222222222222,0.09019020042992046
22.725,0.10399466724789974
22.727777777777778,0.007939668623800515
22.730555555555554,0.010602349711976843
22.733333333333334,-0.02938426259714405
22.73611111111111,-0.053860428371061364
22.738888888888887,-0.018938738056147715
22.741666666666667,0.12727571233415935
22.744444444444444,0.13502668614420782
22.747222222222224,0.029084588164799464
22.75,0.024263573334101143
22.752777777777776,-0.09077554490272746
22.755555555555556,0.044017187409785274
22.758333333333333,0.09819294864082767
22.761111111111113,0.022315333098253735
22.76388888888889,0.013307941037597637
22.766666666666666,0.11651269376183422
22.769444444444446,-0.04955675014649788
22.772222222222222,0.06514721275172486
22.775,0.05926108468007607
22.77777777777778,0.054380569661303155
22.780555555555555,0.04211599958960007
22.783333333333335,0.12952378358037914
22.78611111111111,0.04614712926586198
22.788888888888888,0.15608080435606309
22.791666666666668,0.08216434471148627
22.794444444444444,-0.018420448363252705
22.79722222222222,0.040127558436877056
22.8,0.11675950361264284
22.802777777777777,0.031284487294117674
22.805555555555557,0.035934683839096024
22.808333333333334,0.08414628433305396
22.81111111111111,0.05761352104256765
22.81388888888889,0.04315529757471301
22.816666666666666,0.07948720593590027
22.819444444444443,0.1335472623949277
22.822222222222223,0.0883797994374133
22.825,0.09509954802832492
22.82777777777778,0.16750162247332415
22.830555555555556,0.27921942773982594
22.833333333333332,0.14681218732317058
22.836111111111112,0.15963166284123692
22.83888888888889,0.1623860352923445
22.841666666666665,0.12915657127086555
22.844444444444445,0.2876829149707803
22.84722222222222,0.29541718602203426
22.85,0.24198104234094014
22.852777777777778,0.2315774527577005
22.855555555555554,0.2347292053698789
22.858333333333334,0.29187613841497767
22.86111111111111,0.2372870175622664
22.863888888888887,0.2266395689330487
22.866666666666667,0.35677919034564515
22.869444444444444,0.3314642677919749
22.872222222222224,0.17486771305340248
22.875,0.3532629644565469
22.877777777777776,0.2960446473623929
22.880555555555556,0.33906941916190436
22.883333333333333,0.36369596283550676
22.886111111111113,0.29642057068295746
22.88888888888889,0.21964244269621241
22.891666666666666,0.3631888204667373
22.894444444444446,0.2586768101387037
22.897222222222222,0.210761743229202
22.9,0.2657023313382618
22.90277777777778,0.29787660744775346
22.905555555555555,0.20529959772683104
22.908333333333335,0.1467675514076997
22.91111111111111,0.16589692558810648
22.913888888888888,0.1305320889556772
22.916666666666668,0.1511854976166685
22.919444444444444,0.13793761986225725
22.92222222222222,0.1222306960546661
22.925,0.11791318178655999
22.927777777777777,0.1668874045200349
22.930555555555557,0.09027921622575928
22.933333333333334,0.003278839669233549
22.93611111111111,0.033466972594366796
22.93888888888889,0.1233704646635914
22.941666666666666,0.13592146217920348
22.944444444444443,0.08552496437008146
22.947222222222223,0.1891530890940999
22.95,0.013453350282821831
22.95277777777778,0.06332334329504896
22.955555555555556,0.04288997968415929
22.958333333333332,-0.012453814667101212
22.961111111111112,0.14900868705365616
22.96388888888889,0.0985943314053745
22.966666666666665,0.034261843840500406
22.969444444444445,-0.04637338710119763
22.97222222222222,-0.04352091531533704
22.975,-0.0051109258255491365
22.977777777777778,-0.0063549297886442615
22.980555555555554,0.08829968909757524
22.983333333333334,0.05480116755540917
22.98611111111111,0.03536284384522696
22.988888888888887,0.015029166998761972
22.991666666666667,0.011699240805361609
22.994444444444444,0.03983015267259214
22.997222222222224,0.07433480900940331
23.0,0.11683386987687387
23.002777777777776,-0.008189062706832055
23.005555555555556,0.04392324223336576
23.008333333333333,-0.025235484078377057
23.011111111111113,-0.02502773839626152
23.01388888888889,0.0753226636348979
23.016666666666666,0.01860459843061451
23.019444444444446,0.059107497398962344
23.022222222222222,0.09742435506086553
23.025,0.09174584930335525
23.02777777777778,0.052058332663529126
23.030555555555555,0.006752661597069578
23.033333333333335,0.036498810925372493
23.03611111111111,-0.013781555959023178
23.038888888888888,-0.01518863745435187
23.041666666666668,0.06053463268754353
23.044444444444444,0.021338115866319604
23.04722222222222,0.10793471449053497
23.05,0.021473948332232956
23.052777777777777,-0.026907534603861343
23.055555555555557,-0.015993578687829232
23.058333333333334,-0.026972683776446637
23.06111111111111,0.11968108678370688
23.06388888888889,0.029052363205001784
23.066666666666666,0.09109967346798273
23.069444444444443,0.041333993031083864
23.072222222222223,0.014426375598309206
23.075,-0.01883750213713727
23.07777777777778,-0.07834165303186368
23.080555555555556,0.01624612116345954
23.083333333333332,0.14879989608231253
23.086111111111112,0.06924942170504708
23.08888888888889,0.151212578961884
23.091666666666665,0.08900821771702877
23.094444444444445,0.026944596388633432
23.09722222222222,-0.015314161500916051
23.1,0.04980306201086329
23.102777777777778,0.09317285724665612
23.105555555555554,0.09432910469944913
23.108333333333334,0.09672699798102212
23.11111111111111,0.05078942699471862
23.113888888888887,0.0327178835614758
23.116666666666667,0.007550554411266959
23.119444444444444,0.030194267465495202
23.122222222222224,0.02835551286189185
23.125,0.004172159864984704
23.127777777777776,0.028714607096601598
23.130555555555556,0.05353029171829753
23.133333333333333,0.0418150885878591
23.136111111111113,-0.03750470612950976
23.13888888888889,-0.1279094463939294
23.141666666666666,0.11958688711890096
23.144444444444446,0.014109676568570477
23.147222222222222,0.11245178513783946
23.15,-0.05530360773496473
23.15277777777778,0.07111359953682606
23.155555555555555,-0.019012560336959423
23.158333333333335,-0.06183448169975432
23.16111111111111,0.06968356653683061
23.163888888888888,0.118326267411003
23.166666666666668,-0.04262760702602553
23.169444444444444,-0.03343047425610519
23.17222222222222,-0.026386571633716074
23.175,-0.08082134141251021
23.177777777777777,0.029644541740079074
23.180555555555557,-0.007850838996773503
23.183333333333334,0.23133018365397753
23.18611111111111,0.09911032068923409
23.18888888888889,-0.04275990594322709
23.191666666666666,-0.022725989549475637
23.194444444444443,0.07889957241741846
23.197222222222223,0.02888137165487832
23.2,0.11992254594477374
23.20277777777778,0.13248664257859474
23.205555555555556,0.10131149177087173
23.208333333333332,0.09397079543678943
23.211111111111112,0.2018483117073891
23.21388888888889,0.14991766439758455
23.216666666666665,0.14721587468485592
23.219444444444445,0.3801926973350733
23.22222222222222,0.2461047719093201
23.225,0.32201062147969356
23.227777777777778,0.45316020109783595
23.230555555555554,0.5262604606263039
23.233333333333334,0.5437501993902543
23.23611111111111,0.44588919826870976
23.238888888888887,0.5241847161712369
23.241666666666667,0.6814579320080193
23.244444444444444,0.7364277546939043
23.247222222222224,0.7695601779578989
23.25,0.8006387459427858
23.252777777777776,0.6956427515916547
23.255555555555556,0.8699359037985429
23.258333333333333,0.8469572191912377
23.261111111111113,0.917825786772713
23.26388888888889,0.8944858297083158
23.266666666666666,0.8036147250618298
23.269444444444446,0.7185098331816605
23.272222222222222,0.697793669085067
23.275,0.5770780315689032
23.27777777777778,0.5375257447147412
23.280555555555555,0.5932729046935978
23.283333333333335,0.46938969273063574
23.28611111111111,0.3736322565348242
23.288888888888888,0.3854855646993859
23.291666666666668,0.24485355140985435
23.294444444444444,0.06593274834901007
23.29722222222222,-0.034027647764389254
23.3,0.003964892352080737
23.302777777777777,-0.1025371562272529
23.305555555555557,-0.252260422999523
23.308333333333334,-0.1585319963202566
23.31111111111111,-0.18930572423992473
23.31388888888889,-0.44439626689117806
23.316666666666666,-0.47885837146212606
23.319444444444443,-0.3466720624837015
23.322222222222223,-0.34469174865340335
23.325,-0.37489251252536293
23.32777777777778,-0.5111744104042409
23.330555555555556,-0.44153288538564056
23.333333333333332,-0.3945590934188585
23.336111111111112,-0.4070728676606789
23.33888888888889,-0.31577527789789145
23.341666666666665,-0.4086734513037991
23.344444444444445,-0.22347015445385446
23.34722222222222,-0.2530405509668646
23.35,-0.13274246729699668
23.352777777777778,-0.2588832203591114
23.355555555555554,-0.033872392567297904
23.358333333333334,-0.23673099104587578
23.36111111111111,-0.031036135308888234
23.363888888888887,0.01716441478398221
23.366666666666667,0.026256007980773072
23.369444444444444,-0.010411983289721021
23.372222222222224,-0.08307971502793282
23.375,-0.023074083828286837
23.377777777777776,0.00702994991737162
23.380555555555556,0.02310769061332066
23.383333333333333,0.034840620681584666
23.386111111111113,-0.0034961904773459646
23.38888888888889,0.1040495897040618
23.391666666666666,0.016086061623306915
23.394444444444446,0.060398991990069276
23.397222222222222,-0.019197706768553764
23.4,-0.03300301280758356
23.40277777777778,0.08795222921967748
23.405555555555555,0.04343142369625284
23.408333333333335,0.046224990828499374
23.41111111111111,0.012403985063166
23.413888888888888,-0.09188679311890441
23.416666666666668,0.02609344513247031
23.419444444444444,-0.020114716736065703
23.42222222222222,-0.03734123496219189
23.425,0.04416916357473957
23.427777777777777,-0.029963254536235315
23.430555555555557,0.0016017046028831104
23.433333333333334,-0.03620713118313999
23.43611111111111,-0.08696767093913643
23.43888888888889,0.011195842322763477
23.441666666666666,-0.04244160647385235
23.444444444444443,0.15690054256365132
23.447222222222223,-0.07222484887044159
23.45,0.053052706431575634
23.45277777777778,-0.007085480529955222
23.455555555555556,-0.06730778417937955
23.458333333333332,-0.038367428872999244
23.461111111111112,-0.06942990206320232
23.46388888888889,0.08122717624337945
23.466666666666665,0.11731519369326505
23.469444444444445,0.05706959807473224
23.47222222222222,-0.131802192811779
23.475,-0.02142671373488662
23.477777777777778,0.02873418424190654
23.480555555555554,-0.007279734094468167
23.483333333333334,0.006947030217948229
23.48611111111111,0.06323408812270882
23.488888888888887,-0.047189643567503305
23.491666666666667,0.10208781493413337
23.494444444444444,0.05446192693870047
23.497222222222224,0.028953218349018456
23.5,-0.08753671287520179
23.502777777777776,0.10807634287532937
23.505555555555556,-0.018269226033152345
23.508333333333333,-0.08440767731348786
23.511111111111113,0.05500754713892235
23.51388888888889,-0.009841020985453447
23.516666666666666,-0.06699990983858159
23.519444444444446,-0.1660097881155178
23.522222222222222,-0.07644091567557025
23.525,-0.039018830501208183
23.52777777777778,-0.04591993886042504
23.530555555555555,-0.0849686121405167
23.533333333333335,-0.03863114361854276
23.53611111111111,-0.19896986584911924
23.538888888888888,-0.03890242768776558
23.541666666666668,-0.07999739073540578
23.544444444444444,-0.006187077054194263
23.54722222222222,-0.005202260136656658
23.55,-0.26153050527403343
23.552777777777777,-0.2079054677417876
23.555555555555557,-0.07081796949030868
23.558333333333334,-0.01234281219929892
23.56111111111111,-0.1788362328701192
23.56388888888889,-0.04508291777818957
23.566666666666666,0.08823732083082733
23.569444444444443,-0.06268235934160464
23.572222222222223,-0.08502854011549854
23.575,-0.10687706701255513
23.57777777777778,-0.06597961360207542
23.580555555555556,-0.09856608287064109
23.583333333333332,0.06777485140924601
23.586111111111112,0.061011131148971415
23.58888888888889,-0.013442795896864094
23.591666666666665,-0.032400170187321845
23.594444444444445,-0.059276125588724984
23.59722222222222,-0.14114189411990807
23.6,-0.014127046719126964
23.602777777777778,0.013862025621865942
23.605555555555554,0.028215924644004752
23.608333333333334,0.049312581903735726
23.61111111111111,-0.020583995612932303
23.613888888888887,-0.08535610694175255
23.616666666666667,0.0394518421409962
23.619444444444444,-0.06137943420507163
23.622222222222224,0.11981869608210499
23.625,-0.06034419036882227
23.627777777777776,0.12250342416659996
23.630555555555556,-0.010203412661769152
23.633333333333333,-0.10279178815912018
23.636111111111113,0.07143077534814896
23.63888888888889,0.08286635922879473
23.641666666666666,0.005436879486115105
23.644444444444446,0.03417172892129382
23.647222222222222,0.020287005720582584
23.65,0.01855411529140323
23.65277777777778,-0.03366278853983114
23.655555555555555,-0.0023025781672383503
23.658333333333335,-0.027628857265184617
23.66111111111111,0.01662104018317746
23.663888888888888,0.07624934774640152
23.666666666666668,0.03300657390962694
23.669444444444444,0.05884289973979833
23.67222222222222,0.013000701262498932
23.675,-0.023723427891986625
23.677777777777777,0.0072072661478723606
23.680555555555557,0.045834991977791374
23.683333333333334,0.03937131605045124
23.68611111111111,0.037200250754191755
23.68888888888889,0.08843780858110545
23.691666666666666,0.08918807134862752
23.694444444444443,0.008032875423780804
23.697222222222223,0.04958733633758347
23.7,0.11843340270932462
23.70277777777778,0.06042531568419418
23.705555555555556,0.0032476626015729843
23.708333333333332,-0.03995871675974938
23.711111111111112,0.11555590933256848
23.71388888888889,-0.0034948747505733416
23.716666666666665,0.0239230851036406
23.719444444444445,0.10213651433516162
23.72222222222222,0.06406761939338572
23.725,0.015001103027735718
23.727777777777778,-0.03213368142842514
23.730555555555554,0.05513398485001407
23.733333333333334,-0.06541294608946852
23.73611111111111,0.017080730304922926
23.738888888888887,-0.028941676188308285
23.741666666666667,0.009047436299613479
23.744444444444444,0.027760494965404524
23.747222222222224,-0.04660064022975435
23.75,0.1484867204113906
23.752777777777776,-0.05716979687323977
23.755555555555556,0.03919580816395901
23.758333333333333,0.0469390561716504
23.761111111111113,-0.059720383125027615
23.76388888888889,0.046887750903839426
23.766666666666666,0.10353396161415668
23.769444444444446,0.026671850872395528
23.772222222222222,0.05387893522680272
23.775,0.07771288020354924
23.77777777777778,0.06531201363301459
23.780555555555555,0.09920996795135976
23.783333333333335,0.17697717874644983
23.78611111111111,0.061533154382895736
23.788888888888888,0.027939433484420163
23.791666666666668,0.046098589524208644
23.794444444444444,0.1749359382585574
23.79722222222222,-0.02571458130513561
23.8,-0.02060216071727561
23.802777777777777,0.04216541573704093
23.805555555555557,0.04647450801699837
23.808333333333334,0.04763669199364554
23.81111111111111,0.013353360332145469
23.81388888888889,-0.009143250925433125
23.816666666666666,-0.020287798880163507
23.819444444444443,0.06986123871725235
23.822222222222223,0.14850999302098913
23.825,0.0008494661840651313
23.82777777777778,-0.007679404471045516
23.830555555555556,-0.05625279181804267
23.833333333333332,-0.07206453113217451
23.836111111111112,0.0020200437706359734
23.83888888888889,-0.013743938231096441
23.841666666666665,0.02453095310726037
23.844444444444445,0.06447404498534433
23.84722222222222,0.027296736485923775
23.85,-0.08986934959669614
23.852777777777778,0.054684964410164336
23.855555555555554,-0.1155055896407054
23.858333333333334,0.13387767857363636
23.86111111111111,0.032951973406713464
23.863888888888887,0.027756162327384086
23.866666666666667,0.0921999986245774
23.869444444444444,0.10460737348234674
23.872222222222224,-0.043595999472469525
23.875,-0.04136861045021793
23.877777777777776,0.032958196060737174
23.880555555555556,0.06584415789275941
23.883333333333333,0.06710077203198676
23.886111111111113,-0.027205277877731915
23.88888888888889,0.07855396293965078
23.891666666666666,0.08723123042288773
23.894444444444446,0.0766064574792337
23.897222222222222,0.06612730322300762
23.9,-0.0022534756605372026
23.90277777777778,-0.08703526123069061
23.905555555555555,0.03720737158548586
23.908333333333335,-0.011778831970181945
23.91111111111111,0.02584672057424161
23.913888888888888,-0.0022465802376582626
23.916666666666668,-0.07587308680818176
23.919444444444444,0.16371425028626907
23.92222222222222,0.05606159150465833
23.925,0.06807040556501126
23.927777777777777,0.10944920961406278
23.930555555555557,-0.009792050837376085
23.933333333333334,-0.11976402465357276
23.93611111111111,0.018955599186253978
23.93888888888889,-0.0700257137299468
23.941666666666666,0.07653008069165654
23.944444444444443,0.03618132705353572
23.947222222222223,-0.008630525729121909
23.95,-0.03945109991560068
23.95277777777778,0.04863552415103034
23.955555555555556,-0.138759601577635
23.958333333333332,0.10617848272918977
23.961111111111112,0.007990028636869984
23.96388888888889,0.007918876321952845
23.966666666666665,0.013398135523478912
23.969444444444445,0.011024380332576949
23.97222222222222,-0.14346307874561517
23.975,-0.01978192103572121
23.977777777777778,0.1154221234812216
23.980555555555554,0.00436309112380209
23.983333333333334,0.15255382524897568
23.98611111111111,0.014994321952202079
23.988888888888887,0.0728435371245339
23.991666666666667,0.06580324006082441
23.994444444444444,-0.03520222193767139
23.997222222222224,-0.07014012422791918
24.0,0.0650357710665504
24.002777777777776,0.09896991163773292
24.005555555555556,0.11272926496745089
24.008333333333333,0.15421790107771413
24.011111111111113,0.03521407978078868
24.01388888888889,0.0688459994045493
24.016666666666666,0.06342560146403481
24.019444444444446,0.1156669213445227
24.022222222222222,0.0943280362438624
24.025,0.058795853617300955
24.02777777777778,0.12104890360374648
24.030555555555555,0.026848276490810674
24.033333333333335,0.10176333628604976
24.03611111111111,0.14478360720614883
24.038888888888888,0.16522105049834598
24.041666666666668,0.14200806948128525
24.044444444444444,0.22795993212054497
24.04722222222222,0.13113874495400135
24.05,0.1282872998271279
24.052777777777777,0.11654025796293636
24.055555555555557,-0.08632842647202782
24.058333333333334,0.03632732656716578
24.06111111111111,0.030127398862403114
24.06388888888889,0.016527651625750192
24.066666666666666,0.12233819351073102
24.069444444444443,0.07405420147627109
24.072222222222223,0.06414548706764883
24.075,0.0286751657147476
24.07777777777778,0.03692902890403902
24.080555555555556,0.13037897323826098
24.083333333333332,0.050145714800824505
24.086111111111112,0.08935904286183571
24.08888888888889,0.013839680460383651
24.091666666666665,0.014741514345454147
24.094444444444445,-0.004704675602089032
24.09722222222222,-0.058035970538198464
24.1,0.024499301630383497
24.102777777777778,-0.0023064809603748626
24.105555555555554,0.08132461249654985
24.108333333333334,0.0955588979240154
24.11111111111111,0.13634386236806006
24.113888888888887,0.004458755157491834
24.116666666666667,0.03067480527035947
24.119444444444444,0.16156756953875454
24.122222222222224,0.07230981222879518
24.125,-0.004594231521954643
24.127777777777776,-0.022509711276555065
24.130555555555556,0.04710022406032947
24.133333333333333,0.013347977174080355
24.136111111111113,-0.06216035960371055
24.13888888888889,-0.0009286917139889259
24.141666666666666,0.034516548330656385
24.144444444444446,0.034807942504334465
24.147222222222222,0.04501514125147154
24.15,-0.08642265889761075
24.15277777777778,-0.037782233041882204
24.155555555555555,-0.05967950011664828
24.158333333333335,0.07008606891012603
24.16111111111111,0.03363106550851791
24.163888888888888,0.0434193173781564
24.166666666666668,0.0005905594690477356
24.169444444444444,-0.042624317957910024
24.17222222222222,-0.08668035175336856
24.175,-0.0431566981072974
24.177777777777777,-0.0034085801973257317
24.180555555555557,-0.0012825518677905094
24.183333333333334,0.056698619449928996
24.18611111111111,0.05425382052049643
24.18888888888889,-0.015581421411674096
24.191666666666666,0.1316812150788524
24.194444444444443,0.0945189027159089
24.197222222222223,0.27918260496898795
24.2,0.23843991526375274
24.20277777777778,0.4810472049520605
24.205555555555556,0.6223106765082793
24.208333333333332,0.7665564670388058
24.211111111111112,0.9008701252596608
24.21388888888889,0.9035427346920847
24.216666666666665,1.0400186758901486
24.219444444444445,1.0976233551009424
24.22222222222222,1.0422102428460913
24.225,0.9190652555982001
24.227777777777778,0.8459857460853338
24.230555555555554,0.7539604015128806
24.233333333333334,0.5049413495138666
24.23611111111111,0.3280652661795314
24.238888888888887,0.19398234420783445
24.241666666666667,0.19232981084457126
24.244444444444444,0.04249713617686533
24.247222222222224,-0.021392266838244606
24.25,-0.11141480936083631
24.252777777777776,-0.10568604887528112
24.255555555555556,-0.24578868512501192
24.258333333333333,-0.19457332031557295
24.261111111111113,-0.25160124575977405
24.26388888888889,-0.12080571320983047
24.266666666666666,-0.24103157561251107
24.269444444444446,-0.30336968951400994
24.272222222222222,-0.4388736355018937
24.275,-0.28811864213300203
24.27777777777778,-0.25797355615956846
24.280555555555555,-0.1282009137568562
24.283333333333335,-0.12718841394073283
24.28611111111111,-0.07479358022127894
24.288888888888888,-0.16004786786482877
24.291666666666668,-0.0046145128476616365
24.294444444444444,-0.04157407683633921
24.29722222222222,-0.13181539334958392
24.3,0.09810522985617141
24.302777777777777,0.0355800337103837
24.305555555555557,0.021232582766285323
24.308333333333334,0.0701366065118819
24.31111111111111,-0.009301106315094286
24.31388888888889,-0.12896690526801557
24.316666666666666,-0.03854758965866773
24.319444444444443,-0.0180795838530774
24.322222222222223,0.021604095665250726
24.325,0.025667909304190856
24.32777777777778,-0.05529612392873505
24.330555555555556,0.053598170646844454
24.333333333333332,-0.06025440081236143
24.336111111111112,-0.04024104072271345
24.33888888888889,-0.1302078440345221
24.341666666666665,-0.03949544818634466
24.344444444444445,-0.04084612433983612
24.34722222222222,0.07470617149045247
24.35,-0.043021698498970334
24.352777777777778,0.004589893905523293
24.355555555555554,0.018592525492573155
24.358333333333334,0.1068093143409598
24.36111111111111,-0.003664771389358154
24.363888888888887,0.10683965315362273
24.366666666666667,-0.029299852276055117
24.369444444444444,0.06540755000343268
24.372222222222224,-0.08276252180693379
24.375,-0.1385161110292859
24.377777777777776,0.054838219986962505
24.380555555555556,0.12265922445467506
24.383333333333333,-0.1053636785039881
24.386111111111113,0.02598463224921136
24.38888888888889,0.04783917407867833
24.391666666666666,-0.043883409523077344
24.394444444444446,-0.07051365320375252
24.397222222222222,-0.07265505648737175
24.4,-0.06218278943974152
24.40277777777778,-0.009878046662178425
24.405555555555555,0.06625086566618316
24.408333333333335,-0.08389561889154029
24.41111111111111,0.08013220849022712
24.413888888888888,-0.05604710461888097
24.416666666666668,0.029764909481705806
24.419444444444444,-0.01214619314830245
24.42222222222222,-0.008637780913064691
24.425,0.13031330969609406
24.427777777777777,-0.027462626139514848
24.430555555555557,-0.026052468383438568
24.433333333333334,0.05009272920358261
24.43611111111111,0.009292841991081527
24.43888888888889,0.06803124213274026
24.441666666666666,0.019125590560717595
24.444444444444443,0.11771456189617685
24.447222222222223,0.15541076241888094
24.45,0.25372706005638324
24.45277777777778,0.11345733632067853
24.455555555555556,0.06051207761658846
24.458333333333332,0.3107634034082162
24.461111111111112,0.1039049328272892
24.46388888888889,0.13720381238710888
24.466666666666665,0.25985210793543306
24.469444444444445,0.11314664956318972
24.47222222222222,0.024547781317272893
24.475,0.19577869009711218
24.477777777777778,0.23665313947586084
24.480555555555554,0.28844209961150835
24.483333333333334,0.25591730608526175
24.48611111111111,0.2416045554721581
24.488888888888887,0.25012215257328535
24.491666666666667,0.29087253854098727
24.494444444444444,0.2446734575235465
24.497222222222224,0.3997176835373425
24.5,0.22062631767993018
24.502777777777776,0.29313153618404375
24.505555555555556,0.23769716959706197
24.508333333333333,0.19847363187700953
24.511111111111113,0.2979465572376858
24.51388888888889,0.10121359851086845
24.516666666666666,0.20719022945626728
24.519444444444446,0.18491007148822955
24.522222222222222,0.1824808797930344
24.525,0.20711102445842877
24.52777777777778,0.11526980252022548
24.530555555555555,0.14796141594740958
24.533333333333335,0.06938791494318575
24.53611111111111,0.0007049584287461275
24.538888888888888,0.1642472482057206
24.541666666666668,0.23156733712551061
24.544444444444444,0.1431735878748315
24.54722222222222,0.30473739908764386
24.55,0.17281332756160292
24.552777777777777,0.11366265281329285
24.555555555555557,-0.0015585329667278866
24.558333333333334,0.11624424778870529
24.56111111111111,0.05917894284821383
24.56388888888889,0.0883096847095575
24.566666666666666,0.11474829534000108
24.569444444444443,-0.01521242186589642
24.572222222222223,0.017591129412303477
24.575,-0.050228932101228405
24.57777777777778,-0.08095749890339307
24.580555555555556,0.059883200808247605
24.583333333333332,-0.01646278418782559
24.586111111111112,0.02270788192516046
24.58888888888889,-0.04657801698874159
24.591666666666665,-0.12914211865715347
24.594444444444445,0.0050194683932495016
24.59722222222222,-0.1216832820640438
24.6,0.022308497477432652
24.602777777777778,-0.14727577425688843
24.605555555555554,-0.019898503127100016
24.608333333333334,-0.07385633449218769
24.61111111111111,0.06562562020233455
24.613888888888887,-0.07777195520233585
24.616666666666667,-0.04319536858756252
24.619444444444444,-0.03872030045926772
24.622222222222224,-0.12423320431945958
24.625,0.049373278859915624
24.627777777777776,-0.030970147182329134
24.630555555555556,-0.03612498910558308
24.633333333333333,-0.1513959606196922
24.636111111111113,-0.127900539199579
24.63888888888889,0.005780900999479588
24.641666666666666,0.019248455887514462
24.644444444444446,-0.010066172918654717
24.647222222222222,0.10257016234711999
24.65,-0.04362505978927586
24.65277777777778,-0.14460604448640363
24.655555555555555,-0.20154091547385342
24.658333333333335,-0.09512688836881121
24.66111111111111,-0.08947437579154041
24.663888888888888,-0.028625368508118438
24.666666666666668,0.056648896132518355
24.669444444444444,-0.033740898121405495
24.67222222222222,0.03516465769986732
24.675,-0.029165654879562075
24.677777777777777,-0.08537403996182463
24.680555555555557,-0.06342796331271089
24.683333333333334,-0.03420032652708755
24.68611111111111,-0.01001416981606374
24.68888888888889,-0.18898219046891834
24.691666666666666,-0.1388774753455106
24.694444444444443,-0.0633711614478262
24.697222222222223,-0.09271206982055068
24.7,-0.07405761544891055
24.70277777777778,-0.0870518129503304
24.705555555555556,-0.035777542345152284
24.708333333333332,-0.04973355811131
24.711111111111112,-0.02491193364175069
24.71388888888889,-0.1008528266340902
24.716666666666665,-0.04121705343273544
24.719444444444445,-0.06747172135983145
24.72222222222222,0.011787233264555774
24.725,-0.00785632557673473
24.727777777777778,-0.10793381369736763
24.730555555555554,-0.04374065424822881
24.733333333333334,-0.05944057782574286
24.73611111111111,-0.02645872141320306
24.738888888888887,-0.048270886003200175
24.741666666666667,0.003067035616596117
24.744444444444444,-0.12811305476867857
24.747222222222224,-0.06494054998704343
24.75,-0.05342652314615527
24.752777777777776,-0.10627543580466342
24.755555555555556,-0.14117849587120887
24.758333333333333,-0.08785371417291035
24.761111111111113,-0.12453810440448672
24.76388888888889,0.027643813575649656
24.766666666666666,-0.06003658522734435
24.769444444444446,-0.0891908059192382
24.772222222222222,-0.1190225763802185
24.775,-0.09113612314628242
24.77777777777778,-0.10269466382013562
24.780555555555555,-0.17061208540279335
24.783333333333335,-0.07283407694845596
24.78611111111111,-0.019492842633069406
24.788888888888888,-0.04934990928313277
24.791666666666668,-0.10759592464776974
24.794444444444444,-0.10458724567647443
24.79722222222222,-0.19556189513148337
24.8,-0.0835330333346646
24.802777777777777,0.00249877961358079
24.805555555555557,-0.01665450454749046
24.808333333333334,-0.06742261718426296
24.81111111111111,-0.0857904056961991
24.81388888888889,-0.07239432901495318
24.816666666666666,-0.060066238369985786
24.819444444444443,-0.05380474580906405
24.822222222222223,-0.11432235477054035
24.825,0.02393909655617168
24.82777777777778,0.07089253750839747
24.830555555555556,-0.06742964451724193
24.833333333333332,-0.029609689595359128
24.836111111111112,-0.08871908155600458
24.83888888888889,0.00598817514708705
24.841666666666665,-0.030834087251942484
24.844444444444445,0.08133568717385295
24.84722222222222,0.016743012494373072
24.85,0.017000367882777603
24.852777777777778,0.10384841916676475
24.855555555555554,-0.015218151070003917
24.858333333333334,-0.006937930710287282
24.86111111111111,0.0219189606190979
24.863888888888887,-0.08579053622524337
24.866666666666667,0.009100931493017005
24.869444444444444,-0.09172668746648219
24.872222222222224,-0.04332112758241059
24.875,-0.1095755027845614
24.877777777777776,-0.11070731980873777
24.880555555555556,-0.06806892366849494
24.883333333333333,-0.036431404924028105
24.886111111111113,-0.09413592601837013
24.88888888888889,-0.18882110201120816
24.891666666666666,-0.17093966927524384
24.894444444444446,-0.1930462944007279
24.897222222222222,0.01647361136841577
24.9,0.057837358105603726
24.90277777777778,0.013937910089157776
24.905555555555555,-0.09804893191202303
24.908333333333335,-0.03395749019446706
24.91111111111111,-0.07176322742231314
24.913888888888888,-0.05108933353409703
24.916666666666668,-0.12399766160904226
24.919444444444444,-0.11641180083210849
24.92222222222222,-0.05950325964518757
24.925,-0.08907002696386944
24.927777777777777,-0.1449332314355615
24.930555555555557,-0.07075182812120095
24.933333333333334,-0.07711382182082933
24.93611111111111,-0.14333982560749972
24.93888888888889,-0.18385498319478816
24.941666666666666,-0.1894697343616475
24.944444444444443,-0.026684660392983173
24.947222222222223,-0.11821478604498484
24.95,-0.0827036569536111
24.95277777777778,-0.17932646178462097
24.955555555555556,-0.21059437390735353
24.958333333333332,-0.15899718039273514
24.961111111111112,-0.12387687000442534
24.96388888888889,-0.09027295798195223
24.966666666666665,-0.12974581431459986
24.969444444444445,-0.13035160403307927
24.97222222222222,-0.16136514432847654
24.975,-0.18008290766764218
24.977777777777778,-0.10777061260902088
24.980555555555554,-0.053231616291740745
24.983333333333334,-0.09687693193857028
24.98611111111111,-0.06055963004210025
24.988888888888887,-0.16262379672916383
24.991666666666667,-0.21022951474917692
24.994444444444444,-0.11348647902240282
24.997222222222224,-0.0646665778081637
25.0,-0.011219091351524664
25.002777777777776,0.15089213025722523
25.005555555555556,0.13464327478876909
25.008333333333333,0.21251053530233302
25.011111111111113,0.30187417418225465
25.01388888888889,0.44593537142792505
25.016666666666666,0.5396096529925953
25.019444444444446,0.6960602529267302
25.022222222222222,0.8284685280241644
25.025,0.9907463752024718
25.02777777777778,0.9945919362424464
25.030555555555555,0.9207494221772171
25.033333333333335,0.9082001211287258
25.03611111111111,0.7475729519434442
25.038888888888888,0.6294736707563938
25.041666666666668,0.4230374526443366
25.044444444444444,0.3902664655577414
25.04722222222222,0.2580280145216684
25.05,0.05467025715064959
25.052777777777777,0.03481099881038865
25.055555555555557,-0.09350150600746687
25.058333333333334,-0.1212533724918146
25.06111111111111,-0.1367552153613737
25.06388888888889,-0.19529068132554878
25.066666666666666,-0.1995261696805883
25.069444444444443,-0.2997349437937092
25.072222222222223,-0.42735562517596
25.075,-0.47325476020593893
25.07777777777778,-0.4374676668842696
25.080555555555556,-0.32802075983988127
25.083333333333332,-0.31959426949738723
25.086111111111112,-0.3122320626236161
25.08888888888889,-0.43967209755409564
25.091666666666665,-0.26215491716039196
25.094444444444445,-0.2848915088287028
25.09722222222222,-0.2724332345101438
25.1,-0.18900467529220122
25.102777777777778,-0.07447893681167568
25.105555555555554,-0.09718376000017002
25.108333333333334,-0.0177437348327196
25.11111111111111,-0.11478149954796289
25.113888888888887,-0.22853579635118038
25.116666666666667,-0.16915946495057357
25.119444444444444,-0.2903508536938691
25.122222222222224,-0.0715455881670882
25.125,-0.07590357535395457
25.127777777777776,-0.031628098070075716
25.130555555555556,-0.1858252182317624
25.133333333333333,-0.15844259595714993
25.136111111111113,-0.14973990644313304
25.13888888888889,-0.04303980458847487
25.141666666666666,-0.12464010820303667
25.144444444444446,-0.09410334415226279
25.147222222222222,-0.04943321524860336
25.15,-0.12362117811174358
25.15277777777778,-0.18120910245180166
25.155555555555555,-0.15229010201231383
25.158333333333335,-0.10077265471454769
25.16111111111111,-0.05059869892887996
25.163888888888888,0.03416421856783468
25.166666666666668,-0.13202975416132084
25.169444444444444,-0.13511220629460796
25.17222222222222,-0.16107157917424456
25.175,-0.07633184036065373
25.177777777777777,-0.1921879160625638
25.180555555555557,-0.04457693952617052
25.183333333333334,-0.05232916365178609
25.18611111111111,-0.014423674121508953
25.18888888888889,-0.017640190221180616
25.191666666666666,-0.1703387197898704
25.194444444444443,-0.08771372401542488
25.197222222222223,-0.1691574208274713
25.2,-0.047863332682073406
25.20277777777778,-0.08858595708815563
25.205555555555556,0.035616352136579724
25.208333333333332,-0.16668609353661937
25.211111111111112,-0.1805936075910363
25.21388888888889,-0.20011315328238788
25.216666666666665,-0.11765433389775454
25.219444444444445,-0.06390470077927295
25.22222222222222,-0.18753946918125314
25.225,-0.10410977480539385
25.227777777777778,-0.06169625003596362
25.230555555555554,-0.16027993641805446
25.233333333333334,-0.1300658670389775
25.23611111111111,-0.15677971181728653
25.238888888888887,-0.13809481729472212
25.241666666666667,0.0492532246132522
25.244444444444444,-0.03072459954488562
25.247222222222224,-0.07592629386414518
25.25,0.013901167559225325
25.252777777777776,-0.1319189835828333
25.255555555555556,-0.04143831180282086
25.258333333333333,-0.17695231478924883
25.261111111111113,-0.030838912791842508
25.26388888888889,0.05397894819058751
25.266666666666666,0.013206521378129676
25.269444444444446,-0.016760344723814186
25.272222222222222,0.014024470550063095
25.275,-0.028670513876779387
25.27777777777778,-0.030108920576383688
25.280555555555555,0.01985365694554698
25.283333333333335,0.06457165215824451
25.28611111111111,0.1485490394532745
25.288888888888888,0.07057130873931394
25.291666666666668,0.12054494675901892
25.294444444444444,0.02517670496686067
25.29722222222222,-0.02504411726729147
25.3,0.10516470224178323
25.302777777777777,0.116936068369688
25.305555555555557,0.20425013393068064
25.308333333333334,0.11241509094359092
25.31111111111111,0.1105814312361964
25.31388888888889,0.004959674805505493
25.316666666666666,0.03177377002100519
25.319444444444443,0.17143422724956583
25.322222222222223,0.23203550363750253
25.325,0.08598601911281299
25.32777777777778,0.06811518479829312
25.330555555555556,0.15154448752247912
25.333333333333332,0.018173321056364437
25.336111111111112,-0.055802788581413576
25.33888888888889,0.05394150516271989
25.341666666666665,0.053495600640821206
25.344444444444445,0.08245011152743517
25.34722222222222,0.10372981819781238
25.35,0.048422124733986834
25.352777777777778,0.05858581587309698
25.355555555555554,0.008686390421318135
25.358333333333334,0.03782157706785343
25.36111111111111,0.039854384389949225
25.363888888888887,0.020422734849113118
25.366666666666667,-0.04505908175216713
25.369444444444444,-0.13657800582512092
25.372222222222224,-0.11570828651643524
25.375,-0.10724007425099581
25.377777777777776,-0.051111534640257195
25.380555555555556,-0.23515876116962336
25.383333333333333,-0.13650806510897548
25.386111111111113,-0.15693107725155972
25.38888888888889,-0.1889914105115741
25.391666666666666,-0.1792571185720285
25.394444444444446,-0.16377787415747672
25.397222222222222,-0.19329293955427168
25.4,-0.05752145632029784
25.40277777777778,-0.019896888213790306
25.405555555555555,-0.16202505238390977
25.408333333333335,-0.21815117830483277
25.41111111111111,-0.1163937992766884
25.413888888888888,-0.2297631041990001
25.416666666666668,-0.30907150335538947
25.419444444444444,-0.25296243262064116
25.42222222222222,-0.25105764807594716
25.425,-0.20553433026161722
25.427777777777777,-0.2356424235718717
25.430555555555557,-0.1778702412497384
25.433333333333334,-0.09045753175580815
25.43611111111111,-0.08885714590703594
25.43888888888889,-0.09471181526708225
25.441666666666666,-0.15781519201576025
25.444444444444443,-0.3113802077239082
25.447222222222223,-0.2764587493183011
25.45,-0.18672498829375983
25.45277777777778,-0.09015440730853887
25.455555555555556,-0.1620456978376983
25.458333333333332,-0.21739594261155387
25.461111111111112,-0.10022640951298953
25.46388888888889,-0.057400615878137315
25.466666666666665,-0.15575779248982627
25.469444444444445,-0.10215475138648746
25.47222222222222,-0.12676189978945862
25.475,-0.23427788891903384
25.477777777777778,-0.15860445863224396
25.480555555555554,-0.2718571903461394
25.483333333333334,-0.05884332131652838
25.48611111111111,-0.05666820776966558
25.488888888888887,-0.14906319097919357
25.491666666666667,-0.22072066842668062
25.494444444444444,-0.170161226782556
25.497222222222224,-0.26715991550480356
25.5,-0.17197252131413288
25.502777777777776,-0.043130112148568836
25.505555555555556,-0.12011058268321935
25.508333333333333,-0.10210881741768624
25.511111111111113,-0.11034945683583643
25.51388888888889,-0.20910981825825903
25.516666666666666,-0.2133580748251572
25.519444444444446,-0.1431124308607628
25.522222222222222,-0.20542631847461837
25.525,-0.08121551906689695
25.52777777777778,-0.13263460354351672
25.530555555555555,-0.15244922244179965
25.533333333333335,-0.23865125073509857
25.53611111111111,-0.32527299805038445
25.538888888888888,-0.1748654342817531
25.541666666666668,-0.1959327493344198
25.544444444444444,-0.051272128281539514
25.54722222222222,-0.1693947733331855
25.55,-0.24816048972294302
25.552777777777777,-0.2549663507208941
25.555555555555557,-0.303861415319412
25.558333333333334,-0.14292337332868865
25.56111111111111,-0.1902809788832707
25.56388888888889,-0.007440436208784262
25.566666666666666,-0.1489606414055763
25.569444444444443,-0.23230281637382297
25.572222222222223,-0.2311066173005405
25.575,-0.14400767275747015
25.57777777777778,-0.1110827994283872
25.580555555555556,-0.12791531973601272
25.583333333333332,-0.1140487817955892
25.586111111111112,-0.1389382582718424
25.58888888888889,-0.18857049360124573
25.591666666666665,-0.22053642985893707
25.594444444444445,-0.20375682971804013
25.59722222222222,-0.30805359452005543
25.6,-0.14962775789508082
25.602777777777778,-0.16870170739193424
25.605555555555554,-0.14597336533692973
25.608333333333334,-0.15713681505530813
25.61111111111111,-0.19665236883769202
25.613888888888887,-0.1879834097818088
25.616666666666667,-0.2187558173179644
25.619444444444444,-0.11034641299554387
25.622222222222224,-0.05536076526051929
25.625,-0.13815763018596744
25.627777777777776,-0.1280775227403077
25.630555555555556,-0.2006170531837636
25.633333333333333,-0.1320952989711645
25.636111111111113,-0.20332004136937692
25.63888888888889,-0.28928433251434715
25.641666666666666,-0.18780751435892976
25.644444444444446,-0.06830284562599313
25.647222222222222,-0.15551008706517266
25.65,-0.17760768618500858
25.65277777777778,-0.18588077320052296
25.655555555555555,-0.2763690871148265
25.658333333333335,-0.0633060071112345
25.66111111111111,-0.17883907462685097
25.663888888888888,0.0013742492866968548
25.666666666666668,-0.13794573779730962
25.669444444444444,-0.0859197152697534
25.67222222222222,-0.12228855885535064
25.675,-0.27750223178975497
25.677777777777777,-0.014656620173218948
25.680555555555557,-0.08681281575314792
25.683333333333334,-0.03708916659772228
25.68611111111111,-0.03640818583362226
25.68888888888889,-0.09055441771732803
25.691666666666666,-0.08775707165360214
25.694444444444443,-0.06849179051912652
25.697222222222223,-0.05056021185272984
25.7,-0.027948579770469207
25.70277777777778,-0.08592926159292337
25.705555555555556,0.04385377022469454
25.708333333333332,0.05193575033921123
25.711111111111112,-0.0712462172660635
25.71388888888889,-0.12495431481235424
25.716666666666665,-0.12564895495189132
25.719444444444445,-0.0865750096073779
25.72222222222222,-0.06831089463887038
25.725,-0.14347045059200306
25.727777777777778,-0.1260206088335395
25.730555555555554,-0.11622657028022713
25.733333333333334,-0.10955888131319722
25.73611111111111,-0.2044613277839982
25.738888888888887,-0.22368982246195973
25.741666666666667,-0.12970243256213895
25.744444444444444,-0.03169495313778563
25.747222222222224,-0.1440723682659371
25.75,-0.2695396680959891
25.752777777777776,-0.17686955274372393
25.755555555555556,-0.1247785244299701
25.758333333333333,-0.2160113211606517
25.761111111111113,-0.16650184426960005
25.76388888888889,-0.13947768398950755
25.766666666666666,-0.1525225932683628
25.769444444444446,-0.1862632440850383
25.772222222222222,-0.09962314280643639
25.775,-0.2412329969437413
25.77777777777778,-0.07733575510199729
25.780555555555555,-0.13965507195350904
25.783333333333335,-0.21478971160707094
25.78611111111111,-0.12059098141550956
25.788888888888888,-0.1898695796169226
25.791666666666668,-0.0944636015320614
25.794444444444444,-0.14604669525965658
25.79722222222222,-0.18386564260336066
25.8,-0.19172260896550714
25.802777777777777,-0.15113279927187406
25.805555555555557,-0.11027187412023359
25.808333333333334,-0.16112858661419435
25.81111111111111,-0.23975396406975213
25.81388888888889,-0.17692022669174262
25.816666666666666,-0.29665097018377173
25.819444444444443,-0.17393395980368026
25.822222222222223,-0.17958282099553413
25.825,-0.06131091884042013
25.82777777777778,-0.11183968656436508
25.830555555555556,-0.11687308869180574
25.833333333333332,-0.18678991786988228
25.836111111111112,-0.11112945538477693
25.83888888888889,-0.09723923985119605
25.841666666666665,-0.12978652273425823
25.844444444444445,-0.09493611547449035
25.84722222222222,0.036178668884905785
25.85,-0.08490025834558249
25.852777777777778,0.06688089493907634
25.855555555555554,0.1740131217595025
25.858333333333334,0.3398666939099171
25.86111111111111,0.454701548104143
25.863888888888887,0.707168843313489
25.866666666666667,0.7826988397236841
25.869444444444444,0.8044719839267281
25.872222222222224,0.8984836495121669
25.875,0.8962013724058236
25.877777777777776,0.9116969559530939
25.880555555555556,0.9103832358434689
25.883333333333333,0.6309975662275003
25.886111111111113,0.5807936839882668
25.88888888888889,0.26351589831704403
25.891666666666666,0.22198031307493424
25.894444444444446,0.006454412197317176
25.897222222222222,-0.0012277320302974473
25.9,-0.11183754495397719
25.90277777777778,-0.08133875522642861
25.905555555555555,-0.17607081876197672
25.908333333333335,-0.23685726624248438
25.91111111111111,-0.35094461323958215
25.913888888888888,-0.41624151364632617
25.916666666666668,-0.41389781653714014
25.919444444444444,-0.46464279448481666
25.92222222222222,-0.4757800216717387
25.925,-0.3703855657654251
25.927777777777777,-0.3832073513248351
25.930555555555557,-0.38506799221256566
25.933333333333334,-0.39319487114783713
25.93611111111111,-0.400784679415389
25.93888888888889,-0.3147349595618081
25.941666666666666,-0.23622455726737177
25.944444444444443,-0.27734526132880344
25.947222222222223,-0.17155756312442622
25.95,-0.17611602191738185
25.95277777777778,-0.31595286481458074
25.955555555555556,-0.1414531456599201
25.958333333333332,-0.14708735262894185
25.961111111111112,-0.059991704904155396
25.96388888888889,-0.07636050650241674
25.966666666666665,-0.10169271601882654
25.969444444444445,-0.16253926934956434
25.97222222222222,-0.10639641558964533
25.975,-0.15865587825277455
25.977777777777778,-0.23402682320833706
25.980555555555554,-0.16911858200723084
25.983333333333334,-0.11024895506309719
25.98611111111111,-0.06431229922743656
25.988888888888887,-0.14666174997151013
25.991666666666667,-0.12199065959097155
25.994444444444444,-0.075803079645769
25.997222222222224,-0.08355025740982851
26.0,-0.2331974187792834
26.002777777777776,0.014025948963806933
26.005555555555556,-0.04215695551255577
26.008333333333333,-0.06704268686418086
26.011111111111113,-0.18150075907623447
26.01388888888889,-0.21342437080382567
26.016666666666666,-0.17080865863428957
26.019444444444446,-0.07645134284133005
26.022222222222222,-0.17725255017656266
26.025,-0.019447989285035425
26.02777777777778,-0.1888855099566853
26.030555555555555,-0.08425476005882873
26.033333333333335,-0.16660180961254029
26.03611111111111,-0.14028070738497012
26.038888888888888,-0.1837096604075273
26.041666666666668,-0.15045491733600988
26.044444444444444,-0.1410601713203473
26.04722222222222,-0.16900535784939788
26.05,-0.11820168475311646
26.052777777777777,-0.15524414940570302
26.055555555555557,-0.07123219052225312
26.058333333333334,-0.08919339790875529
26.06111111111111,-0.15419954026376959
26.06388888888889,-0.05563659123267281
26.066666666666666,-0.09322746009993259
26.069444444444443,-0.09080091812271987
26.072222222222223,-0.21826070698513744
26.075,-0.18089341987945656
26.07777777777778,-0.1965097150730682
26.080555555555556,-0.005886147629315719
26.083333333333332,0.009391549247351805
26.086111111111112,0.015976451971039973
26.08888888888889,0.026294841690594366
26.091666666666665,-0.09440214937410168
26.094444444444445,-0.10708641148569809
26.09722222222222,-0.06716598034988935
26.1,-0.006700240820021946
26.102777777777778,-0.08080293869354488
26.105555555555554,-0.026326709535799027
26.108333333333334,0.03705126810289501
26.11111111111111,-0.0287174379227113
26.113888888888887,0.009532342389878781
26.116666666666667,-0.04689456553614223
26.119444444444444,0.004502058890396482
26.122222222222224,0.036009546594145805
26.125,0.14755463685074147
26.127777777777776,0.040610512205999816
26.130555555555556,0.14376851796429296
26.133333333333333,0.03838555537210255
26.136111111111113,0.1112594919880768
26.13888888888889,-0.001425454400903678
26.141666666666666,0.13804384536627878
26.144444444444446,0.13458400770081125
26.147222222222222,0.19033533181955686
26.15,0.16513716753768112
26.15277777777778,0.0967606673693981
26.155555555555555,0.04118359486488225
26.158333333333335,0.11522734519943459
26.16111111111111,0.1027269947889752
26.163888888888888,0.1661655325687392
26.166666666666668,0.1746294965667238
26.169444444444444,0.06920318019868887
26.17222222222222,0.08137880091569125
26.175,0.20433724009772233
26.177777777777777,0.04225187254236812
26.180555555555557,0.06488115538437089
26.183333333333334,0.13342341239451955
26.18611111111111,0.02036660078187831
26.18888888888889,0.021216126934163318
26.191666666666666,0.10707393144666387
26.194444444444443,0.04963024051675508
26.197222222222223,0.04582161583112225
26.2,-0.050156308738337735
26.20277777777778,-0.05631225196382453
26.205555555555556,-0.036312621086750624
26.208333333333332,-0.03491206335825549
26.211111111111112,-0.1293895044568269
26.21388888888889,0.010323323027631184
26.216666666666665,-0.1350723085337878
26.219444444444445,-0.0879246540521485
26.22222222222222,-0.06638823584892196
26.225,-0.13740209970906236
26.227777777777778,-0.041411171353776255
26.230555555555554,-0.0796304919052322
26.233333333333334,-0.1472824677240588
26.23611111111111,-0.13489583197640448
26.238888888888887,-0.12069015931928768
26.241666666666667,0.0064147773285290755
26.244444444444444,-0.10125093901669854
26.247222222222224,0.01989014377638501
26.25,-0.0729100659235885
26.252777777777776,-0.08891517146150368
26.255555555555556,-0.11335300179154204
26.258333333333333,-0.18935598577369728
26.261111111111113,-0.13649453015472895
26.26388888888889,0.07605981051433883
26.266666666666666,-0.1223352817959944
26.269444444444446,-0.049455857675002726
26.272222222222222,-0.017546074555375824
26.275,-0.15345665731669997
26.27777777777778,-0.1902511262359783
26.280555555555555,-0.08478977193603934
26.283333333333335,-0.08041010763768121
26.28611111111111,-0.08844773346084107
26.288888888888888,-0.08939350391218558
26.291666666666668,-0.18404392617235427
26.294444444444444,-0.18440387426981536
26.29722222222222,-0.09997833365163121
26.3,-0.08338270247800268
26.302777777777777,-0.08002466270867381
26.305555555555557,-0.06167460722533428
26.308333333333334,-0.06473503318256972
26.31111111111111,-0.0575404368272248
26.31388888888889,-0.21372567171415008
26.316666666666666,-0.07835862126260644
26.319444444444443,-0.0727468600557413
26.322222222222223,-0.05550832151228671
26.325,-0.06669937229820992
26.32777777777778,-0.0838875838999011
26.330555555555556,-0.06801674050060012
26.333333333333332,-0.18149900204301705
26.336111111111112,-0.1592359912100072
26.33888888888889,-0.0450350945269235
26.341666666666665,-0.022626308893981904
26.344444444444445,0.035751957508201856
26.34722222222222,0.04721543485672036
26.35,0.06618579364654556
26.352777777777778,-0.12869032706031713
26.355555555555554,0.08476865005973054
26.358333333333334,-0.007725743716552921
26.36111111111111,0.13850708625954158
26.363888888888887,0.19307880148508
26.366666666666667,0.24514010711525513
26.369444444444444,0.19396955349920847
26.372222222222224,0.29575983920982357
26.375,0.35292799136447073
26.377777777777776,0.22275714394098808
26.380555555555556,0.23660359291947533
26.383333333333333,0.3404535560950263
26.386111111111113,0.4490883863100247
26.38888888888889,0.545677211867692
26.391666666666666,0.4112545514396947
26.394444444444446,0.34444424097768084
26.397222222222222,0.4464844561502131
26.4,0.4867341513824615
26.40277777777778,0.47344193417562314
26.405555555555555,0.4780757244543681
26.408333333333335,0.440157747018543
26.41111111111111,0.47982000576978023
26.413888888888888,0.5015131422929782
26.416666666666668,0.4295659262950657
26.419444444444444,0.42635258969618106
26.42222222222222,0.3553842710620485
26.425,0.5256328604935513
26.427777777777777,0.2807056140772184
26.430555555555557,0.32480969940317056
26.433333333333334,0.19476425916300305
26.43611111111111,0.15694332029496594
26.43888888888889,0.16241055283085673
26.441666666666666,-0.06349247777321276
26.444444444444443,0.1376898080679547
26.447222222222223,-0.11759767626117683
26.45,-0.11603349329047602
26.45277777777778,-0.1585975552991269
26.455555555555556,-0.2338189678939536
26.458333333333332,-0.2543791005954676
26.461111111111112,-0.4021716937385588
26.46388888888889,-0.30605815014108206
26.466666666666665,-0.3720381282144588
26.469444444444445,-0.4380582355111309
26.47222222222222,-0.38832214119712705
26.475,-0.5895992973988379
26.477777777777778,-0.4381261823635282
26.480555555555554,-0.542756929065543
26.483333333333334,-0.6506850148187786
26.48611111111111,-0.552324374290986
26.488888888888887,-0.621441804460951
26.491666666666667,-0.5745212248420777
26.494444444444444,-0.6588852037780518
26.497222222222224,-0.657155161175371
26.5,-0.6891824109402402
26.502777777777776,-0.5837898555522314
26.505555555555556,-0.5646028918387272
26.508333333333333,-0.5977198860606421
26.511111111111113,-0.6179583194002038
26.51388888888889,-0.631258894094894
26.516666666666666,-0.5191712693432665
26.519444444444446,-0.6330699497992935
26.522222222222222,-0.49564387231703466
26.525,-0.4814064714003451
26.52777777777778,-0.3868785511967835
26.530555555555555,-0.5659730350119961
26.533333333333335,-0.3272728266496433
26.53611111111111,-0.31071885727796306
26.538888888888888,-0.3799685832563723
26.541666666666668,-0.23822640159907496
26.544444444444444,-0.3333725840103471
26.54722222222222,-0.27647172232215983
26.55,-0.363384193535775
26.552777777777777,-0.24066933434144033
26.555555555555557,-0.2366454099867966
26.558333333333334,-0.2299771731512055
26.56111111111111,-0.1994399900381113
26.56388888888889,-0.06146294985965402
26.566666666666666,-0.19449719939346144
26.569444444444443,-0.20956101886115075
26.572222222222223,-0.14076160509911861
26.575,-0.11959029754874317
26.57777777777778,-0.1526114463549963
26.580555555555556,-0.08455703569576062
26.583333333333332,-0.17324192333622337
26.586111111111112,-0.1432396372238614
26.58888888888889,-0.1301700750900816
26.591666666666665,-0.20290383819382238
26.594444444444445,-0.1797152699296915
26.59722222222222,-0.21255772707542245
26.6,-0.303805135479551
26.602777777777778,-0.04233506425820145
26.605555555555554,-0.16858944587793206
26.608333333333334,-0.06247582928905926
26.61111111111111,-0.15513121970587457
26.613888888888887,-0.319258161525991
26.616666666666667,-0.21240446049711062
26.619444444444444,-0.25269697344984504
26.622222222222224,-0.16769939163487274
26.625,-0.24238817581437797
26.627777777777776,-0.15917139084316828
26.630555555555556,-0.29246126392895194
26.633333333333333,-0.2534788201770063
26.636111111111113,-0.4366299424493769
26.63888888888889,-0.4253690253832167
26.641666666666666,-0.3735330882628484
26.644444444444446,-0.42095009300182484
26.647222222222222,-0.2887270082226528
26.65,-0.387490276419281
26.65277777777778,-0.33794378931392927
26.655555555555555,-0.38060038313170863
26.658333333333335,-0.38769249737363753
26.66111111111111,-0.37408221596867836
26.663888888888888,-0.2693234978918367
26.666666666666668,-0.29130854878626733
26.669444444444444,-0.3234069730058445
26.67222222222222,-0.4385350264651493
26.675,-0.3728504690950343
26.677777777777777,-0.4240199528115115
26.680555555555557,-0.3666115472905448
26.683333333333334,-0.38966347163437753
26.68611111111111,-0.38313447799584655
26.68888888888889,-0.35830867775836883
26.691666666666666,-0.4500146054749384
26.694444444444443,-0.5004585982045571
26.697222222222223,-0.40578228157256
26.7,-0.4356213225556262
26.70277777777778,-0.48027689142286323
26.705555555555556,-0.37662238282664906
26.708333333333332,-0.4305685502510611
26.711111111111112,-0.3983404126190889
26.71388888888889,-0.45467336294998184
26.716666666666665,-0.4758525988751499
26.719444444444445,-0.39420709965637674
26.72222222222222,-0.27268647767310566
26.725,-0.30045942845116413
26.727777777777778,-0.40831375705445894
26.730555555555554,-0.30640802287720936
26.733333333333334,-0.42209956940339055
26.73611111111111,-0.34419582520853864
26.738888888888887,-0.24345385811305473
26.741666666666667,-0.3010543652660832
26.744444444444444,-0.34974237104388073
26.747222222222224,-0.2627433139247073
26.75,-0.33003809032967985
26.752777777777776,-0.23139868319543583
26.755555555555556,-0.3106544843906197
26.758333333333333,-0.29423279601546004
26.761111111111113,-0.1299856294384679
26.76388888888889,-0.1653942016037214
26.766666666666666,-0.16604777362853498
26.769444444444446,-0.18798055327199842
26.772222222222222,-0.13635366213875216
26.775,-0.2651513545241401
26.77777777777778,-0.1773606644315501
26.780555555555555,-0.1547927025503141
26.783333333333335,-0.23074221537164186
26.78611111111111,-0.2162311208560842
26.788888888888888,-0.0440732400859422
26.791666666666668,-0.1570619722870517
26.794444444444444,-0.010748163770437358
26.79722222222222,-0.049973461127465604
26.8,-0.13319488921477457
26.802777777777777,0.003007085928645757
26.805555555555557,-0.029288797820147688
26.808333333333334,-0.07400683787225022
26.81111111111111,0.021241836850620796
26.81388888888889,-0.10679544961893592
26.816666666666666,-0.10402399633860672
26.819444444444443,-0.17378160329947148
26.822222222222223,0.0093234444710488
26.825,-0.14410776687368265
26.82777777777778,-0.0361410261237163
26.830555555555556,0.08890785856673883
26.833333333333332,-0.0841640754077434
26.836111111111112,-0.17302265246506254
26.83888888888889,0.05445505498766727
26.841666666666665,-0.012306453438707749
26.844444444444445,0.06133527124586444
26.84722222222222,-0.0492828716542299
26.85,0.0064603806383681725
26.852777777777778,0.041020094703567093
26.855555555555554,0.02318805260641872
26.858333333333334,0.061207552040762656
26.86111111111111,-0.034021693001098405
26.863888888888887,0.04635985572839636
26.866666666666667,0.07369983764398291
26.869444444444444,-0.009478427722296703
26.872222222222224,-0.049546467843652166
26.875,-0.033364848528564396
26.877777777777776,0.08424184715902851
26.880555555555556,0.09955180392131296
26.883333333333333,-0.018232874399167195
26.886111111111113,0.06816720526549182
26.88888888888889,-0.03446951326034599
26.891666666666666,-0.007311315479144332
26.894444444444446,0.00018850558929857722
26.897222222222222,0.12381197588024133
26.9,0.024742641280916158
26.90277777777778,0.07307170080421438
26.905555555555555,-0.013769001917641285
26.908333333333335,0.022670872794124317
26.91111111111111,-0.03807587381880583
26.913888888888888,-0.05783503247577573
26.916666666666668,0.03776504097933821
26.919444444444444,0.04261883720803537
26.92222222222222,0.14358207009954332
26.925,0.015372298543962784
26.927777777777777,0.05976496321462525
26.930555555555557,-0.007699963403883639
26.933333333333334,-0.04401239683312638
26.93611111111111,-0.06058945251281021
26.93888888888889,-0.11222848809952676
26.941666666666666,0.13919898764142216
26.944444444444443,0.13001480907878193
26.947222222222223,0.04310882692429402
26.95,-0.04667508797356279
26.95277777777778,0.07383597757566854
26.955555555555556,0.1492613370122775
26.958333333333332,0.02995878718013701
26.961111111111112,0.05640262799837771
26.96388888888889,0.16411042936089842
26.966666666666665,0.17112721820951107
26.969444444444445,0.0059145227039500425
26.97222222222222,-0.0003902460857800813
26.975,-0.08576225556184583
26.977777777777778,0.05412908322060252
26.980555555555554,0.0639160382713911
26.983333333333334,0.12701266496324937
26.98611111111111,-0.0009026421196874218
26.988888888888887,-0.046132605553442396
26.991666666666667,0.05367095120247305
26.994444444444444,-0.06033159949970118
26.997222222222224,0.05574653379053757
27.0,-0.0084109194729406
27.002777777777776,0.12617686985633092
27.005555555555556,0.05603504412081782
27.008333333333333,0.08301065040840767
27.011111111111113,-0.078773019609821
27.01388888888889,0.052894654775899906
27.016666666666666,0.08599698987301624
27.019444444444446,0.04849227527285741
27.022222222222222,0.02754964560875927
27.025,-0.0026387850396650675
27.02777777777778,0.021982886188590012
27.030555555555555,-0.005861347984631497
27.033333333333335,-0.03078080622430031
27.03611111111111,0.015582279366388294
27.038888888888888,0.09544303355380795
27.041666666666668,0.08712695853270086
27.044444444444444,0.11433188818103926
27.04722222222222,0.1514714805042001
27.05,0.10182194831316124
27.052777777777777,0.07969001350610881
27.055555555555557,0.06606853916978166
27.058333333333334,0.1867161557234056
27.06111111111111,-0.03129777324857923
27.06388888888889,0.0611891395999227
27.066666666666666,0.05859239377560031
27.069444444444443,0.0330267106613572
27.072222222222223,-0.014769016712841927
27.075,0.07159935908442422
27.07777777777778,-0.06051169996757566
27.080555555555556,0.008467832414047513
27.083333333333332,0.06091006736480323
27.086111111111112,0.1709395772384516
27.08888888888889,-0.01618466837874892
27.091666666666665,0.04564693242941888
27.094444444444445,0.10838460191535737
27.09722222222222,0.03882270515253145
27.1,0.051841458034647125
27.102777777777778,0.0964653116719844
27.105555555555554,0.20230187977578612
27.108333333333334,0.17096601256686797
27.11111111111111,0.05433080338382887
27.113888888888887,0.030818986757326573
27.116666666666667,-0.005327283000557487
27.119444444444444,0.042063310103783905
27.122222222222224,0.12048053876494624
27.125,0.18214117679523084
27.127777777777776,0.11439488319752579
27.130555555555556,0.053224561054852966
27.133333333333333,0.06897047424193345
27.136111111111113,0.010365907106448389
27.13888888888889,-0.02459771589122412
27.141666666666666,0.09262162352018381
27.144444444444446,0.14607206475433032
27.147222222222222,0.19211226180679158
27.15,-0.001353424029151229
27.15277777777778,0.0553705009589031
27.155555555555555,0.016634740426351186
27.158333333333335,0.16554252983541495
27.16111111111111,0.22007698930577835
27.163888888888888,0.06043174022838966
27.166666666666668,0.04279606969211351
27.169444444444444,-0.033016371488466825
27.17222222222222,0.002644256511721725
27.175,0.13151949338562335
27.177777777777777,0.08619605632090407
27.180555555555557,0.03337230647556013
27.183333333333334,0.19501685607012081
27.18611111111111,0.11081953774092553
27.18888888888889,0.14723783611843566
27.191666666666666,0.16679654032470323
27.194444444444443,0.10886593276481885
27.197222222222223,0.06152592824869098
27.2,0.054234288777488676
27.20277777777778,-0.033232598096394506
27.205555555555556,0.10571662523558725
27.208333333333332,0.050724220258440124
27.211111111111112,0.19911652682977682
27.21388888888889,-0.02237043090870748
27.216666666666665,-0.03377933373149264
27.219444444444445,0.056393520226750815
27.22222222222222,0.15040693499608243
27.225,0.08415531288727493
27.227777777777778,0.12188924338593934
27.230555555555554,0.12895829856421498
27.233333333333334,0.017217460408172854
27.23611111111111,0.058521394487416445
27.238888888888887,0.17324933632171852
27.241666666666667,0.20680945544487195
27.244444444444444,0.16606591732715148
27.247222222222224,0.1328718482844388
27.25,0.18535616048840436
27.252777777777776,0.0933500619219609
27.255555555555556,0.034693100961611406
27.258333333333333,0.12228683462907965
27.261111111111113,0.0018222673098047676
27.26388888888889,0.0506539414636093
27.266666666666666,0.08703400926962478
27.269444444444446,0.16061056198385354
27.272222222222222,0.1470298108308853
27.275,0.03772577203002063
27.27777777777778,0.0677908806492063
27.280555555555555,-0.01017299790289572
27.283333333333335,0.13038455540931423
27.28611111111111,0.1501320751829338
27.288888888888888,0.25578965512490925
27.291666666666668,0.13771568992479147
27.294444444444444,0.15220913903939018
27.29722222222222,0.002426586787317206
27.3,0.007603164333969445
27.302777777777777,0.053864292757328514
27.305555555555557,0.1440270544837703
27.308333333333334,0.1344646864591044
27.31111111111111,0.014609545403562019
27.31388888888889,0.019082422978970483
27.316666666666666,0.04880463081130375
27.319444444444443,0.10353358650251236
27.322222222222223,0.006542749980995646
27.325,0.014891500473658448
27.32777777777778,0.14087082818043628
27.330555555555556,0.06415969739474228
27.333333333333332,-0.0073336185392643555
27.336111111111112,0.04824347234657053
27.33888888888889,0.12478004772969747
27.341666666666665,0.1584969590338965
27.344444444444445,0.21460454776909862
27.34722222222222,0.1746184060474481
27.35,0.12633823071522443
27.352777777777778,0.09370605161131912
27.355555555555554,0.2926357925109555
27.358333333333334,0.16533524773901054
27.36111111111111,0.25706466179166554
27.363888888888887,0.3285500855718324
27.366666666666667,0.22624864776087053
27.369444444444444,0.21941157740902953
27.372222222222224,0.18377265485654032
27.375,0.21974624192046177
27.377777777777776,0.1287435269557767
27.380555555555556,0.05917570457867405
27.383333333333333,0.2248380720089227
27.386111111111113,0.2528133781754654
27.38888888888889,0.19505813135988537
27.391666666666666,0.1464683300155048
27.394444444444446,0.15339422093205723
27.397222222222222,0.17637502281445097
27.4,0.09690592081798875
27.40277777777778,0.07711315948928518
27.405555555555555,0.04725541824909754
27.408333333333335,-0.012110371691443939
27.41111111111111,-0.020377836166402777
27.413888888888888,0.1432764301526911
27.416666666666668,0.11880285392787486
27.419444444444444,0.10769631419543066
27.42222222222222,0.098947138316543
27.425,0.20488390406954424
27.427777777777777,0.12485884832723977
27.430555555555557,0.1082960131706604
27.433333333333334,0.12711235056510609
27.43611111111111,0.14572744547618366
27.43888888888889,0.04313069126351642
27.441666666666666,0.0634223062994013
27.444444444444443,0.17573744321197532
27.447222222222223,0.1437543886091341
27.45,-0.014086070529901462
27.45277777777778,0.11550668392430016
27.455555555555556,0.030553550981688028
27.458333333333332,0.18115558413999155
27.461111111111112,0.1222237009294827
27.46388888888889,0.16364626022947149
27.466666666666665,0.10039654308642364
27.469444444444445,0.17504247438630105
27.47222222222222,0.05963611913019478
27.475,-0.029772742484106163
27.477777777777778,0.06910556173419198
27.480555555555554,0.053481684236205536
27.483333333333334,0.04842878961631775
27.48611111111111,0.16132440621212352
27.488888888888887,0.14261839344642496
27.491666666666667,-0.012318006870108617
27.494444444444444,0.0830832003031664
27.497222222222224,0.07172121008626374
27.5,0.08258233021134989
27.502777777777776,0.19170054147441148
27.505555555555556,0.1487537318238135
27.508333333333333,0.29679444931809673
27.511111111111113,0.19310192866873346
27.51388888888889,0.31574803223300396
27.516666666666666,0.16355460951795425
27.519444444444446,0.31628877931897553
27.522222222222222,0.5270539098095742
27.525,0.5502280047613364
27.52777777777778,0.8069527796945289
27.530555555555555,0.8425693429040565
27.533333333333335,1.0424939379957505
27.53611111111111,1.1225799308296314
27.538888888888888,1.1370354980608095
27.541666666666668,1.1569760816749344
27.544444444444444,1.105636867138612
27.54722222222222,1.0960418589862315
27.55,0.936612479891746
27.552777777777777,0.7935140346105358
27.555555555555557,0.6111155120874697
27.558333333333334,0.4506950577993657
27.56111111111111,0.39717848583580767
27.56388888888889,0.3529903567593486
27.566666666666666,0.2548501934620775
27.569444444444443,0.16127188539573536
27.572222222222223,0.13485582487086986
27.575,0.03445464230408085
27.57777777777778,-0.08667137090989267
27.580555555555556,-0.0245396028601021
27.583333333333332,-0.0823628650761695
27.586111111111112,-0.17016252552245714
27.58888888888889,-0.2242740666903839
27.591666666666665,-0.16084185965697295
27.594444444444445,-0.11703260194672248
27.59722222222222,-0.18141976621130568
27.6,-0.08270173025474215
27.602777777777778,-0.05808544263271859
27.605555555555554,0.06047339196358808
27.608333333333334,0.11457046821436187
27.61111111111111,0.08463573637001162
27.613888888888887,0.09392320939731734
27.616666666666667,0.10657947820992952
27.619444444444444,0.022188333171002925
27.622222222222224,0.15638664416852177
27.625,0.17074567002473637
27.627777777777776,0.08770814659395522
27.630555555555556,0.10152959575620137
27.633333333333333,0.08583513801695468
27.636111111111113,0.013456167409651429
27.63888888888889,0.07138584247985914
27.641666666666666,0.18571857219603552
27.644444444444446,0.1721177406069242
27.647222222222222,0.10779209373231771
27.65,0.18706275675556103
27.65277777777778,0.03113578082793598
27.655555555555555,0.18225247481028567
27.658333333333335,0.002689372597138112
27.66111111111111,0.13256462227060034
27.663888888888888,0.22404265945078833
27.666666666666668,-0.03437050389086932
27.669444444444444,0.0775553645529459
27.67222222222222,0.1901332460126242
27.675,0.10042371436476202
27.677777777777777,0.07449342554145935
27.680555555555557,0.16074084446608808
27.683333333333334,0.07980245340236775
27.68611111111111,0.024171373793862944
27.68888888888889,0.0311872629141752
27.691666666666666,0.10882145391250268
27.694444444444443,0.06927481512422519
27.697222222222223,0.0778647467123487
27.7,0.17714608240457574
27.70277777777778,0.15134602595377272
27.705555555555556,0.1367149996827889
27.708333333333332,0.12113181475260996
27.711111111111112,0.11266156690901878
27.71388888888889,0.058004988755169386
27.716666666666665,0.08500963811856016
27.719444444444445,0.01650239237443027
27.72222222222222,0.16907251150813984
27.725,0.14682435514984743
27.727777777777778,0.13904403150946745
27.730555555555554,0.0713342923946666
27.733333333333334,0.07616405727585852
27.73611111111111,0.07346148153218827
27.738888888888887,0.11753496245126857
27.741666666666667,0.1394445470289367
27.744444444444444,0.21697423294569734
27.747222222222224,0.1930483079311437
27.75,0.2009107461189925
27.752777777777776,0.13272157454897276
27.755555555555556,0.12027279632222786
27.758333333333333,0.22897445596022048
27.761111111111113,0.17235728353142848
27.76388888888889,0.3068701103362369
27.766666666666666,0.28563500887405513
27.769444444444446,0.24977914738321436
27.772222222222222,0.22789775762414857
27.775,0.24318367524000378
27.77777777777778,0.21876821419713502
27.780555555555555,0.2710243929526683
27.783333333333335,0.2430037828362109
27.78611111111111,0.37990857136381906
27.788888888888888,0.2981350939911344
27.791666666666668,0.2767489342295128
27.794444444444444,0.427831817978237
27.79722222222222,0.39320561561623846
27.8,0.23680565979518825
27.802777777777777,0.5220255402948237
27.805555555555557,0.33290965225463665
27.808333333333334,0.4756509051834402
27.81111111111111,0.3567905103610373
27.81388888888889,0.45525829653549227
27.816666666666666,0.37376197626393093
27.819444444444443,0.47737779961789634
27.822222222222223,0.3887925694687286
27.825,0.3841839372444642
27.82777777777778,0.40433231721564067
27.830555555555556,0.4077080762400348
27.833333333333332,0.48492018751877
27.836111111111112,0.31229218771095724
27.83888888888889,0.29188524908206687
27.841666666666665,0.40511260608863237
27.844444444444445,0.39187928380469533
27.84722222222222,0.3680238018981338
27.85,0.38338287347424477
27.852777777777778,0.24220934986911197
27.855555555555554,0.33169897365894124
27.858333333333334,0.32502820040243974
27.86111111111111,0.17794668179133832
27.863888888888887,0.18019792686613284
27.866666666666667,0.3009666424200379
27.869444444444444,0.23400092084167035
27.872222222222224,0.25923502395356934
27.875,0.2155716775224923
27.877777777777776,0.15145537058455755
27.880555555555556,0.21014305859807825
27.883333333333333,0.31027761274262333
27.886111111111113,0.2761906741594557
27.88888888888889,0.15976176080831805
27.891666666666666,0.09210532787064299
27.894444444444446,0.13205906052845098
27.897222222222222,0.015341212064611282
27.9,0.12994238662274787
27.90277777777778,0.19651122247622954
27.905555555555555,0.19825445198341574
27.908333333333335,0.17009361225402708
27.91111111111111,0.14836720978747123
27.913888888888888,0.016350598597840937
27.916666666666668,-0.03227480051949158
27.919444444444444,0.08165639023165426
27.92222222222222,0.07891847758017895
27.925,0.14364051010602727
27.927777777777777,0.10111601057026394
27.930555555555557,0.21096788026162652
27.933333333333334,0.03278459790805723
27.93611111111111,0.1263043091376972
27.93888888888889,0.07759542934606613
27.941666666666666,0.1183290844957553
27.944444444444443,0.13137355311986215
27.947222222222223,0.16564018498332433
27.95,0.04085753697209178
27.95277777777778,0.054292043946795585
27.955555555555556,0.07524997278783693
27.958333333333332,0.10051603905320781
27.961111111111112,0.11146922874518102
27.96388888888889,0.19471238647146244
27.966666666666665,0.2253172226337371
27.969444444444445,0.040867194443306644
27.97222222222222,0.0815663137810021
27.975,0.2064652363961719
27.977777777777778,-0.017516824808482087
27.980555555555554,0.07347419980695516
27.983333333333334,0.08042128084128436
27.98611111111111,0.0889398614800489
27.988888888888887,0.09288354351722139
27.991666666666667,-0.02591072666944054
27.994444444444444,-0.000511684481046484
27.997222222222224,-0.04591679403852341
28.0,0.0017876861393714485
28.002777777777776,0.031511915170419055
28.005555555555556,0.11971632435211964
28.008333333333333,0.060421710829888946
28.011111111111113,-0.006282257752521302
28.01388888888889,0.003667432540980925
28.016666666666666,0.08554313991916307
28.019444444444446,0.07074932461503791
28.022222222222222,0.11085592646287507
28.025,0.13749614099992502
28.02777777777778,0.08522249914302847
28.030555555555555,0.08264052531986309
28.033333333333335,0.18350572399030146
28.03611111111111,0.05983643249266649
28.038888888888888,0.1395662854172267
28.041666666666668,0.05004197768534925
28.044444444444444,0.08966686226211609
28.04722222222222,0.08153690009973391
28.05,0.11196371379017454
28.052777777777777,0.07310350132330276
28.055555555555557,0.09119095915601011
28.058333333333334,0.01659992121681332
28.06111111111111,0.12388311641680096
28.06388888888889,0.11560558996156353
28.066666666666666,0.07376935164786613
28.069444444444443,-0.028769159860139663
28.072222222222223,-0.11051357338187452
28.075,0.03955456444152568
28.07777777777778,0.06862883307600037
28.080555555555556,0.23087743752472506
28.083333333333332,0.19477808699639462
28.086111111111112,0.09658489139749665
28.08888888888889,0.140877511844601
28.091666666666665,-0.005783952628121897
28.094444444444445,0.08539315059681005
28.09722222222222,0.09860481230637491
28.1,0.10508536348655739
28.102777777777778,0.16666285232877193
28.105555555555554,0.1674741139941967
28.108333333333334,0.07652069604373839
28.11111111111111,0.14854170442908077
28.113888888888887,0.06702654620871691
28.116666666666667,0.19095488286471848
28.119444444444444,0.3106676153960631
28.122222222222224,0.4399247879498918
28.125,0.5735884608624986
28.127777777777776,0.6116461428765617
28.130555555555556,0.6801878816566971
28.133333333333333,0.7620840454641677
28.136111111111113,0.9489456268753189
28.13888888888889,1.1069362792166983
28.141666666666666,1.0931283941416854
28.144444444444446,1.1299810438036617
28.147222222222222,0.8683971093480634
28.15,0.8585005572683109
28.15277777777778,0.7064838063763721
28.155555555555555,0.532324650668552
28.158333333333335,0.33089598674176673
28.16111111111111,0.3326455289759825
28.163888888888888,0.2226738550140962
28.166666666666668,0.16200879204245353
28.169444444444444,0.09578775225730794
28.17222222222222,0.05608469184232952
28.175,0.014945616979748541
28.177777777777777,-0.07434672033365498
28.180555555555557,-0.0989143105088916
28.183333333333334,-0.15205596648135106
28.18611111111111,-0.14608469181105155
28.18888888888889,-0.24521935315088372
28.191666666666666,-0.14059215068110448
28.194444444444443,-0.06957789959516206
28.197222222222223,-0.04626312504214687
28.2,-0.07973032576598114
28.20277777777778,-0.026953604102206034
28.205555555555556,0.04473898398000961
28.208333333333332,-0.020851322692850675
28.211111111111112,-0.07438278493013475
28.21388888888889,-0.007079121406838203
28.216666666666665,0.0021792488336388888
28.219444444444445,0.08844980469150207
28.22222222222222,0.010459645030431564
28.225,0.0745770392859427
28.227777777777778,0.043162559418360634
28.230555555555554,0.13410283936746334
28.233333333333334,0.18574805141685552
28.23611111111111,0.11463063038808965
28.238888888888887,0.029001148701304144
28.241666666666667,0.18619517903987756
28.244444444444444,0.1734195540296883
28.247222222222224,0.09395206245724176
28.25,-0.0688679729010937
28.252777777777776,0.10228957130672106
28.255555555555556,0.04300423701401062
28.258333333333333,0.05169924775447974
28.261111111111113,0.12633239360781306
28.26388888888889,0.21339205410668027
28.266666666666666,0.07608348423463947
28.269444444444446,0.0071285981039735935
28.272222222222222,0.12083801036844834
28.275,-0.07952010447088005
28.27777777777778,-0.006426823152695847
28.280555555555555,0.07377203658663053
28.283333333333335,0.08508792033514641
28.28611111111111,0.04328427174630027
28.288888888888888,0.06855852332381208
28.291666666666668,0.017743005952851172
28.294444444444444,-0.04789689804442899
28.29722222222222,0.0003974173511555046
28.3,0.03903369885573399
28.302777777777777,0.09453176004853184
28.305555555555557,-0.03993419612469348
28.308333333333334,0.16884395740682773
28.31111111111111,0.017577151863873104
28.31388888888889,0.042034082836889114
28.316666666666666,0.07821736327388312
28.319444444444443,0.03645050493325145
28.322222222222223,-0.004997321207762945
28.325,0.1589861966706464
28.32777777777778,0.14537426148008517
28.330555555555556,-0.009209077778447289
28.333333333333332,0.10233413055425847
28.336111111111112,0.023460029477678643
28.33888888888889,0.14768812964432326
28.341666666666665,0.15305597241947363
28.344444444444445,0.11801373112339307
28.34722222222222,0.11820556941838921
28.35,-0.02585719422723204
28.352777777777778,0.12506993024981547
28.355555555555554,-0.022747970633707384
28.358333333333334,0.11791986638066411
28.36111111111111,0.12704214099609176
28.363888888888887,0.20874403202452677
28.366666666666667,0.1247275250744856
28.369444444444444,0.19394485416192028
28.372222222222224,0.16181017092386182
28.375,0.19414891941664497
28.377777777777776,0.21466456081880603
28.380555555555556,0.2804022788978903
28.383333333333333,0.26084579970876914
28.386111111111113,0.2748603482558538
28.38888888888889,0.3223453709994004
28.391666666666666,0.3484727231939875
28.394444444444446,0.2546467525007928
28.397222222222222,0.21258920500928424
28.4,0.18269772696080888
28.40277777777778,0.2854147703815946
28.405555555555555,0.30559514054775333
28.408333333333335,0.2819153817112042
28.41111111111111,0.2547340258133498
28.413888888888888,0.24164149632227544
28.416666666666668,0.30523519714209757
28.419444444444444,0.34734000254744324
28.42222222222222,0.16833590814970278
28.425,0.32184424736827055
28.427777777777777,0.2946340384820128
28.430555555555557,0.30475151440786846
28.433333333333334,0.30541695855341466
28.43611111111111,0.21937826854937645
28.43888888888889,0.2519933435904208
28.441666666666666,0.23581852454241536
28.444444444444443,0.34028170491597853
28.447222222222223,0.20278675346707414
28.45,0.29423129187527924
28.45277777777778,0.19765895585913992
28.455555555555556,0.15816586349323197
28.458333333333332,0.16432621151238505
28.461111111111112,0.19535210578409398
28.46388888888889,0.20850740482460492
28.466666666666665,0.2484940362252122
28.469444444444445,0.18940993540923962
28.47222222222222,0.20540488452890587
28.475,0.12202439532168974
28.477777777777778,0.10993276800721957
28.480555555555554,0.13970646438710477
28.483333333333334,0.18504119311345113
28.48611111111111,0.13896231763748187
28.488888888888887,0.022462461699202102
28.491666666666667,0.12784492377600076
28.494444444444444,-0.08923388052953937
28.497222222222224,0.05973329662165992
28.5,-0.002129607363396624
28.502777777777776,0.05595334517033918
28.505555555555556,0.053350979627802955
28.508333333333333,0.09915008697569118
28.511111111111113,-0.005456934035458723
28.51388888888889,0.09012902329668021
28.516666666666666,-0.024266221030096097
28.519444444444446,0.024016196796250222
28.522222222222222,0.08864603661791967
28.525,0.011939889498017518
28.52777777777778,0.07727754902176948
28.530555555555555,-0.14480504225692117
28.533333333333335,-0.015360459413091963
28.53611111111111,0.10088044522149275
28.538888888888888,0.02731226824044658
28.541666666666668,0.03274506989402151
28.544444444444444,0.10670383861024212
28.54722222222222,0.06920275222500583
28.55,0.011172810030729813
28.552777777777777,0.0032204753554458164
28.555555555555557,-0.0014525280435050405
28.558333333333334,0.07622062801641369
28.56111111111111,0.07981531954314663
28.56388888888889,-0.004751038329341956
28.566666666666666,-0.004534874998506279
28.569444444444443,0.08370550786153089
28.572222222222223,0.00318564047093365
28.575,0.02326761449073403
28.57777777777778,0.0908343120478858
28.580555555555556,0.037796712000311254
28.583333333333332,-0.023444222837556053
28.586111111111112,0.025063558443888474
28.58888888888889,0.03763479229085975
28.591666666666665,0.11335909206232195
28.594444444444445,-0.02494865768933663
28.59722222222222,0.0502779547055726
28.6,0.05952149699371667
28.602777777777778,0.0024257199521721604
28.605555555555554,0.02241653360475803
28.608333333333334,0.056092318163949675
28.61111111111111,0.013810729066539497
28.613888888888887,0.07995994513357425
28.616666666666667,-0.007504331343354087
28.619444444444444,-0.036635507402845054
28.622222222222224,0.07606471155381905
28.625,0.023727658038371614
28.627777777777776,0.07160189638780126
28.630555555555556,0.01726379193782436
28.633333333333333,-0.048203552342960636
28.636111111111113,-0.05731079745295549
28.63888888888889,-0.004271465783699002
28.641666666666666,0.005567009619997908
28.644444444444446,0.014558648274751763
28.647222222222222,0.0493078428128843
28.65,-0.012499081845902095
28.65277777777778,0.04071422576608851
28.655555555555555,-0.16123885307732683
28.658333333333335,-0.05594013278209424
28.66111111111111,0.04072046215837895
28.663888888888888,0.09120838009429565
28.666666666666668,0.05093863289242417
28.669444444444444,0.02047187841068069
28.67222222222222,0.005519450245240837
28.675,0.003776781159702751
28.677777777777777,-0.04789283352307887
28.680555555555557,0.04076690859597464
28.683333333333334,0.1009928155705388
28.68611111111111,0.04874325386632045
28.68888888888889,0.06587284361106968
28.691666666666666,0.03664304176702343
28.694444444444443,-0.0767567167154804
28.697222222222223,-0.023471675889866164
28.7,-0.06543151169802748
28.70277777777778,-0.03283372314470065
28.705555555555556,-0.00755698068063685
28.708333333333332,-0.011629033139413058
28.711111111111112,-0.04048229439318589
28.71388888888889,0.039584173031318386
28.716666666666665,0.060670750272796184
28.719444444444445,-0.018283600881808908
28.72222222222222,0.06919106097581106
28.725,0.1302873875818654
28.727777777777778,0.05018303543571966
28.730555555555554,-0.013013427283423125
28.733333333333334,0.010092493912019183
28.73611111111111,-0.003713682664197325
28.738888888888887,0.044526837398764285
28.741666666666667,-0.028003781516774476
28.744444444444444,0.00724913212767167
28.747222222222224,-0.07960024182931981
28.75,0.10715459918023779
28.752777777777776,-0.03649178530313617
28.755555555555556,-0.1002467210795584
28.758333333333333,-0.053549812322240875
28.761111111111113,0.10004366866425743
28.76388888888889,-0.015777212248540964
28.766666666666666,-0.03485781567283995
28.769444444444446,0.1293745982939385
28.772222222222222,-0.06986743033208985
28.775,-0.09515795502963038
28.77777777777778,0.03980481267243415
28.780555555555555,0.003602073112842034
28.783333333333335,-0.014109394178925334
28.78611111111111,-0.0022374249219948156
28.788888888888888,-0.009460926147612826
28.791666666666668,-0.08941311323021156
28.794444444444444,0.010791240078508076
28.79722222222222,0.05718991661676008
28.8,0.04822099080782298
28.802777777777777,-0.03827052857518733
28.805555555555557,0.04678046045634813
28.808333333333334,-0.01795476508657564
28.81111111111111,0.043444450890777815
28.81388888888889,-0.021324135181791132
28.816666666666666,-0.002625532518078108
28.819444444444443,0.02761042879284294
28.822222222222223,0.009627422285530757
28.825,0.06085171867433062
28.82777777777778,0.02526428439387072
28.830555555555556,0.08883630926738209
28.833333333333332,-0.05576337621693046
28.836111111111112,-0.09199677808557777
28.83888888888889,-0.054004037645967576
28.841666666666665,0.14624222518150248
28.844444444444445,-0.05130001890071202
28.84722222222222,-0.01879809998368047
28.85,0.0984145361180266
28.852777777777778,0.069009598609372
28.855555555555554,-0.040358296964907836
28.858333333333334,-0.01471639242511795
28.86111111111111,0.019058933286432336
28.863888888888887,-0.02554812263335844
28.866666666666667,0.06449141941746198
28.869444444444444,0.04138916267897641
28.872222222222224,-0.09117422474360362
28.875,0.007930814572824567
28.877777777777776,0.03019346447312503
28.880555555555556,-0.06331109619867899
28.883333333333333,0.08709782903294082
28.886111111111113,0.12891892906760768
28.88888888888889,0.01562249683130908
28.891666666666666,-0.07676873081890948
28.894444444444446,-0.018856469171048287
28.897222222222222,0.0285771809038134
28.9,0.19917796025120443
28.90277777777778,-0.006430863079139745
28.905555555555555,0.04042206186793229
28.908333333333335,0.05276952380548948
28.91111111111111,0.008232383685344652
28.913888888888888,0.10471402998891313
28.916666666666668,0.14454442749505175
28.919444444444444,0.05820218453238601
28.92222222222222,0.17155414440102182
28.925,0.08750550049265471
28.927777777777777,0.14276480768267033
28.930555555555557,0.1239455349143676
28.933333333333334,0.0775572570629784
28.93611111111111,-0.02669643976203384
28.93888888888889,0.09875253066161231
28.941666666666666,0.07352153229043759
28.944444444444443,0.06643889055834959
28.947222222222223,0.0796255372935357
28.95,0.008570980674301443
28.95277777777778,-0.04229434636420079
28.955555555555556,-0.1454761987971327
28.958333333333332,0.03809756947586332
28.961111111111112,0.022320633666473057
28.96388888888889,-0.04313368115776241
28.966666666666665,0.0878716944723807
28.969444444444445,-0.06467966350949748
28.97222222222222,-0.016591551588685534
28.975,-0.06758691355918985
28.977777777777778,-0.01231690542938279
28.980555555555554,0.008691614154557312
28.983333333333334,0.08479209335875418
28.98611111111111,0.08680364967038541
28.988888888888887,0.04057553232992501
28.991666666666667,-0.08464643966472876
28.994444444444444,-0.07018608186442991
28.997222222222224,-0.1277595206430738
29.0,-0.014615604145391394
29.002777777777776,-0.001026468321810801
29.005555555555556,0.050871083157038414
29.008333333333333,-0.0017592247773542125
29.011111111111113,-0.01856389583385257
29.01388888888889,-0.11682752005487097
29.016666666666666,-0.17465301699726393
29.019444444444446,-0.09658017553798873
29.022222222222222,-0.05144531633280201
29.025,0.007036793441933184
29.02777777777778,-0.16722718642729217
29.030555555555555,-0.06358549001238109
29.033333333333335,-0.2045216180518305
29.03611111111111,-0.07549739198803049
29.038888888888888,-0.15834233415644608
29.041666666666668,-0.05115705802765516
29.044444444444444,0.010300203463913436
29.04722222222222,-0.028716975262796526
29.05,-0.024950966987936543
29.052777777777777,-0.07001708353357973
29.055555555555557,-0.01288087290270553
29.058333333333334,-0.10899697016611462
29.06111111111111,-0.059280666001015336
29.06388888888889,0.07228521509925713
29.066666666666666,0.07839750485746141
29.069444444444443,-0.11290176080663256
29.072222222222223,0.014968393332533077
29.075,0.07484407692764423
29.07777777777778,0.1223685615416689
29.080555555555556,0.3575628840747114
29.083333333333332,0.3910747400303858
29.086111111111112,0.5740476348612034
29.08888888888889,0.7190488226205106
29.091666666666665,0.7704508642891077
29.094444444444445,0.9907099542441787
29.09722222222222,1.1068617927963436
29.1,1.037998150025042
29.102777777777778,0.9806896540395498
29.105555555555554,0.91850391316601
29.108333333333334,0.8714128139809628
29.11111111111111,0.6513572502430073
29.113888888888887,0.3996341735579164
29.116666666666667,0.26663287957863224
29.119444444444444,0.1988871223065707
29.122222222222224,0.07111482224581828
29.125,0.1450115806930642
29.127777777777776,-0.06421985792080928
29.130555555555556,-0.05586132504680623
29.133333333333333,-0.12451942975478353
29.136111111111113,-0.11669063185230111
29.13888888888889,-0.2889791559995158
29.141666666666666,-0.2850278725226906
29.144444444444446,-0.13590624280569275
29.147222222222222,-0.30012258061600056
29.15,-0.252275810967037
29.15277777777778,-0.38405204109132834
29.155555555555555,-0.40904338234497084
29.158333333333335,-0.32722764068438026
29.16111111111111,-0.23876123175175962
29.163888888888888,-0.19176867870972292
29.166666666666668,-0.024850122112255194
29.169444444444444,-0.012678857337120653
29.17222222222222,-0.0641413521800002
29.175,-0.1401570594784889
29.177777777777777,-0.06584082839911982
29.180555555555557,-0.10328134708011161
29.183333333333334,0.08105094969228492
29.18611111111111,-0.009940704278376884
29.18888888888889,0.046741157417963905
29.191666666666666,-0.03965193913280661
29.194444444444443,-0.07267960428089927
29.197222222222223,0.05178672121845966
29.2,-0.18936742380773605
29.20277777777778,-0.0396026147642294
29.205555555555556,-0.09039851250091815
29.208333333333332,-0.012794361464619305
29.211111111111112,-0.12029427671298437
29.21388888888889,-0.13265743147270032
29.216666666666665,0.01731996310656435
29.219444444444445,-0.009811270418940733
29.22222222222222,0.02294042925858138
29.225,-0.0012502489502761796
29.227777777777778,0.05406053500514327
29.230555555555554,-0.04648202937997855
29.233333333333334,-0.06122776716205723
29.23611111111111,-1.856386848708702e-05
29.238888888888887,-0.08427450942740783
29.241666666666667,0.07368093027701078
29.244444444444444,-0.20919330262224695
29.247222222222224,-0.0071409924240538256
29.25,-0.01447910923136117
29.252777777777776,-0.15688036407189843
29.255555555555556,-0.16845686025479442
29.258333333333333,-0.08508831509343612
29.261111111111113,0.09819221094962144
29.26388888888889,-0.04122555162274189
29.266666666666666,-0.040860827121402224
29.269444444444446,-0.10973125850565364
29.272222222222222,-0.17278309928359115
29.275,-0.15477413003789092
29.27777777777778,-0.012515155843375737
29.280555555555555,-0.057592830741091866
29.283333333333335,-0.016832360892565994
29.28611111111111,-0.007390156244278329
29.288888888888888,-0.06001721201891847
29.291666666666668,0.028467344852559306
29.294444444444444,-0.0020229552997747535
29.29722222222222,-0.037332960027824796
29.3,-0.040814551801687055
29.302777777777777,0.07962275901866868
29.305555555555557,-0.014097232357165125
29.308333333333334,-0.07375883222324739
29.31111111111111,0.0011113270573740366
29.31388888888889,0.07286878787070737
29.316666666666666,-0.02579060749648031
29.319444444444443,-0.07710276640616921
29.322222222222223,0.1263266971788145
29.325,0.10235720624995047
29.32777777777778,0.1682536448980456
29.330555555555556,0.13834469449972095
29.333333333333332,-0.08095468118512635
29.336111111111112,0.09761219148461144
29.33888888888889,0.08665116219908998
29.341666666666665,0.14191909750667386
29.344444444444445,0.09445075313806438
29.34722222222222,0.14224351871949897
29.35,0.18735113291500252
29.352777777777778,0.14921799898922972
29.355555555555554,0.162533056886066
29.358333333333334,0.1842535579182015
29.36111111111111,0.18857923192244408
29.363888888888887,0.22101722389593786
29.366666666666667,0.3047207294367828
29.369444444444444,0.20042113611762724
29.372222222222224,0.2023647577615418
29.375,0.06514979856086253
29.377777777777776,0.1925986468780995
29.380555555555556,0.20875166657693459
29.383333333333333,0.23079764503103117
29.386111111111113,0.18471382163717842
29.38888888888889,0.21823314201950814
29.391666666666666,0.1526379247424748
29.394444444444446,0.245587156636451
29.397222222222222,0.16486815199825072
29.4,0.24006224197806236
29.40277777777778,0.21434671850888115
29.405555555555555,0.23454028572286775
29.408333333333335,0.2530785535440468
29.41111111111111,0.06401525409341621
29.413888888888888,0.20819518210284613
29.416666666666668,0.08913004234537181
29.419444444444444,0.11747711632951367
29.42222222222222,0.16027261359187375
29.425,0.1781568703175302
29.427777777777777,0.04108876088772969
29.430555555555557,0.011144788282547162
29.433333333333334,0.07923402951845424
29.43611111111111,0.034988836254601086
29.43888888888889,-0.0693310719798361
29.441666666666666,0.0044130411904115124
29.444444444444443,0.09710418163369819
29.447222222222223,0.04566155290746392
29.45,0.00401713649784447
29.45277777777778,0.05533498618394025
29.455555555555556,-0.07122000831312772
29.458333333333332,-0.075826323625368
29.461111111111112,0.021794766246496858
29.46388888888889,0.026703377536700476
29.466666666666665,-0.1728927524441873
29.469444444444445,-0.021210791343820562
29.47222222222222,-0.10836709019927232
29.475,-0.0038804711142857995
29.477777777777778,-0.10665169371673411
29.480555555555554,-0.1144496157024005
29.483333333333334,-0.12013823601708316
29.48611111111111,-0.028863215797760182
29.488888888888887,-0.017587375358067668
29.491666666666667,-0.10647627480604016
29.494444444444444,-0.028986448723200192
29.497222222222224,-0.03397672972911406
29.5,-0.009531073109414243
29.502777777777776,-0.1724343194937103
29.505555555555556,0.04550040285041329
29.508333333333333,0.06708901625611163
29.511111111111113,-0.031646507220818444
29.51388888888889,-0.1555271790887932
29.516666666666666,-0.09319669439241762
29.519444444444446,-0.07437007382753011
29.522222222222222,-0.14195565171802307
29.525,-0.14604484711678734
29.52777777777778,-0.06094691020047416
29.530555555555555,-0.02377152347198396
29.533333333333335,-0.07957902410327149
29.53611111111111,-0.0564616492412734
29.538888888888888,-0.0384359821690586
29.541666666666668,-0.12936153162933128
29.544444444444444,-0.053521667171873254
29.54722222222222,-0.04480858251053227
29.55,-0.08683226817769851
29.552777777777777,-0.06485670328962365
29.555555555555557,-0.05159533045392301
29.558333333333334,-0.024187060162532102
29.56111111111111,-0.042159385720803154
29.56388888888889,-0.11507871647461049
29.566666666666666,-0.08173040296360863
29.569444444444443,-0.10027588595493121
29.572222222222223,-0.13084381527411418
29.575,-0.12090277506410607
29.57777777777778,-0.11863367389983744
29.580555555555556,-0.16189081261581326
29.583333333333332,-0.07222706574289531
29.586111111111112,-0.009822949756380928
29.58888888888889,-0.10208478195126724
29.591666666666665,0.03291800946206663
29.594444444444445,-0.058418443394489546
29.59722222222222,-0.05515097856155576
29.6,-0.09504120562061916
29.602777777777778,-0.061059901112626075
29.605555555555554,-0.016292878301389386
29.608333333333334,-0.09982859487027523
29.61111111111111,-0.04432570794370355
29.613888888888887,-0.09051312347232744
29.616666666666667,-0.13719515304551486
29.619444444444444,-0.08411029218192856
29.622222222222224,-0.015446553463260317
29.625,-0.08654587220250226
29.627777777777776,0.042207368915433946
29.630555555555556,-0.05859715410151679
29.633333333333333,-0.05946367216996393
29.636111111111113,-0.06540611022853904
29.63888888888889,-0.005847210167149189
29.641666666666666,-0.0607685011567291
29.644444444444446,-0.1678738977376009
29.647222222222222,-0.04238066173763228
29.65,-0.06634644367351132
29.65277777777778,-0.11123517549510101
29.655555555555555,-0.07311289160931612
29.658333333333335,0.01799592067826629
29.66111111111111,-0.011071024135934186
29.663888888888888,-0.0010175794917138235
29.666666666666668,0.011008823908054133
29.669444444444444,-0.1549006428529954
29.67222222222222,-0.13593562825668856
29.675,-0.1505993163308415
29.677777777777777,-0.12631126122595795
29.680555555555557,0.08138412028840256
29.683333333333334,0.028864003653897467
29.68611111111111,-0.021908663008958093
29.68888888888889,-0.1277314467948305
29.691666666666666,-0.03811026990442878
29.694444444444443,-0.08105720537192078
29.697222222222223,0.016125872916034976
29.7,-0.050576661476443054
29.70277777777778,-0.05518429944561981
29.705555555555556,0.000754280261531428
29.708333333333332,-0.005604634060451016
29.711111111111112,0.09471324893554786
29.71388888888889,0.0026976975215848567
29.716666666666665,-0.041361529432555805
29.719444444444445,0.10633384618174699
29.72222222222222,0.06258877087671419
29.725,0.11427515229200733
29.727777777777778,0.04968436963014565
29.730555555555554,0.029134916849567608
29.733333333333334,-0.03763041171573042
29.73611111111111,-0.04043032635345578
29.738888888888887,0.06447656850227532
29.741666666666667,0.09109913410774145
29.744444444444444,0.0946205265191786
29.747222222222224,-0.022611313265258816
29.75,0.12739548322804764
29.752777777777776,-0.086273581699223
29.755555555555556,-0.04396508681029836
29.758333333333333,0.01539441537461178
29.761111111111113,-0.005133985188560983
29.76388888888889,0.06946047646005774
29.766666666666666,0.03362451786222592
29.769444444444446,0.12202824761075257
29.772222222222222,-0.048936415077091455
29.775,-0.04715733412232274
29.77777777777778,-0.0966916319268741
29.780555555555555,-0.08374982317828897
29.783333333333335,-0.06555236695575567
29.78611111111111,-0.04243969616999633
29.788888888888888,-0.13028099278371355
29.791666666666668,-0.08043506247825405
29.794444444444444,-0.19949380358524463
29.79722222222222,-0.07821648687853656
29.8,-0.014513601334655374
29.802777777777777,-0.09586976414888293
29.805555555555557,0.025710039722984968
29.808333333333334,0.0034627641858446453
29.81111111111111,-0.10675405337883649
29.81388888888889,-0.06741552211735607
29.816666666666666,-0.14009550229490048
29.819444444444443,-0.15851285428455064
29.822222222222223,-0.07641337070571577
29.825,-0.18728914022883786
29.82777777777778,-0.03770059868595774
29.830555555555556,-0.08611371258789
29.833333333333332,-0.13314043090117542
29.836111111111112,-0.25658089706825
29.83888888888889,-0.19561566060472274
29.841666666666665,-0.008262449103800307
29.844444444444445,-0.07834936829407534
29.84722222222222,-0.08542563533723888
29.85,0.030464871966508586
29.852777777777778,-0.15846073674119104
29.855555555555554,-0.02814384328297853
29.858333333333334,-0.06244154392024325
29.86111111111111,0.024269652448254922
29.863888888888887,-0.03259759502859355
29.866666666666667,-0.05317809147844404
29.869444444444444,-0.19384398693650198
29.872222222222224,-0.16544455327570656
29.875,-0.23073960856576486
29.877777777777776,-0.06486983126227724
29.880555555555556,0.019855360101012937
29.883333333333333,0.06228234363567661
29.886111111111113,0.2629753019155325
29.88888888888889,0.25763722940700773
29.891666666666666,0.4471486809458609
29.894444444444446,0.6111982861732279
29.897222222222222,0.6703699538584619
29.9,0.820860623811753
29.90277777777778,0.9997877454081042
29.905555555555555,1.080170122897186
29.908333333333335,1.05674967779837
29.91111111111111,0.9501090759099609
29.913888888888888,0.8466768518805441
29.916666666666668,0.68940246570491
29.919444444444444,0.7052952456555317
29.92222222222222,0.48468353611885784
29.925,0.3455552775332383
29.927777777777777,0.28291799075450547
29.930555555555557,0.03351642833831583
29.933333333333334,-0.009180660827301682
29.93611111111111,0.0059452083343570356
29.93888888888889,-0.06584216454753278
29.941666666666666,-0.12760754002197405
29.944444444444443,-0.25065166834226904
29.947222222222223,-0.24546435324805319
29.95,-0.32405460441847433
29.95277777777778,-0.27553418276179287
29.955555555555556,-0.3509710524218545
29.958333333333332,-0.4100617846967691
29.961111111111112,-0.30563300594149045
29.96388888888889,-0.2865288033048029
29.966666666666665,-0.1605900220687425
29.969444444444445,-0.23431730539157683
29.97222222222222,-0.21672283777994078
29.975,-0.23012948523596594
29.977777777777778,-0.11702055416236883
29.980555555555554,-0.037679376128207424
29.983333333333334,-0.06501789897933023
29.98611111111111,-0.0615756545076486
29.988888888888887,-0.013296047738408319
29.991666666666667,-0.0771206379307321
29.994444444444444,-0.08061975639347767
29.997222222222224,-0.035676423281496554
